source_id,target_id,edge_type,source_file
97df5d7a-068b-56ad-955a-357c73d55853,9929163d-e5bd-5c39-b35d-a06dd3596822,contains,Views.sysmlx
97df5d7a-068b-56ad-955a-357c73d55853,9929163d-e5bd-5c39-b35d-a06dd3596822,owns,Views.sysmlx
9929163d-e5bd-5c39-b35d-a06dd3596822,8072011e-ebf8-53d1-99ec-61905909e2fe,contains,Views.sysmlx
8072011e-ebf8-53d1-99ec-61905909e2fe,33aeb521-3a93-504d-8fc9-271959c7f2ce,contains,Views.sysmlx
8072011e-ebf8-53d1-99ec-61905909e2fe,33aeb521-3a93-504d-8fc9-271959c7f2ce,owns,Views.sysmlx
33aeb521-3a93-504d-8fc9-271959c7f2ce,bb4d3186-47ea-55f2-99d0-c9ca319e1079,contains,Views.sysmlx
8072011e-ebf8-53d1-99ec-61905909e2fe,86dcffc6-bc60-5a80-9b07-0b1a051af47f,contains,Views.sysmlx
8072011e-ebf8-53d1-99ec-61905909e2fe,86dcffc6-bc60-5a80-9b07-0b1a051af47f,imports,Views.sysmlx
8072011e-ebf8-53d1-99ec-61905909e2fe,08acfb84-2e7f-5522-b4f6-4ff9c26d7580,contains,Views.sysmlx
8072011e-ebf8-53d1-99ec-61905909e2fe,08acfb84-2e7f-5522-b4f6-4ff9c26d7580,imports,Views.sysmlx
8072011e-ebf8-53d1-99ec-61905909e2fe,7110fff5-62ee-5497-bb9a-4c136349d580,contains,Views.sysmlx
8072011e-ebf8-53d1-99ec-61905909e2fe,7110fff5-62ee-5497-bb9a-4c136349d580,imports,Views.sysmlx
8072011e-ebf8-53d1-99ec-61905909e2fe,bd6f5b0f-4903-5c04-9e04-82c8597579a5,contains,Views.sysmlx
8072011e-ebf8-53d1-99ec-61905909e2fe,bd6f5b0f-4903-5c04-9e04-82c8597579a5,imports,Views.sysmlx
8072011e-ebf8-53d1-99ec-61905909e2fe,b16ffb42-7647-5a46-a1b7-f61301fab8d1,contains,Views.sysmlx
8072011e-ebf8-53d1-99ec-61905909e2fe,b16ffb42-7647-5a46-a1b7-f61301fab8d1,owns,Views.sysmlx
b16ffb42-7647-5a46-a1b7-f61301fab8d1,663e80b4-6101-559b-b7c6-8a61ce7f8fe5,contains,Views.sysmlx
663e80b4-6101-559b-b7c6-8a61ce7f8fe5,12a9321e-e80f-56f9-83c6-10e39ce055cd,contains,Views.sysmlx
663e80b4-6101-559b-b7c6-8a61ce7f8fe5,12a9321e-e80f-56f9-83c6-10e39ce055cd,specializes,Views.sysmlx
663e80b4-6101-559b-b7c6-8a61ce7f8fe5,5fa2b252-483d-5c71-977d-abf42623326b,contains,Views.sysmlx
663e80b4-6101-559b-b7c6-8a61ce7f8fe5,5fa2b252-483d-5c71-977d-abf42623326b,has_feature,Views.sysmlx
5fa2b252-483d-5c71-977d-abf42623326b,54b73776-2051-5b62-9f65-b6beb4bbf084,contains,Views.sysmlx
5fa2b252-483d-5c71-977d-abf42623326b,54b73776-2051-5b62-9f65-b6beb4bbf084,has_view,Views.sysmlx
54b73776-2051-5b62-9f65-b6beb4bbf084,f757d288-44b6-537d-aa99-a7948af3e0be,contains,Views.sysmlx
54b73776-2051-5b62-9f65-b6beb4bbf084,f757d288-44b6-537d-aa99-a7948af3e0be,redefines,Views.sysmlx
f757d288-44b6-537d-aa99-a7948af3e0be,54b73776-2051-5b62-9f65-b6beb4bbf084,redefines,Views.sysmlx
54b73776-2051-5b62-9f65-b6beb4bbf084,457b3d01-d564-598c-bd39-de6a5dca74d1,contains,Views.sysmlx
54b73776-2051-5b62-9f65-b6beb4bbf084,457b3d01-d564-598c-bd39-de6a5dca74d1,typed_by,Views.sysmlx
457b3d01-d564-598c-bd39-de6a5dca74d1,54b73776-2051-5b62-9f65-b6beb4bbf084,typed_by,Views.sysmlx
663e80b4-6101-559b-b7c6-8a61ce7f8fe5,520e3522-e09c-5906-bc35-1eb51e1f72a3,contains,Views.sysmlx
663e80b4-6101-559b-b7c6-8a61ce7f8fe5,520e3522-e09c-5906-bc35-1eb51e1f72a3,has_feature,Views.sysmlx
520e3522-e09c-5906-bc35-1eb51e1f72a3,8b18711a-0270-5a2d-95e9-9fc8ca0af484,contains,Views.sysmlx
520e3522-e09c-5906-bc35-1eb51e1f72a3,8b18711a-0270-5a2d-95e9-9fc8ca0af484,has_view,Views.sysmlx
8b18711a-0270-5a2d-95e9-9fc8ca0af484,76bf2609-6e66-5849-aad1-e2445f109b59,contains,Views.sysmlx
8b18711a-0270-5a2d-95e9-9fc8ca0af484,76bf2609-6e66-5849-aad1-e2445f109b59,typed_by,Views.sysmlx
76bf2609-6e66-5849-aad1-e2445f109b59,8b18711a-0270-5a2d-95e9-9fc8ca0af484,typed_by,Views.sysmlx
8b18711a-0270-5a2d-95e9-9fc8ca0af484,260c8fe8-42af-5dd0-a6cf-8dc271c17bbb,contains,Views.sysmlx
8b18711a-0270-5a2d-95e9-9fc8ca0af484,260c8fe8-42af-5dd0-a6cf-8dc271c17bbb,owns,Views.sysmlx
260c8fe8-42af-5dd0-a6cf-8dc271c17bbb,7a071883-07f6-5a28-a901-86b49565749f,contains,Views.sysmlx
7a071883-07f6-5a28-a901-86b49565749f,5ff69933-7eb0-509c-bce7-cc10e79a293c,contains,Views.sysmlx
7a071883-07f6-5a28-a901-86b49565749f,5ff69933-7eb0-509c-bce7-cc10e79a293c,owns,Views.sysmlx
5ff69933-7eb0-509c-bce7-cc10e79a293c,047ec19e-df00-5dc0-a8c7-77e26c9feecf,contains,Views.sysmlx
7a071883-07f6-5a28-a901-86b49565749f,a94f39d7-b438-501e-b9b0-2f47e1361403,contains,Views.sysmlx
7a071883-07f6-5a28-a901-86b49565749f,a94f39d7-b438-501e-b9b0-2f47e1361403,owns,Views.sysmlx
a94f39d7-b438-501e-b9b0-2f47e1361403,7e1e634e-9c44-5fe3-b106-66cd1d5a120b,contains,Views.sysmlx
8b18711a-0270-5a2d-95e9-9fc8ca0af484,43a565ff-1d06-5006-b1eb-3259b4a4a89e,contains,Views.sysmlx
8b18711a-0270-5a2d-95e9-9fc8ca0af484,43a565ff-1d06-5006-b1eb-3259b4a4a89e,subsets,Views.sysmlx
43a565ff-1d06-5006-b1eb-3259b4a4a89e,96475db8-f248-5618-91d1-33d0f6dd4faf,subsets,Views.sysmlx
43a565ff-1d06-5006-b1eb-3259b4a4a89e,8b18711a-0270-5a2d-95e9-9fc8ca0af484,subsets,Views.sysmlx
8b18711a-0270-5a2d-95e9-9fc8ca0af484,320b35a1-cb91-5e03-837b-5bee74a797dc,contains,Views.sysmlx
8b18711a-0270-5a2d-95e9-9fc8ca0af484,320b35a1-cb91-5e03-837b-5bee74a797dc,owns,Views.sysmlx
320b35a1-cb91-5e03-837b-5bee74a797dc,1f8b8425-3823-5692-a98a-65a7d4cfa607,contains,Views.sysmlx
663e80b4-6101-559b-b7c6-8a61ce7f8fe5,421f3ca0-8ba0-52f0-89e0-7e9449fc9814,contains,Views.sysmlx
663e80b4-6101-559b-b7c6-8a61ce7f8fe5,421f3ca0-8ba0-52f0-89e0-7e9449fc9814,has_feature,Views.sysmlx
421f3ca0-8ba0-52f0-89e0-7e9449fc9814,9efdba4a-ed23-5509-815f-cc72d0d4f9c1,contains,Views.sysmlx
421f3ca0-8ba0-52f0-89e0-7e9449fc9814,9efdba4a-ed23-5509-815f-cc72d0d4f9c1,has_rendering,Views.sysmlx
9efdba4a-ed23-5509-815f-cc72d0d4f9c1,eef4e34c-e6eb-5735-a3b9-736a28890c7b,contains,Views.sysmlx
9efdba4a-ed23-5509-815f-cc72d0d4f9c1,eef4e34c-e6eb-5735-a3b9-736a28890c7b,typed_by,Views.sysmlx
eef4e34c-e6eb-5735-a3b9-736a28890c7b,9efdba4a-ed23-5509-815f-cc72d0d4f9c1,typed_by,Views.sysmlx
9efdba4a-ed23-5509-815f-cc72d0d4f9c1,484abed5-955b-591f-967b-40e396fccfe6,contains,Views.sysmlx
9efdba4a-ed23-5509-815f-cc72d0d4f9c1,484abed5-955b-591f-967b-40e396fccfe6,owns,Views.sysmlx
484abed5-955b-591f-967b-40e396fccfe6,810edfc3-0f02-56ce-b0c0-67dfa20c1238,contains,Views.sysmlx
810edfc3-0f02-56ce-b0c0-67dfa20c1238,3b7f785c-78ba-5290-938b-0302d12c7bd4,contains,Views.sysmlx
810edfc3-0f02-56ce-b0c0-67dfa20c1238,3b7f785c-78ba-5290-938b-0302d12c7bd4,owns,Views.sysmlx
3b7f785c-78ba-5290-938b-0302d12c7bd4,506c1ff7-2d9a-5b1b-87a1-ef2248015ae6,contains,Views.sysmlx
810edfc3-0f02-56ce-b0c0-67dfa20c1238,1f7923cf-69cc-5e57-be92-cffc4f238d1f,contains,Views.sysmlx
810edfc3-0f02-56ce-b0c0-67dfa20c1238,1f7923cf-69cc-5e57-be92-cffc4f238d1f,owns,Views.sysmlx
1f7923cf-69cc-5e57-be92-cffc4f238d1f,849eb38e-0f9a-5c24-b43f-aa5dd58a107f,contains,Views.sysmlx
9efdba4a-ed23-5509-815f-cc72d0d4f9c1,949dd0b9-fa79-5e30-87bb-1a5b176e1a5d,contains,Views.sysmlx
9efdba4a-ed23-5509-815f-cc72d0d4f9c1,949dd0b9-fa79-5e30-87bb-1a5b176e1a5d,owns,Views.sysmlx
949dd0b9-fa79-5e30-87bb-1a5b176e1a5d,33c51d2d-d298-54ae-b019-59a73667f4ac,contains,Views.sysmlx
663e80b4-6101-559b-b7c6-8a61ce7f8fe5,4da258ad-96b6-5f40-b808-d26721a29ec1,contains,Views.sysmlx
663e80b4-6101-559b-b7c6-8a61ce7f8fe5,4da258ad-96b6-5f40-b808-d26721a29ec1,has_feature,Views.sysmlx
4da258ad-96b6-5f40-b808-d26721a29ec1,4261a3d0-3ba0-58d3-a37e-6e379253214f,contains,Views.sysmlx
4da258ad-96b6-5f40-b808-d26721a29ec1,4261a3d0-3ba0-58d3-a37e-6e379253214f,has_viewpoint,Views.sysmlx
4261a3d0-3ba0-58d3-a37e-6e379253214f,09c8602f-0947-5797-9822-5c5c8c91e45a,contains,Views.sysmlx
4261a3d0-3ba0-58d3-a37e-6e379253214f,09c8602f-0947-5797-9822-5c5c8c91e45a,typed_by,Views.sysmlx
09c8602f-0947-5797-9822-5c5c8c91e45a,4261a3d0-3ba0-58d3-a37e-6e379253214f,typed_by,Views.sysmlx
4261a3d0-3ba0-58d3-a37e-6e379253214f,5332ed75-b0e9-55af-a05e-84d03271e5d6,contains,Views.sysmlx
4261a3d0-3ba0-58d3-a37e-6e379253214f,5332ed75-b0e9-55af-a05e-84d03271e5d6,owns,Views.sysmlx
5332ed75-b0e9-55af-a05e-84d03271e5d6,66a3e112-52c4-5370-a654-699081748ac9,contains,Views.sysmlx
66a3e112-52c4-5370-a654-699081748ac9,46a035d3-a09a-5dba-8e79-2179d3768d64,contains,Views.sysmlx
66a3e112-52c4-5370-a654-699081748ac9,46a035d3-a09a-5dba-8e79-2179d3768d64,owns,Views.sysmlx
46a035d3-a09a-5dba-8e79-2179d3768d64,47504705-29e3-59ef-9b76-25c5d41948e3,contains,Views.sysmlx
66a3e112-52c4-5370-a654-699081748ac9,7c02594d-aeb9-57cb-8e64-140db9d1874a,contains,Views.sysmlx
66a3e112-52c4-5370-a654-699081748ac9,7c02594d-aeb9-57cb-8e64-140db9d1874a,owns,Views.sysmlx
7c02594d-aeb9-57cb-8e64-140db9d1874a,3227c371-bfaf-57fb-a00c-e0893125346b,contains,Views.sysmlx
4261a3d0-3ba0-58d3-a37e-6e379253214f,a4ccedd5-c05d-5ea8-8888-fafbd7855f53,contains,Views.sysmlx
4261a3d0-3ba0-58d3-a37e-6e379253214f,a4ccedd5-c05d-5ea8-8888-fafbd7855f53,subsets,Views.sysmlx
a4ccedd5-c05d-5ea8-8888-fafbd7855f53,dd25803c-d36c-54dd-adc6-e2672c72734c,subsets,Views.sysmlx
a4ccedd5-c05d-5ea8-8888-fafbd7855f53,4261a3d0-3ba0-58d3-a37e-6e379253214f,subsets,Views.sysmlx
4261a3d0-3ba0-58d3-a37e-6e379253214f,78e8182c-5f1e-5e29-9b38-17687f03b584,contains,Views.sysmlx
4261a3d0-3ba0-58d3-a37e-6e379253214f,78e8182c-5f1e-5e29-9b38-17687f03b584,subsets,Views.sysmlx
78e8182c-5f1e-5e29-9b38-17687f03b584,4261a3d0-3ba0-58d3-a37e-6e379253214f,subsets,Views.sysmlx
4261a3d0-3ba0-58d3-a37e-6e379253214f,cbeeb9c4-3de5-5506-862d-f60b7ea21183,contains,Views.sysmlx
4261a3d0-3ba0-58d3-a37e-6e379253214f,cbeeb9c4-3de5-5506-862d-f60b7ea21183,owns,Views.sysmlx
cbeeb9c4-3de5-5506-862d-f60b7ea21183,05443bac-c458-539e-a768-a8e15400ebe9,contains,Views.sysmlx
663e80b4-6101-559b-b7c6-8a61ce7f8fe5,9ae1529e-5787-5109-ae2e-0372ba338ee4,contains,Views.sysmlx
663e80b4-6101-559b-b7c6-8a61ce7f8fe5,9ae1529e-5787-5109-ae2e-0372ba338ee4,has_feature,Views.sysmlx
9ae1529e-5787-5109-ae2e-0372ba338ee4,d3721e64-9fd6-57e5-bfa9-6c83d47ef278,contains,Views.sysmlx
9ae1529e-5787-5109-ae2e-0372ba338ee4,d3721e64-9fd6-57e5-bfa9-6c83d47ef278,satisfies,Views.sysmlx
d3721e64-9fd6-57e5-bfa9-6c83d47ef278,477770fb-c9e3-5e4c-b43d-162b5c2d4be3,contains,Views.sysmlx
d3721e64-9fd6-57e5-bfa9-6c83d47ef278,477770fb-c9e3-5e4c-b43d-162b5c2d4be3,has_subject,Views.sysmlx
477770fb-c9e3-5e4c-b43d-162b5c2d4be3,6971129c-38f2-5745-8e63-d31d2f2b9acd,contains,Views.sysmlx
6971129c-38f2-5745-8e63-d31d2f2b9acd,4bb83232-30b2-594c-90cb-bbb71c2f5d9e,contains,Views.sysmlx
6971129c-38f2-5745-8e63-d31d2f2b9acd,4bb83232-30b2-594c-90cb-bbb71c2f5d9e,has_value,Views.sysmlx
4bb83232-30b2-594c-90cb-bbb71c2f5d9e,f5e7f55f-89dc-5fcc-b750-c1f7f2eed1be,contains,Views.sysmlx
4bb83232-30b2-594c-90cb-bbb71c2f5d9e,f5e7f55f-89dc-5fcc-b750-c1f7f2eed1be,references,Views.sysmlx
f5e7f55f-89dc-5fcc-b750-c1f7f2eed1be,541bfeda-3432-5fa1-8b2e-3f00b6c8a754,contains,Views.sysmlx
f5e7f55f-89dc-5fcc-b750-c1f7f2eed1be,541bfeda-3432-5fa1-8b2e-3f00b6c8a754,has_member,Views.sysmlx
f5e7f55f-89dc-5fcc-b750-c1f7f2eed1be,576b1274-2360-5eac-868d-bb2181424e1c,contains,Views.sysmlx
f5e7f55f-89dc-5fcc-b750-c1f7f2eed1be,576b1274-2360-5eac-868d-bb2181424e1c,has_return_parameter,Views.sysmlx
576b1274-2360-5eac-868d-bb2181424e1c,e8d892d8-3354-5180-8cd4-459956222c51,contains,Views.sysmlx
d3721e64-9fd6-57e5-bfa9-6c83d47ef278,767c3bf5-0fca-5c96-920e-b71fda202d8f,contains,Views.sysmlx
d3721e64-9fd6-57e5-bfa9-6c83d47ef278,767c3bf5-0fca-5c96-920e-b71fda202d8f,owns,Views.sysmlx
767c3bf5-0fca-5c96-920e-b71fda202d8f,a4c41c29-86fb-59ab-953e-27acb81cdfaf,contains,Views.sysmlx
d3721e64-9fd6-57e5-bfa9-6c83d47ef278,3a65ad58-26e7-571b-9d2e-ac9855a63ea0,contains,Views.sysmlx
d3721e64-9fd6-57e5-bfa9-6c83d47ef278,3a65ad58-26e7-571b-9d2e-ac9855a63ea0,constrains,Views.sysmlx
3a65ad58-26e7-571b-9d2e-ac9855a63ea0,68bf925f-6085-5ced-99d7-3890bd417f94,contains,Views.sysmlx
3a65ad58-26e7-571b-9d2e-ac9855a63ea0,68bf925f-6085-5ced-99d7-3890bd417f94,has_constraint,Views.sysmlx
68bf925f-6085-5ced-99d7-3890bd417f94,90aa6195-2e81-5056-b491-1971b3168f32,contains,Views.sysmlx
68bf925f-6085-5ced-99d7-3890bd417f94,90aa6195-2e81-5056-b491-1971b3168f32,subsets,Views.sysmlx
90aa6195-2e81-5056-b491-1971b3168f32,4261a3d0-3ba0-58d3-a37e-6e379253214f,has_feature,Views.sysmlx
68bf925f-6085-5ced-99d7-3890bd417f94,48827dfa-9d51-5dfe-9e74-c1bfd1a5d06d,contains,Views.sysmlx
68bf925f-6085-5ced-99d7-3890bd417f94,48827dfa-9d51-5dfe-9e74-c1bfd1a5d06d,owns,Views.sysmlx
48827dfa-9d51-5dfe-9e74-c1bfd1a5d06d,2e1dadd6-1ce8-5769-8e52-33ad41925636,contains,Views.sysmlx
68bf925f-6085-5ced-99d7-3890bd417f94,ad1fdc1b-4e42-55d6-a284-d954dcfbe4f7,contains,Views.sysmlx
68bf925f-6085-5ced-99d7-3890bd417f94,ad1fdc1b-4e42-55d6-a284-d954dcfbe4f7,has_feature,Views.sysmlx
ad1fdc1b-4e42-55d6-a284-d954dcfbe4f7,5c13cf62-ba23-5607-a11c-2321a2c2ba5e,contains,Views.sysmlx
5c13cf62-ba23-5607-a11c-2321a2c2ba5e,6b72ed51-8da7-5ab2-9ef8-4925bdd1e899,contains,Views.sysmlx
5c13cf62-ba23-5607-a11c-2321a2c2ba5e,6b72ed51-8da7-5ab2-9ef8-4925bdd1e899,redefines,Views.sysmlx
6b72ed51-8da7-5ab2-9ef8-4925bdd1e899,5c13cf62-ba23-5607-a11c-2321a2c2ba5e,redefines,Views.sysmlx
5c13cf62-ba23-5607-a11c-2321a2c2ba5e,fbd92e7f-6d5a-516e-86fa-ac9580e3536a,contains,Views.sysmlx
5c13cf62-ba23-5607-a11c-2321a2c2ba5e,fbd92e7f-6d5a-516e-86fa-ac9580e3536a,redefines,Views.sysmlx
fbd92e7f-6d5a-516e-86fa-ac9580e3536a,5c13cf62-ba23-5607-a11c-2321a2c2ba5e,redefines,Views.sysmlx
5c13cf62-ba23-5607-a11c-2321a2c2ba5e,de0bb5b2-7e46-5b4c-b8f2-179a7b929cab,contains,Views.sysmlx
5c13cf62-ba23-5607-a11c-2321a2c2ba5e,de0bb5b2-7e46-5b4c-b8f2-179a7b929cab,has_value,Views.sysmlx
de0bb5b2-7e46-5b4c-b8f2-179a7b929cab,41751404-1693-528f-8f0c-fb9eba9c2440,contains,Views.sysmlx
de0bb5b2-7e46-5b4c-b8f2-179a7b929cab,41751404-1693-528f-8f0c-fb9eba9c2440,chains,Views.sysmlx
41751404-1693-528f-8f0c-fb9eba9c2440,43a37fe7-ca2e-5c35-a19d-ed7f2f81ec1c,contains,Views.sysmlx
41751404-1693-528f-8f0c-fb9eba9c2440,43a37fe7-ca2e-5c35-a19d-ed7f2f81ec1c,has_parameter,Views.sysmlx
43a37fe7-ca2e-5c35-a19d-ed7f2f81ec1c,d3c01d08-d06b-54f4-b1d9-58b4e57bef87,contains,Views.sysmlx
d3c01d08-d06b-54f4-b1d9-58b4e57bef87,67c0a4e0-ac38-5bb8-85e7-38252ceafc30,contains,Views.sysmlx
d3c01d08-d06b-54f4-b1d9-58b4e57bef87,67c0a4e0-ac38-5bb8-85e7-38252ceafc30,has_value,Views.sysmlx
67c0a4e0-ac38-5bb8-85e7-38252ceafc30,1e5f3651-732d-59c9-8827-8705c388f08f,contains,Views.sysmlx
67c0a4e0-ac38-5bb8-85e7-38252ceafc30,1e5f3651-732d-59c9-8827-8705c388f08f,references,Views.sysmlx
1e5f3651-732d-59c9-8827-8705c388f08f,c35c0904-c098-5d25-82ea-2c12fcf9688c,contains,Views.sysmlx
1e5f3651-732d-59c9-8827-8705c388f08f,c35c0904-c098-5d25-82ea-2c12fcf9688c,has_member,Views.sysmlx
1e5f3651-732d-59c9-8827-8705c388f08f,7ca5013f-2eeb-5007-87d1-b6d55784123e,contains,Views.sysmlx
1e5f3651-732d-59c9-8827-8705c388f08f,7ca5013f-2eeb-5007-87d1-b6d55784123e,has_return_parameter,Views.sysmlx
7ca5013f-2eeb-5007-87d1-b6d55784123e,c893ca60-f837-57de-be83-5aba0ad845bb,contains,Views.sysmlx
d3c01d08-d06b-54f4-b1d9-58b4e57bef87,49e2a636-26c2-5f68-9c8e-5f19ad326d07,contains,Views.sysmlx
d3c01d08-d06b-54f4-b1d9-58b4e57bef87,49e2a636-26c2-5f68-9c8e-5f19ad326d07,has_feature,Views.sysmlx
49e2a636-26c2-5f68-9c8e-5f19ad326d07,d8917910-9a01-53d4-89a5-b7fa2712b6d7,contains,Views.sysmlx
41751404-1693-528f-8f0c-fb9eba9c2440,02d18ebe-daba-51b3-a95a-ded70ff1f02f,contains,Views.sysmlx
41751404-1693-528f-8f0c-fb9eba9c2440,02d18ebe-daba-51b3-a95a-ded70ff1f02f,has_member,Views.sysmlx
41751404-1693-528f-8f0c-fb9eba9c2440,4a9b24b1-e7b8-51a9-8570-19f9c10516d6,contains,Views.sysmlx
41751404-1693-528f-8f0c-fb9eba9c2440,4a9b24b1-e7b8-51a9-8570-19f9c10516d6,has_return_parameter,Views.sysmlx
4a9b24b1-e7b8-51a9-8570-19f9c10516d6,fd082d37-f6bf-55d3-9cbd-c3ffd6a9aeb9,contains,Views.sysmlx
8072011e-ebf8-53d1-99ec-61905909e2fe,b474ece8-6a08-5728-a9e4-460486323378,contains,Views.sysmlx
8072011e-ebf8-53d1-99ec-61905909e2fe,b474ece8-6a08-5728-a9e4-460486323378,owns,Views.sysmlx
b474ece8-6a08-5728-a9e4-460486323378,480b9b7d-012e-5159-b60c-3711c791aaac,contains,Views.sysmlx
480b9b7d-012e-5159-b60c-3711c791aaac,e8ad460a-52a5-54a3-951d-d9cb1270dca2,contains,Views.sysmlx
480b9b7d-012e-5159-b60c-3711c791aaac,e8ad460a-52a5-54a3-951d-d9cb1270dca2,specializes,Views.sysmlx
480b9b7d-012e-5159-b60c-3711c791aaac,cd2c06ce-b082-5d10-ad53-7a9863fd91fe,contains,Views.sysmlx
480b9b7d-012e-5159-b60c-3711c791aaac,cd2c06ce-b082-5d10-ad53-7a9863fd91fe,owns,Views.sysmlx
cd2c06ce-b082-5d10-ad53-7a9863fd91fe,fdb66c96-04df-5d4f-a66c-9a5fe16233d0,contains,Views.sysmlx
480b9b7d-012e-5159-b60c-3711c791aaac,e76ef22f-0600-5bba-aea4-900575808a5b,contains,Views.sysmlx
480b9b7d-012e-5159-b60c-3711c791aaac,e76ef22f-0600-5bba-aea4-900575808a5b,has_feature,Views.sysmlx
e76ef22f-0600-5bba-aea4-900575808a5b,a14ac67a-8ea9-5728-88c9-7b9299548681,contains,Views.sysmlx
e76ef22f-0600-5bba-aea4-900575808a5b,a14ac67a-8ea9-5728-88c9-7b9299548681,has_viewpoint,Views.sysmlx
a14ac67a-8ea9-5728-88c9-7b9299548681,cc374b60-cb87-59e1-a52d-5a2d88c4c8a8,contains,Views.sysmlx
a14ac67a-8ea9-5728-88c9-7b9299548681,cc374b60-cb87-59e1-a52d-5a2d88c4c8a8,redefines,Views.sysmlx
cc374b60-cb87-59e1-a52d-5a2d88c4c8a8,a14ac67a-8ea9-5728-88c9-7b9299548681,redefines,Views.sysmlx
a14ac67a-8ea9-5728-88c9-7b9299548681,0a934c9f-3a2d-5168-b11c-c5f86e077bcc,contains,Views.sysmlx
a14ac67a-8ea9-5728-88c9-7b9299548681,0a934c9f-3a2d-5168-b11c-c5f86e077bcc,typed_by,Views.sysmlx
0a934c9f-3a2d-5168-b11c-c5f86e077bcc,a14ac67a-8ea9-5728-88c9-7b9299548681,typed_by,Views.sysmlx
480b9b7d-012e-5159-b60c-3711c791aaac,f27de1d9-c31e-531b-938a-9c467b105ef5,contains,Views.sysmlx
480b9b7d-012e-5159-b60c-3711c791aaac,f27de1d9-c31e-531b-938a-9c467b105ef5,has_subject,Views.sysmlx
f27de1d9-c31e-531b-938a-9c467b105ef5,5e2ab09a-0645-5e4e-a6cb-f2e6b9dea151,contains,Views.sysmlx
5e2ab09a-0645-5e4e-a6cb-f2e6b9dea151,bcdfa420-3e6c-5f50-8f12-6a04fc4af47e,contains,Views.sysmlx
5e2ab09a-0645-5e4e-a6cb-f2e6b9dea151,bcdfa420-3e6c-5f50-8f12-6a04fc4af47e,typed_by,Views.sysmlx
bcdfa420-3e6c-5f50-8f12-6a04fc4af47e,5e2ab09a-0645-5e4e-a6cb-f2e6b9dea151,typed_by,Views.sysmlx
5e2ab09a-0645-5e4e-a6cb-f2e6b9dea151,2f4dc808-62ee-50a1-9165-250d61c4e579,contains,Views.sysmlx
5e2ab09a-0645-5e4e-a6cb-f2e6b9dea151,2f4dc808-62ee-50a1-9165-250d61c4e579,owns,Views.sysmlx
2f4dc808-62ee-50a1-9165-250d61c4e579,60bf16af-30b0-5585-9718-ae700eba94d5,contains,Views.sysmlx
60bf16af-30b0-5585-9718-ae700eba94d5,157ce534-b721-5ce8-a5e2-0219d2b7390d,contains,Views.sysmlx
60bf16af-30b0-5585-9718-ae700eba94d5,157ce534-b721-5ce8-a5e2-0219d2b7390d,owns,Views.sysmlx
157ce534-b721-5ce8-a5e2-0219d2b7390d,f8d2a871-11da-579c-a2cd-941a77c863e2,contains,Views.sysmlx
5e2ab09a-0645-5e4e-a6cb-f2e6b9dea151,83d7d375-e7ec-5ea2-a0cc-3d2683a206c9,contains,Views.sysmlx
5e2ab09a-0645-5e4e-a6cb-f2e6b9dea151,83d7d375-e7ec-5ea2-a0cc-3d2683a206c9,redefines,Views.sysmlx
83d7d375-e7ec-5ea2-a0cc-3d2683a206c9,5e2ab09a-0645-5e4e-a6cb-f2e6b9dea151,redefines,Views.sysmlx
8072011e-ebf8-53d1-99ec-61905909e2fe,4c9783cd-69af-55c4-bea8-553128316fbf,contains,Views.sysmlx
8072011e-ebf8-53d1-99ec-61905909e2fe,4c9783cd-69af-55c4-bea8-553128316fbf,owns,Views.sysmlx
4c9783cd-69af-55c4-bea8-553128316fbf,d8172e1d-3087-5596-8a81-5ee63ff37da9,contains,Views.sysmlx
d8172e1d-3087-5596-8a81-5ee63ff37da9,03af4eb4-eedf-5df6-8863-29c3375f8aa7,contains,Views.sysmlx
d8172e1d-3087-5596-8a81-5ee63ff37da9,03af4eb4-eedf-5df6-8863-29c3375f8aa7,specializes,Views.sysmlx
d8172e1d-3087-5596-8a81-5ee63ff37da9,f8fc8040-0034-5b0a-a392-936799369ce4,contains,Views.sysmlx
d8172e1d-3087-5596-8a81-5ee63ff37da9,f8fc8040-0034-5b0a-a392-936799369ce4,owns,Views.sysmlx
f8fc8040-0034-5b0a-a392-936799369ce4,c39588aa-1ba1-513d-8c4e-a839a88d6405,contains,Views.sysmlx
d8172e1d-3087-5596-8a81-5ee63ff37da9,3220a086-44f6-523a-8d31-f1aea94add2a,contains,Views.sysmlx
d8172e1d-3087-5596-8a81-5ee63ff37da9,3220a086-44f6-523a-8d31-f1aea94add2a,has_feature,Views.sysmlx
3220a086-44f6-523a-8d31-f1aea94add2a,8a42a2ed-85ee-5e20-8e96-78dac2820bb5,contains,Views.sysmlx
3220a086-44f6-523a-8d31-f1aea94add2a,8a42a2ed-85ee-5e20-8e96-78dac2820bb5,has_rendering,Views.sysmlx
8a42a2ed-85ee-5e20-8e96-78dac2820bb5,c17510df-1a16-50e1-83c5-e72f9dc86d0e,contains,Views.sysmlx
8a42a2ed-85ee-5e20-8e96-78dac2820bb5,c17510df-1a16-50e1-83c5-e72f9dc86d0e,redefines,Views.sysmlx
c17510df-1a16-50e1-83c5-e72f9dc86d0e,8a42a2ed-85ee-5e20-8e96-78dac2820bb5,redefines,Views.sysmlx
8a42a2ed-85ee-5e20-8e96-78dac2820bb5,d4789c78-1a2c-5b3f-a576-7f9d758f29ee,contains,Views.sysmlx
8a42a2ed-85ee-5e20-8e96-78dac2820bb5,d4789c78-1a2c-5b3f-a576-7f9d758f29ee,typed_by,Views.sysmlx
d4789c78-1a2c-5b3f-a576-7f9d758f29ee,8a42a2ed-85ee-5e20-8e96-78dac2820bb5,typed_by,Views.sysmlx
d8172e1d-3087-5596-8a81-5ee63ff37da9,3b639605-17d3-5ec8-824c-78f7565b731e,contains,Views.sysmlx
d8172e1d-3087-5596-8a81-5ee63ff37da9,3b639605-17d3-5ec8-824c-78f7565b731e,has_feature,Views.sysmlx
3b639605-17d3-5ec8-824c-78f7565b731e,98cc9490-19cd-5e83-b383-40ba79f48baf,contains,Views.sysmlx
3b639605-17d3-5ec8-824c-78f7565b731e,98cc9490-19cd-5e83-b383-40ba79f48baf,has_rendering,Views.sysmlx
98cc9490-19cd-5e83-b383-40ba79f48baf,a60dcffb-0024-5111-9f4a-ed6edac1bdbb,contains,Views.sysmlx
98cc9490-19cd-5e83-b383-40ba79f48baf,a60dcffb-0024-5111-9f4a-ed6edac1bdbb,typed_by,Views.sysmlx
a60dcffb-0024-5111-9f4a-ed6edac1bdbb,98cc9490-19cd-5e83-b383-40ba79f48baf,typed_by,Views.sysmlx
98cc9490-19cd-5e83-b383-40ba79f48baf,a8050032-fbbb-504d-ad9c-9c06be2d43b0,contains,Views.sysmlx
98cc9490-19cd-5e83-b383-40ba79f48baf,a8050032-fbbb-504d-ad9c-9c06be2d43b0,owns,Views.sysmlx
a8050032-fbbb-504d-ad9c-9c06be2d43b0,30fe76e6-2447-5c0e-b2b9-90ca8be44e0e,contains,Views.sysmlx
30fe76e6-2447-5c0e-b2b9-90ca8be44e0e,eb33f904-8d5c-5502-9a0c-a55cb22f0384,contains,Views.sysmlx
30fe76e6-2447-5c0e-b2b9-90ca8be44e0e,eb33f904-8d5c-5502-9a0c-a55cb22f0384,owns,Views.sysmlx
eb33f904-8d5c-5502-9a0c-a55cb22f0384,edf63445-ebb9-5134-989b-e0c8dfe1882e,contains,Views.sysmlx
30fe76e6-2447-5c0e-b2b9-90ca8be44e0e,8ce4520a-9f08-581a-8571-7ca8988213e4,contains,Views.sysmlx
30fe76e6-2447-5c0e-b2b9-90ca8be44e0e,8ce4520a-9f08-581a-8571-7ca8988213e4,owns,Views.sysmlx
8ce4520a-9f08-581a-8571-7ca8988213e4,235ba670-b13a-5bcf-a13a-9c9ab8af3279,contains,Views.sysmlx
98cc9490-19cd-5e83-b383-40ba79f48baf,94929c2a-6db4-5b2e-aae2-c82dd5363d93,contains,Views.sysmlx
98cc9490-19cd-5e83-b383-40ba79f48baf,94929c2a-6db4-5b2e-aae2-c82dd5363d93,subsets,Views.sysmlx
94929c2a-6db4-5b2e-aae2-c82dd5363d93,7dd977c1-f0ba-576c-9f25-8908b9210408,subsets,Views.sysmlx
94929c2a-6db4-5b2e-aae2-c82dd5363d93,98cc9490-19cd-5e83-b383-40ba79f48baf,subsets,Views.sysmlx
98cc9490-19cd-5e83-b383-40ba79f48baf,c58b8073-b78b-55fd-8e3c-5e6d3e4e0a2f,contains,Views.sysmlx
98cc9490-19cd-5e83-b383-40ba79f48baf,c58b8073-b78b-55fd-8e3c-5e6d3e4e0a2f,owns,Views.sysmlx
c58b8073-b78b-55fd-8e3c-5e6d3e4e0a2f,9ca4e064-5dce-5e3d-8b51-a4dcb9f47e7f,contains,Views.sysmlx
8072011e-ebf8-53d1-99ec-61905909e2fe,99b70716-c647-5afb-be34-9d4c78dfc595,contains,Views.sysmlx
8072011e-ebf8-53d1-99ec-61905909e2fe,99b70716-c647-5afb-be34-9d4c78dfc595,owns,Views.sysmlx
99b70716-c647-5afb-be34-9d4c78dfc595,23851255-f0bb-5b5d-9163-357efd17cf7e,contains,Views.sysmlx
23851255-f0bb-5b5d-9163-357efd17cf7e,8e7ca54a-1acc-52de-bb22-f7e467286b82,contains,Views.sysmlx
23851255-f0bb-5b5d-9163-357efd17cf7e,8e7ca54a-1acc-52de-bb22-f7e467286b82,specializes,Views.sysmlx
23851255-f0bb-5b5d-9163-357efd17cf7e,07fefbd8-0f1b-5921-b922-3ae871953e57,contains,Views.sysmlx
23851255-f0bb-5b5d-9163-357efd17cf7e,07fefbd8-0f1b-5921-b922-3ae871953e57,owns,Views.sysmlx
07fefbd8-0f1b-5921-b922-3ae871953e57,a59f5bf8-ad70-5d06-a9ee-fbe3cf54b149,contains,Views.sysmlx
8072011e-ebf8-53d1-99ec-61905909e2fe,31ae4ae1-05a7-50b3-93c9-6b534ebb546c,contains,Views.sysmlx
8072011e-ebf8-53d1-99ec-61905909e2fe,31ae4ae1-05a7-50b3-93c9-6b534ebb546c,owns,Views.sysmlx
31ae4ae1-05a7-50b3-93c9-6b534ebb546c,e4093972-4813-5375-b886-c06c8752b846,contains,Views.sysmlx
e4093972-4813-5375-b886-c06c8752b846,66178867-bc9e-57d0-9655-3e2a4d999945,contains,Views.sysmlx
e4093972-4813-5375-b886-c06c8752b846,66178867-bc9e-57d0-9655-3e2a4d999945,specializes,Views.sysmlx
e4093972-4813-5375-b886-c06c8752b846,aec94d6f-b929-5ed7-b515-13462f917012,contains,Views.sysmlx
e4093972-4813-5375-b886-c06c8752b846,aec94d6f-b929-5ed7-b515-13462f917012,owns,Views.sysmlx
aec94d6f-b929-5ed7-b515-13462f917012,feccd73c-d229-5d5e-9316-8e701d0ab47d,contains,Views.sysmlx
8072011e-ebf8-53d1-99ec-61905909e2fe,6211128f-e305-5924-a5ff-26ca2344cc44,contains,Views.sysmlx
8072011e-ebf8-53d1-99ec-61905909e2fe,6211128f-e305-5924-a5ff-26ca2344cc44,owns,Views.sysmlx
6211128f-e305-5924-a5ff-26ca2344cc44,a17b9c15-e309-5c7f-abb7-13d8e8c96d88,contains,Views.sysmlx
a17b9c15-e309-5c7f-abb7-13d8e8c96d88,b98fe84f-d017-52c5-81aa-a905a99ca9ca,contains,Views.sysmlx
a17b9c15-e309-5c7f-abb7-13d8e8c96d88,b98fe84f-d017-52c5-81aa-a905a99ca9ca,specializes,Views.sysmlx
a17b9c15-e309-5c7f-abb7-13d8e8c96d88,6e2c01a9-022a-5bb5-9b7a-cb905c68481a,contains,Views.sysmlx
a17b9c15-e309-5c7f-abb7-13d8e8c96d88,6e2c01a9-022a-5bb5-9b7a-cb905c68481a,owns,Views.sysmlx
6e2c01a9-022a-5bb5-9b7a-cb905c68481a,68aa9c05-66d1-5e9b-9e82-d1e222681ad0,contains,Views.sysmlx
8072011e-ebf8-53d1-99ec-61905909e2fe,43d32261-cb94-50db-b69b-bc596f2c2b34,contains,Views.sysmlx
8072011e-ebf8-53d1-99ec-61905909e2fe,43d32261-cb94-50db-b69b-bc596f2c2b34,owns,Views.sysmlx
43d32261-cb94-50db-b69b-bc596f2c2b34,96475db8-f248-5618-91d1-33d0f6dd4faf,contains,Views.sysmlx
43d32261-cb94-50db-b69b-bc596f2c2b34,96475db8-f248-5618-91d1-33d0f6dd4faf,has_view,Views.sysmlx
96475db8-f248-5618-91d1-33d0f6dd4faf,2ecc2bba-65ab-5124-be53-badc15ea6d8f,contains,Views.sysmlx
96475db8-f248-5618-91d1-33d0f6dd4faf,2ecc2bba-65ab-5124-be53-badc15ea6d8f,typed_by,Views.sysmlx
2ecc2bba-65ab-5124-be53-badc15ea6d8f,96475db8-f248-5618-91d1-33d0f6dd4faf,typed_by,Views.sysmlx
96475db8-f248-5618-91d1-33d0f6dd4faf,bc090c06-e7d9-555f-a91a-048f683b54c0,contains,Views.sysmlx
96475db8-f248-5618-91d1-33d0f6dd4faf,bc090c06-e7d9-555f-a91a-048f683b54c0,owns,Views.sysmlx
bc090c06-e7d9-555f-a91a-048f683b54c0,19cc594d-a35e-55fb-9806-604ddcc55dc7,contains,Views.sysmlx
19cc594d-a35e-55fb-9806-604ddcc55dc7,6b326dc6-b060-5fb2-855f-e3db8e909b5f,contains,Views.sysmlx
19cc594d-a35e-55fb-9806-604ddcc55dc7,6b326dc6-b060-5fb2-855f-e3db8e909b5f,owns,Views.sysmlx
6b326dc6-b060-5fb2-855f-e3db8e909b5f,86538b1b-aa47-55a8-ba3e-fdd8ca80bc7c,contains,Views.sysmlx
19cc594d-a35e-55fb-9806-604ddcc55dc7,27c151a8-c9b4-5ee0-8179-9c05016e5e47,contains,Views.sysmlx
19cc594d-a35e-55fb-9806-604ddcc55dc7,27c151a8-c9b4-5ee0-8179-9c05016e5e47,owns,Views.sysmlx
27c151a8-c9b4-5ee0-8179-9c05016e5e47,966f5f4c-20d3-5fbd-be25-90afe14dc215,contains,Views.sysmlx
96475db8-f248-5618-91d1-33d0f6dd4faf,1ad70a52-28cb-557e-afb2-30cf6438acb9,contains,Views.sysmlx
96475db8-f248-5618-91d1-33d0f6dd4faf,1ad70a52-28cb-557e-afb2-30cf6438acb9,subsets,Views.sysmlx
1ad70a52-28cb-557e-afb2-30cf6438acb9,96475db8-f248-5618-91d1-33d0f6dd4faf,subsets,Views.sysmlx
96475db8-f248-5618-91d1-33d0f6dd4faf,d17be1cd-57a3-5103-823c-eee2035a6355,contains,Views.sysmlx
96475db8-f248-5618-91d1-33d0f6dd4faf,d17be1cd-57a3-5103-823c-eee2035a6355,owns,Views.sysmlx
d17be1cd-57a3-5103-823c-eee2035a6355,3a8fe42d-e889-507c-9437-f41cf9795670,contains,Views.sysmlx
8072011e-ebf8-53d1-99ec-61905909e2fe,e67b5222-cbe2-5962-b1d6-5cac64d559bb,contains,Views.sysmlx
8072011e-ebf8-53d1-99ec-61905909e2fe,e67b5222-cbe2-5962-b1d6-5cac64d559bb,owns,Views.sysmlx
e67b5222-cbe2-5962-b1d6-5cac64d559bb,dd25803c-d36c-54dd-adc6-e2672c72734c,contains,Views.sysmlx
e67b5222-cbe2-5962-b1d6-5cac64d559bb,dd25803c-d36c-54dd-adc6-e2672c72734c,has_viewpoint,Views.sysmlx
dd25803c-d36c-54dd-adc6-e2672c72734c,d79e0a3d-d576-5002-9925-95b8bb8fef70,contains,Views.sysmlx
dd25803c-d36c-54dd-adc6-e2672c72734c,d79e0a3d-d576-5002-9925-95b8bb8fef70,typed_by,Views.sysmlx
d79e0a3d-d576-5002-9925-95b8bb8fef70,dd25803c-d36c-54dd-adc6-e2672c72734c,typed_by,Views.sysmlx
dd25803c-d36c-54dd-adc6-e2672c72734c,62770639-6de6-5f67-9359-a1c7ffa0ad3f,contains,Views.sysmlx
dd25803c-d36c-54dd-adc6-e2672c72734c,62770639-6de6-5f67-9359-a1c7ffa0ad3f,owns,Views.sysmlx
62770639-6de6-5f67-9359-a1c7ffa0ad3f,c735b59b-5060-501c-b4a0-c8cd928626a9,contains,Views.sysmlx
c735b59b-5060-501c-b4a0-c8cd928626a9,a2793a33-70fd-5dcf-96fe-3ba8cbd64668,contains,Views.sysmlx
c735b59b-5060-501c-b4a0-c8cd928626a9,a2793a33-70fd-5dcf-96fe-3ba8cbd64668,owns,Views.sysmlx
a2793a33-70fd-5dcf-96fe-3ba8cbd64668,0163876c-ea6e-596e-a8ce-83ab7c4bd4e9,contains,Views.sysmlx
c735b59b-5060-501c-b4a0-c8cd928626a9,6488d9c7-98a8-5009-8c57-d4178cc2ae30,contains,Views.sysmlx
c735b59b-5060-501c-b4a0-c8cd928626a9,6488d9c7-98a8-5009-8c57-d4178cc2ae30,owns,Views.sysmlx
6488d9c7-98a8-5009-8c57-d4178cc2ae30,d9145af1-6672-5343-b5ba-c9ae1c9b67fb,contains,Views.sysmlx
dd25803c-d36c-54dd-adc6-e2672c72734c,f45554db-7b21-530a-b774-73c7c004afba,contains,Views.sysmlx
dd25803c-d36c-54dd-adc6-e2672c72734c,f45554db-7b21-530a-b774-73c7c004afba,subsets,Views.sysmlx
f45554db-7b21-530a-b774-73c7c004afba,dd25803c-d36c-54dd-adc6-e2672c72734c,subsets,Views.sysmlx
dd25803c-d36c-54dd-adc6-e2672c72734c,101a0f4f-45fd-5bec-9645-a99153f2dc58,contains,Views.sysmlx
dd25803c-d36c-54dd-adc6-e2672c72734c,101a0f4f-45fd-5bec-9645-a99153f2dc58,owns,Views.sysmlx
101a0f4f-45fd-5bec-9645-a99153f2dc58,71b564a9-761e-58e9-bb2c-c1ab352b70b0,contains,Views.sysmlx
8072011e-ebf8-53d1-99ec-61905909e2fe,a150d8a3-7374-5c30-87bb-fafee8920dc2,contains,Views.sysmlx
8072011e-ebf8-53d1-99ec-61905909e2fe,a150d8a3-7374-5c30-87bb-fafee8920dc2,owns,Views.sysmlx
a150d8a3-7374-5c30-87bb-fafee8920dc2,7dd977c1-f0ba-576c-9f25-8908b9210408,contains,Views.sysmlx
a150d8a3-7374-5c30-87bb-fafee8920dc2,7dd977c1-f0ba-576c-9f25-8908b9210408,has_rendering,Views.sysmlx
7dd977c1-f0ba-576c-9f25-8908b9210408,9b4d7486-b4f9-5f65-ba9b-56a6e0ad7725,contains,Views.sysmlx
7dd977c1-f0ba-576c-9f25-8908b9210408,9b4d7486-b4f9-5f65-ba9b-56a6e0ad7725,typed_by,Views.sysmlx
9b4d7486-b4f9-5f65-ba9b-56a6e0ad7725,7dd977c1-f0ba-576c-9f25-8908b9210408,typed_by,Views.sysmlx
7dd977c1-f0ba-576c-9f25-8908b9210408,a678902c-f35a-5832-a3cd-c52f90155e4c,contains,Views.sysmlx
7dd977c1-f0ba-576c-9f25-8908b9210408,a678902c-f35a-5832-a3cd-c52f90155e4c,owns,Views.sysmlx
a678902c-f35a-5832-a3cd-c52f90155e4c,2b1796dc-6687-5a36-a671-739347c61b83,contains,Views.sysmlx
2b1796dc-6687-5a36-a671-739347c61b83,f13659a1-6d81-5d49-9c60-2bc9f7c8b1d8,contains,Views.sysmlx
2b1796dc-6687-5a36-a671-739347c61b83,f13659a1-6d81-5d49-9c60-2bc9f7c8b1d8,owns,Views.sysmlx
f13659a1-6d81-5d49-9c60-2bc9f7c8b1d8,258f6505-0f7d-5d81-acdd-72d681fb4385,contains,Views.sysmlx
2b1796dc-6687-5a36-a671-739347c61b83,91020a5b-eb59-56a9-a860-ed65a56a34f2,contains,Views.sysmlx
2b1796dc-6687-5a36-a671-739347c61b83,91020a5b-eb59-56a9-a860-ed65a56a34f2,owns,Views.sysmlx
91020a5b-eb59-56a9-a860-ed65a56a34f2,aa82891e-c377-50ee-8045-67d77064dfce,contains,Views.sysmlx
7dd977c1-f0ba-576c-9f25-8908b9210408,dbb91a6c-beb8-54ce-9d5f-02ddbf173214,contains,Views.sysmlx
7dd977c1-f0ba-576c-9f25-8908b9210408,dbb91a6c-beb8-54ce-9d5f-02ddbf173214,subsets,Views.sysmlx
dbb91a6c-beb8-54ce-9d5f-02ddbf173214,7dd977c1-f0ba-576c-9f25-8908b9210408,subsets,Views.sysmlx
7dd977c1-f0ba-576c-9f25-8908b9210408,dc74ca0c-8d2e-544d-a626-f722b9af88dc,contains,Views.sysmlx
7dd977c1-f0ba-576c-9f25-8908b9210408,dc74ca0c-8d2e-544d-a626-f722b9af88dc,owns,Views.sysmlx
dc74ca0c-8d2e-544d-a626-f722b9af88dc,23358e6f-ba6a-5b27-aa38-b78654bdc9d2,contains,Views.sysmlx
8072011e-ebf8-53d1-99ec-61905909e2fe,731fccc7-1f46-5236-a1cb-0ea93ef21c29,contains,Views.sysmlx
8072011e-ebf8-53d1-99ec-61905909e2fe,731fccc7-1f46-5236-a1cb-0ea93ef21c29,owns,Views.sysmlx
731fccc7-1f46-5236-a1cb-0ea93ef21c29,bb124353-b10d-53af-a917-44bf81083c4e,contains,Views.sysmlx
731fccc7-1f46-5236-a1cb-0ea93ef21c29,bb124353-b10d-53af-a917-44bf81083c4e,has_rendering,Views.sysmlx
bb124353-b10d-53af-a917-44bf81083c4e,ae1eecea-fdbe-57b5-885d-929f1e991d86,contains,Views.sysmlx
bb124353-b10d-53af-a917-44bf81083c4e,ae1eecea-fdbe-57b5-885d-929f1e991d86,typed_by,Views.sysmlx
ae1eecea-fdbe-57b5-885d-929f1e991d86,bb124353-b10d-53af-a917-44bf81083c4e,typed_by,Views.sysmlx
bb124353-b10d-53af-a917-44bf81083c4e,ab6a7c7d-8f16-5814-ac36-fde81bdcdbbd,contains,Views.sysmlx
bb124353-b10d-53af-a917-44bf81083c4e,ab6a7c7d-8f16-5814-ac36-fde81bdcdbbd,owns,Views.sysmlx
ab6a7c7d-8f16-5814-ac36-fde81bdcdbbd,9720c35f-0739-57e0-b19b-3c915edd0936,contains,Views.sysmlx
9720c35f-0739-57e0-b19b-3c915edd0936,9bb5dd9f-b1b0-5123-9a13-e563c05ff2c8,contains,Views.sysmlx
9720c35f-0739-57e0-b19b-3c915edd0936,9bb5dd9f-b1b0-5123-9a13-e563c05ff2c8,owns,Views.sysmlx
9bb5dd9f-b1b0-5123-9a13-e563c05ff2c8,b7379b7c-903a-55ad-849b-fa8761d2d699,contains,Views.sysmlx
bb124353-b10d-53af-a917-44bf81083c4e,c8458787-ebcf-5180-8a96-6b1595d8c3fa,contains,Views.sysmlx
bb124353-b10d-53af-a917-44bf81083c4e,c8458787-ebcf-5180-8a96-6b1595d8c3fa,subsets,Views.sysmlx
c8458787-ebcf-5180-8a96-6b1595d8c3fa,7dd977c1-f0ba-576c-9f25-8908b9210408,subsets,Views.sysmlx
c8458787-ebcf-5180-8a96-6b1595d8c3fa,bb124353-b10d-53af-a917-44bf81083c4e,subsets,Views.sysmlx
bb124353-b10d-53af-a917-44bf81083c4e,276b2305-24b1-53b6-a509-8e7f2c0ea91f,contains,Views.sysmlx
bb124353-b10d-53af-a917-44bf81083c4e,276b2305-24b1-53b6-a509-8e7f2c0ea91f,owns,Views.sysmlx
276b2305-24b1-53b6-a509-8e7f2c0ea91f,6cadd373-11e0-5786-b513-f2f14df4712c,contains,Views.sysmlx
8072011e-ebf8-53d1-99ec-61905909e2fe,c8394940-b289-5bcd-ba07-1900895d8bfb,contains,Views.sysmlx
8072011e-ebf8-53d1-99ec-61905909e2fe,c8394940-b289-5bcd-ba07-1900895d8bfb,owns,Views.sysmlx
c8394940-b289-5bcd-ba07-1900895d8bfb,e160c64c-e42f-5c28-aee4-4997798d6b96,contains,Views.sysmlx
c8394940-b289-5bcd-ba07-1900895d8bfb,e160c64c-e42f-5c28-aee4-4997798d6b96,has_rendering,Views.sysmlx
e160c64c-e42f-5c28-aee4-4997798d6b96,af5ea3b9-dc95-52d8-8b72-7fe24373db11,contains,Views.sysmlx
e160c64c-e42f-5c28-aee4-4997798d6b96,af5ea3b9-dc95-52d8-8b72-7fe24373db11,typed_by,Views.sysmlx
af5ea3b9-dc95-52d8-8b72-7fe24373db11,e160c64c-e42f-5c28-aee4-4997798d6b96,typed_by,Views.sysmlx
e160c64c-e42f-5c28-aee4-4997798d6b96,6f5607ad-deb4-5c19-8d38-995843c8b2c8,contains,Views.sysmlx
e160c64c-e42f-5c28-aee4-4997798d6b96,6f5607ad-deb4-5c19-8d38-995843c8b2c8,owns,Views.sysmlx
6f5607ad-deb4-5c19-8d38-995843c8b2c8,d666f35a-45e2-5e73-9396-546f14a069a1,contains,Views.sysmlx
d666f35a-45e2-5e73-9396-546f14a069a1,d87d25e1-88a0-502d-aaa7-c813bfa5359b,contains,Views.sysmlx
d666f35a-45e2-5e73-9396-546f14a069a1,d87d25e1-88a0-502d-aaa7-c813bfa5359b,owns,Views.sysmlx
d87d25e1-88a0-502d-aaa7-c813bfa5359b,9558e50c-a7cd-5a24-9b29-1c08a773b524,contains,Views.sysmlx
e160c64c-e42f-5c28-aee4-4997798d6b96,047795e6-7954-540c-8968-0c6afed7ecb2,contains,Views.sysmlx
e160c64c-e42f-5c28-aee4-4997798d6b96,047795e6-7954-540c-8968-0c6afed7ecb2,subsets,Views.sysmlx
047795e6-7954-540c-8968-0c6afed7ecb2,7dd977c1-f0ba-576c-9f25-8908b9210408,subsets,Views.sysmlx
047795e6-7954-540c-8968-0c6afed7ecb2,e160c64c-e42f-5c28-aee4-4997798d6b96,subsets,Views.sysmlx
e160c64c-e42f-5c28-aee4-4997798d6b96,0a6c4d7c-8304-596a-9884-f2b71a6b5276,contains,Views.sysmlx
e160c64c-e42f-5c28-aee4-4997798d6b96,0a6c4d7c-8304-596a-9884-f2b71a6b5276,owns,Views.sysmlx
0a6c4d7c-8304-596a-9884-f2b71a6b5276,8c4ccbd9-8fb7-5a16-91a7-c827a65176cc,contains,Views.sysmlx
8072011e-ebf8-53d1-99ec-61905909e2fe,20190b22-a6c9-5e39-aa82-30a65bd7bf06,contains,Views.sysmlx
8072011e-ebf8-53d1-99ec-61905909e2fe,20190b22-a6c9-5e39-aa82-30a65bd7bf06,owns,Views.sysmlx
20190b22-a6c9-5e39-aa82-30a65bd7bf06,1c853803-8234-517a-a2b4-79c16eb457bc,contains,Views.sysmlx
20190b22-a6c9-5e39-aa82-30a65bd7bf06,1c853803-8234-517a-a2b4-79c16eb457bc,has_rendering,Views.sysmlx
1c853803-8234-517a-a2b4-79c16eb457bc,32617a8c-c91a-5c47-a552-c6cccf871370,contains,Views.sysmlx
1c853803-8234-517a-a2b4-79c16eb457bc,32617a8c-c91a-5c47-a552-c6cccf871370,typed_by,Views.sysmlx
32617a8c-c91a-5c47-a552-c6cccf871370,1c853803-8234-517a-a2b4-79c16eb457bc,typed_by,Views.sysmlx
1c853803-8234-517a-a2b4-79c16eb457bc,de345436-163e-5c68-aae3-fad0e72ada42,contains,Views.sysmlx
1c853803-8234-517a-a2b4-79c16eb457bc,de345436-163e-5c68-aae3-fad0e72ada42,owns,Views.sysmlx
de345436-163e-5c68-aae3-fad0e72ada42,23b07ad6-83e2-5008-9abd-449684375515,contains,Views.sysmlx
23b07ad6-83e2-5008-9abd-449684375515,5121b1cf-1966-56a4-9e35-8b8e5e02674e,contains,Views.sysmlx
23b07ad6-83e2-5008-9abd-449684375515,5121b1cf-1966-56a4-9e35-8b8e5e02674e,owns,Views.sysmlx
5121b1cf-1966-56a4-9e35-8b8e5e02674e,b71f45ba-3dc9-5ce8-8e71-6216bf95d65f,contains,Views.sysmlx
1c853803-8234-517a-a2b4-79c16eb457bc,14675edf-4992-5381-9786-1c6bced630cb,contains,Views.sysmlx
1c853803-8234-517a-a2b4-79c16eb457bc,14675edf-4992-5381-9786-1c6bced630cb,subsets,Views.sysmlx
14675edf-4992-5381-9786-1c6bced630cb,7dd977c1-f0ba-576c-9f25-8908b9210408,subsets,Views.sysmlx
14675edf-4992-5381-9786-1c6bced630cb,1c853803-8234-517a-a2b4-79c16eb457bc,subsets,Views.sysmlx
1c853803-8234-517a-a2b4-79c16eb457bc,4200c3e0-f349-5843-997f-bad2128bf479,contains,Views.sysmlx
1c853803-8234-517a-a2b4-79c16eb457bc,4200c3e0-f349-5843-997f-bad2128bf479,owns,Views.sysmlx
4200c3e0-f349-5843-997f-bad2128bf479,b21ece49-1626-5b8a-93d5-25052d608ae0,contains,Views.sysmlx
8072011e-ebf8-53d1-99ec-61905909e2fe,28871621-9831-58f5-a847-8a2810d8f5e9,contains,Views.sysmlx
8072011e-ebf8-53d1-99ec-61905909e2fe,28871621-9831-58f5-a847-8a2810d8f5e9,owns,Views.sysmlx
28871621-9831-58f5-a847-8a2810d8f5e9,2e692d4e-3ae9-501a-be88-8d4837b18d6a,contains,Views.sysmlx
28871621-9831-58f5-a847-8a2810d8f5e9,2e692d4e-3ae9-501a-be88-8d4837b18d6a,has_rendering,Views.sysmlx
2e692d4e-3ae9-501a-be88-8d4837b18d6a,1f53c798-69fc-51f4-b21f-20543c3cb67d,contains,Views.sysmlx
2e692d4e-3ae9-501a-be88-8d4837b18d6a,1f53c798-69fc-51f4-b21f-20543c3cb67d,typed_by,Views.sysmlx
1f53c798-69fc-51f4-b21f-20543c3cb67d,2e692d4e-3ae9-501a-be88-8d4837b18d6a,typed_by,Views.sysmlx
2e692d4e-3ae9-501a-be88-8d4837b18d6a,185fe983-8e40-5aab-b472-459bb51638a9,contains,Views.sysmlx
2e692d4e-3ae9-501a-be88-8d4837b18d6a,185fe983-8e40-5aab-b472-459bb51638a9,owns,Views.sysmlx
185fe983-8e40-5aab-b472-459bb51638a9,707e87bf-7ea7-529f-8dae-bffad6396cc9,contains,Views.sysmlx
707e87bf-7ea7-529f-8dae-bffad6396cc9,f356a7d7-0b02-5511-9507-851318c70e45,contains,Views.sysmlx
707e87bf-7ea7-529f-8dae-bffad6396cc9,f356a7d7-0b02-5511-9507-851318c70e45,owns,Views.sysmlx
f356a7d7-0b02-5511-9507-851318c70e45,6268155a-68d0-5d6d-89a8-ba2524f6aca7,contains,Views.sysmlx
2e692d4e-3ae9-501a-be88-8d4837b18d6a,338a2ea4-2b7b-5d53-a926-8225ffcd615c,contains,Views.sysmlx
2e692d4e-3ae9-501a-be88-8d4837b18d6a,338a2ea4-2b7b-5d53-a926-8225ffcd615c,subsets,Views.sysmlx
338a2ea4-2b7b-5d53-a926-8225ffcd615c,7dd977c1-f0ba-576c-9f25-8908b9210408,subsets,Views.sysmlx
338a2ea4-2b7b-5d53-a926-8225ffcd615c,2e692d4e-3ae9-501a-be88-8d4837b18d6a,subsets,Views.sysmlx
2e692d4e-3ae9-501a-be88-8d4837b18d6a,0b92b315-ad94-50b7-8741-289745388d7c,contains,Views.sysmlx
2e692d4e-3ae9-501a-be88-8d4837b18d6a,0b92b315-ad94-50b7-8741-289745388d7c,owns,Views.sysmlx
0b92b315-ad94-50b7-8741-289745388d7c,5ffff1dc-eebf-5f55-b594-5efc236ffa7c,contains,Views.sysmlx
2e692d4e-3ae9-501a-be88-8d4837b18d6a,d7037e75-0b40-5c94-abf4-486095802b12,contains,Views.sysmlx
2e692d4e-3ae9-501a-be88-8d4837b18d6a,d7037e75-0b40-5c94-abf4-486095802b12,has_feature,Views.sysmlx
d7037e75-0b40-5c94-abf4-486095802b12,c29301b3-983a-57b9-957c-240e0c41d66d,contains,Views.sysmlx
d7037e75-0b40-5c94-abf4-486095802b12,c29301b3-983a-57b9-957c-240e0c41d66d,has_view,Views.sysmlx
c29301b3-983a-57b9-957c-240e0c41d66d,eadc7ae3-b0d7-569f-891d-a012afff1702,contains,Views.sysmlx
c29301b3-983a-57b9-957c-240e0c41d66d,eadc7ae3-b0d7-569f-891d-a012afff1702,owns,Views.sysmlx
eadc7ae3-b0d7-569f-891d-a012afff1702,5e2f3dca-cccf-5a18-acd1-90431f2286be,contains,Views.sysmlx
5e2f3dca-cccf-5a18-acd1-90431f2286be,657b45ec-b9f5-50fe-9e97-e1d2a5b46d02,contains,Views.sysmlx
5e2f3dca-cccf-5a18-acd1-90431f2286be,657b45ec-b9f5-50fe-9e97-e1d2a5b46d02,owns,Views.sysmlx
657b45ec-b9f5-50fe-9e97-e1d2a5b46d02,aedb8fec-787b-532e-8a38-ea109c3bac73,contains,Views.sysmlx
5e2f3dca-cccf-5a18-acd1-90431f2286be,34f126f5-3543-570c-912c-8ca39ca30a12,contains,Views.sysmlx
5e2f3dca-cccf-5a18-acd1-90431f2286be,34f126f5-3543-570c-912c-8ca39ca30a12,owns,Views.sysmlx
34f126f5-3543-570c-912c-8ca39ca30a12,ea07683b-1b64-5a31-8a68-d2e36b36c10b,contains,Views.sysmlx
c29301b3-983a-57b9-957c-240e0c41d66d,881dc532-fb0f-565b-b6f5-f7bf881c15fc,contains,Views.sysmlx
c29301b3-983a-57b9-957c-240e0c41d66d,881dc532-fb0f-565b-b6f5-f7bf881c15fc,owns,Views.sysmlx
881dc532-fb0f-565b-b6f5-f7bf881c15fc,7cc4f0b7-b3eb-5634-a039-c4b2fb8b0f93,contains,Views.sysmlx
c29301b3-983a-57b9-957c-240e0c41d66d,697c634f-477e-5c4f-a240-0c6d3e33f4f9,contains,Views.sysmlx
c29301b3-983a-57b9-957c-240e0c41d66d,697c634f-477e-5c4f-a240-0c6d3e33f4f9,has_feature,Views.sysmlx
697c634f-477e-5c4f-a240-0c6d3e33f4f9,4b053f0e-a620-59fc-9f5f-81697c2349ff,contains,Views.sysmlx
697c634f-477e-5c4f-a240-0c6d3e33f4f9,4b053f0e-a620-59fc-9f5f-81697c2349ff,has_rendering,Views.sysmlx
4b053f0e-a620-59fc-9f5f-81697c2349ff,7fb1da31-1e9d-55eb-aeea-bdc3e2e92d70,contains,Views.sysmlx
4b053f0e-a620-59fc-9f5f-81697c2349ff,7fb1da31-1e9d-55eb-aeea-bdc3e2e92d70,redefines,Views.sysmlx
7fb1da31-1e9d-55eb-aeea-bdc3e2e92d70,4b053f0e-a620-59fc-9f5f-81697c2349ff,redefines,Views.sysmlx
7fb1da31-1e9d-55eb-aeea-bdc3e2e92d70,9efdba4a-ed23-5509-815f-cc72d0d4f9c1,redefines,Views.sysmlx
4b053f0e-a620-59fc-9f5f-81697c2349ff,51eec309-e4cf-54b8-b23a-539bcb18618e,contains,Views.sysmlx
4b053f0e-a620-59fc-9f5f-81697c2349ff,51eec309-e4cf-54b8-b23a-539bcb18618e,owns,Views.sysmlx
51eec309-e4cf-54b8-b23a-539bcb18618e,39034879-816b-571b-b3a1-486be2bbb57e,contains,Views.sysmlx
39034879-816b-571b-b3a1-486be2bbb57e,a4e79b68-87ae-5943-bbb4-1ffaab1728af,contains,Views.sysmlx
39034879-816b-571b-b3a1-486be2bbb57e,a4e79b68-87ae-5943-bbb4-1ffaab1728af,owns,Views.sysmlx
a4e79b68-87ae-5943-bbb4-1ffaab1728af,abdab662-ec51-5c34-b8e3-d41f7d4f5945,contains,Views.sysmlx
39034879-816b-571b-b3a1-486be2bbb57e,88833fdd-841e-535d-b766-7638ed23d3c9,contains,Views.sysmlx
39034879-816b-571b-b3a1-486be2bbb57e,88833fdd-841e-535d-b766-7638ed23d3c9,owns,Views.sysmlx
88833fdd-841e-535d-b766-7638ed23d3c9,ac3be2a1-3e0e-5a82-b2fc-e1abeaf78a63,contains,Views.sysmlx
2e692d4e-3ae9-501a-be88-8d4837b18d6a,39950bb3-06ed-553f-9942-c8390ed5f0b8,contains,Views.sysmlx
2e692d4e-3ae9-501a-be88-8d4837b18d6a,39950bb3-06ed-553f-9942-c8390ed5f0b8,has_feature,Views.sysmlx
39950bb3-06ed-553f-9942-c8390ed5f0b8,c56de9d2-9db0-5d53-ae7a-8e3644c9ba03,contains,Views.sysmlx
39950bb3-06ed-553f-9942-c8390ed5f0b8,c56de9d2-9db0-5d53-ae7a-8e3644c9ba03,has_rendering,Views.sysmlx
c56de9d2-9db0-5d53-ae7a-8e3644c9ba03,4ff5c733-4f76-5c7b-8b32-8b77ba6904ba,contains,Views.sysmlx
c56de9d2-9db0-5d53-ae7a-8e3644c9ba03,4ff5c733-4f76-5c7b-8b32-8b77ba6904ba,redefines,Views.sysmlx
4ff5c733-4f76-5c7b-8b32-8b77ba6904ba,c56de9d2-9db0-5d53-ae7a-8e3644c9ba03,redefines,Views.sysmlx
4ff5c733-4f76-5c7b-8b32-8b77ba6904ba,98cc9490-19cd-5e83-b383-40ba79f48baf,redefines,Views.sysmlx
c56de9d2-9db0-5d53-ae7a-8e3644c9ba03,11441728-787b-5359-9f08-2298a7a5b5c3,contains,Views.sysmlx
c56de9d2-9db0-5d53-ae7a-8e3644c9ba03,11441728-787b-5359-9f08-2298a7a5b5c3,owns,Views.sysmlx
11441728-787b-5359-9f08-2298a7a5b5c3,37403219-6cdf-5007-b846-f69a31ef2dad,contains,Views.sysmlx
37403219-6cdf-5007-b846-f69a31ef2dad,98f067d3-4388-57c2-abf8-f1f27250399f,contains,Views.sysmlx
37403219-6cdf-5007-b846-f69a31ef2dad,98f067d3-4388-57c2-abf8-f1f27250399f,owns,Views.sysmlx
98f067d3-4388-57c2-abf8-f1f27250399f,2a3817e5-54ed-53df-81dc-08d0757b9ffc,contains,Views.sysmlx
37403219-6cdf-5007-b846-f69a31ef2dad,837e58d2-b0c9-53f5-a754-9a233a27e021,contains,Views.sysmlx
37403219-6cdf-5007-b846-f69a31ef2dad,837e58d2-b0c9-53f5-a754-9a233a27e021,owns,Views.sysmlx
837e58d2-b0c9-53f5-a754-9a233a27e021,95dbc644-77cb-5669-9dba-dca9fc5f0ba6,contains,Views.sysmlx
c56de9d2-9db0-5d53-ae7a-8e3644c9ba03,c4348d02-834a-5aca-ba36-4a4e5d9ef3ce,contains,Views.sysmlx
c56de9d2-9db0-5d53-ae7a-8e3644c9ba03,c4348d02-834a-5aca-ba36-4a4e5d9ef3ce,has_value,Views.sysmlx
c4348d02-834a-5aca-ba36-4a4e5d9ef3ce,af0971d7-46d6-545b-bbc5-04cee9f0e6f4,contains,Views.sysmlx
c4348d02-834a-5aca-ba36-4a4e5d9ef3ce,af0971d7-46d6-545b-bbc5-04cee9f0e6f4,chains,Views.sysmlx
af0971d7-46d6-545b-bbc5-04cee9f0e6f4,bc0fa52c-d50a-5f31-bf4b-e00dc5ce12f8,contains,Views.sysmlx
af0971d7-46d6-545b-bbc5-04cee9f0e6f4,bc0fa52c-d50a-5f31-bf4b-e00dc5ce12f8,has_parameter,Views.sysmlx
bc0fa52c-d50a-5f31-bf4b-e00dc5ce12f8,444354a2-ae26-5339-bbfd-24dd825fccc6,contains,Views.sysmlx
444354a2-ae26-5339-bbfd-24dd825fccc6,f2787e9b-d141-544a-95f2-8f3dfcf51e08,contains,Views.sysmlx
444354a2-ae26-5339-bbfd-24dd825fccc6,f2787e9b-d141-544a-95f2-8f3dfcf51e08,has_value,Views.sysmlx
f2787e9b-d141-544a-95f2-8f3dfcf51e08,2b948fcf-60cb-5770-9580-18f4b61441d3,contains,Views.sysmlx
f2787e9b-d141-544a-95f2-8f3dfcf51e08,2b948fcf-60cb-5770-9580-18f4b61441d3,references,Views.sysmlx
2b948fcf-60cb-5770-9580-18f4b61441d3,38bcae38-d6bb-5d05-bf05-b76eb7d1ef36,contains,Views.sysmlx
2b948fcf-60cb-5770-9580-18f4b61441d3,38bcae38-d6bb-5d05-bf05-b76eb7d1ef36,has_member,Views.sysmlx
38bcae38-d6bb-5d05-bf05-b76eb7d1ef36,c29301b3-983a-57b9-957c-240e0c41d66d,has_member,Views.sysmlx
2b948fcf-60cb-5770-9580-18f4b61441d3,c08ea755-147c-5d36-80de-18a93987bf37,contains,Views.sysmlx
2b948fcf-60cb-5770-9580-18f4b61441d3,c08ea755-147c-5d36-80de-18a93987bf37,has_return_parameter,Views.sysmlx
c08ea755-147c-5d36-80de-18a93987bf37,76061aff-6dad-5194-840a-2d3681ce5299,contains,Views.sysmlx
444354a2-ae26-5339-bbfd-24dd825fccc6,a9c6b3e5-d822-5f1e-94cf-5c5a8a9fa1f2,contains,Views.sysmlx
444354a2-ae26-5339-bbfd-24dd825fccc6,a9c6b3e5-d822-5f1e-94cf-5c5a8a9fa1f2,has_feature,Views.sysmlx
a9c6b3e5-d822-5f1e-94cf-5c5a8a9fa1f2,d02ad103-16bc-505b-b2bc-41a6c38c6cb4,contains,Views.sysmlx
af0971d7-46d6-545b-bbc5-04cee9f0e6f4,a78a141e-e57a-5fed-9d5e-d41569e08625,contains,Views.sysmlx
af0971d7-46d6-545b-bbc5-04cee9f0e6f4,a78a141e-e57a-5fed-9d5e-d41569e08625,has_member,Views.sysmlx
a78a141e-e57a-5fed-9d5e-d41569e08625,4b053f0e-a620-59fc-9f5f-81697c2349ff,has_member,Views.sysmlx
af0971d7-46d6-545b-bbc5-04cee9f0e6f4,6defd40a-d9f5-54f9-9604-e30492e883b4,contains,Views.sysmlx
af0971d7-46d6-545b-bbc5-04cee9f0e6f4,6defd40a-d9f5-54f9-9604-e30492e883b4,has_return_parameter,Views.sysmlx
6defd40a-d9f5-54f9-9604-e30492e883b4,0ac57c3e-1fb4-5e13-a058-3daf0c7a2ad2,contains,Views.sysmlx
b4301823-1606-5808-8138-345f06701101,0b02ac1a-20fa-516c-bc7d-e6cf3e4e3617,contains,UseCases.sysmlx
b4301823-1606-5808-8138-345f06701101,0b02ac1a-20fa-516c-bc7d-e6cf3e4e3617,owns,UseCases.sysmlx
0b02ac1a-20fa-516c-bc7d-e6cf3e4e3617,a7817469-2b9f-557f-8694-5162f5b61108,contains,UseCases.sysmlx
a7817469-2b9f-557f-8694-5162f5b61108,9b8c43e7-bcff-5c94-9fcc-bf59f7fd0a5b,contains,UseCases.sysmlx
a7817469-2b9f-557f-8694-5162f5b61108,9b8c43e7-bcff-5c94-9fcc-bf59f7fd0a5b,owns,UseCases.sysmlx
9b8c43e7-bcff-5c94-9fcc-bf59f7fd0a5b,38ebbd87-7d4c-5e49-a09e-1d3d2bbd3704,contains,UseCases.sysmlx
a7817469-2b9f-557f-8694-5162f5b61108,9f3e8b47-ea31-5e25-9ace-71df0d3d629d,contains,UseCases.sysmlx
a7817469-2b9f-557f-8694-5162f5b61108,9f3e8b47-ea31-5e25-9ace-71df0d3d629d,imports,UseCases.sysmlx
a7817469-2b9f-557f-8694-5162f5b61108,6570d34e-9800-5476-8399-e906ea09332b,contains,UseCases.sysmlx
a7817469-2b9f-557f-8694-5162f5b61108,6570d34e-9800-5476-8399-e906ea09332b,imports,UseCases.sysmlx
a7817469-2b9f-557f-8694-5162f5b61108,2315aa49-d32b-5b5c-8b0d-d7d485bbf5cf,contains,UseCases.sysmlx
a7817469-2b9f-557f-8694-5162f5b61108,2315aa49-d32b-5b5c-8b0d-d7d485bbf5cf,owns,UseCases.sysmlx
2315aa49-d32b-5b5c-8b0d-d7d485bbf5cf,1437bf09-8a7e-573d-b214-2071bf9de103,contains,UseCases.sysmlx
1437bf09-8a7e-573d-b214-2071bf9de103,777db847-ece9-548d-bdc5-59ce4c2899c6,contains,UseCases.sysmlx
1437bf09-8a7e-573d-b214-2071bf9de103,777db847-ece9-548d-bdc5-59ce4c2899c6,specializes,UseCases.sysmlx
1437bf09-8a7e-573d-b214-2071bf9de103,de5c9163-bd46-5b89-9fa7-9f58f3f6b1ab,contains,UseCases.sysmlx
1437bf09-8a7e-573d-b214-2071bf9de103,de5c9163-bd46-5b89-9fa7-9f58f3f6b1ab,owns,UseCases.sysmlx
de5c9163-bd46-5b89-9fa7-9f58f3f6b1ab,c0d3a334-72ea-55c9-ac42-e7c7125c7637,contains,UseCases.sysmlx
1437bf09-8a7e-573d-b214-2071bf9de103,7e2305f5-0a84-5938-8047-f9814afb56f8,contains,UseCases.sysmlx
1437bf09-8a7e-573d-b214-2071bf9de103,7e2305f5-0a84-5938-8047-f9814afb56f8,has_feature,UseCases.sysmlx
7e2305f5-0a84-5938-8047-f9814afb56f8,26014dc7-4b03-53dd-a443-87bc43770214,contains,UseCases.sysmlx
7e2305f5-0a84-5938-8047-f9814afb56f8,26014dc7-4b03-53dd-a443-87bc43770214,has_use_case,UseCases.sysmlx
26014dc7-4b03-53dd-a443-87bc43770214,a08a9335-2b9b-5764-a0d7-571f53b8260f,contains,UseCases.sysmlx
26014dc7-4b03-53dd-a443-87bc43770214,a08a9335-2b9b-5764-a0d7-571f53b8260f,typed_by,UseCases.sysmlx
a08a9335-2b9b-5764-a0d7-571f53b8260f,26014dc7-4b03-53dd-a443-87bc43770214,typed_by,UseCases.sysmlx
26014dc7-4b03-53dd-a443-87bc43770214,a789d6b3-4053-5b03-acf5-b11ceca2cf7c,contains,UseCases.sysmlx
26014dc7-4b03-53dd-a443-87bc43770214,a789d6b3-4053-5b03-acf5-b11ceca2cf7c,redefines,UseCases.sysmlx
a789d6b3-4053-5b03-acf5-b11ceca2cf7c,26014dc7-4b03-53dd-a443-87bc43770214,redefines,UseCases.sysmlx
1437bf09-8a7e-573d-b214-2071bf9de103,aee66175-124b-5759-9cd1-042fa35fbe54,contains,UseCases.sysmlx
1437bf09-8a7e-573d-b214-2071bf9de103,aee66175-124b-5759-9cd1-042fa35fbe54,has_subject,UseCases.sysmlx
aee66175-124b-5759-9cd1-042fa35fbe54,8f87624b-652c-556d-90e4-0b606abf7a24,contains,UseCases.sysmlx
8f87624b-652c-556d-90e4-0b606abf7a24,49fec3ed-d023-5eb7-9ebd-b8a1bcb12ef2,contains,UseCases.sysmlx
8f87624b-652c-556d-90e4-0b606abf7a24,49fec3ed-d023-5eb7-9ebd-b8a1bcb12ef2,redefines,UseCases.sysmlx
49fec3ed-d023-5eb7-9ebd-b8a1bcb12ef2,8f87624b-652c-556d-90e4-0b606abf7a24,redefines,UseCases.sysmlx
1437bf09-8a7e-573d-b214-2071bf9de103,180aaf2b-647a-5aed-947a-09bbd7e5d66f,contains,UseCases.sysmlx
1437bf09-8a7e-573d-b214-2071bf9de103,180aaf2b-647a-5aed-947a-09bbd7e5d66f,has_objective,UseCases.sysmlx
180aaf2b-647a-5aed-947a-09bbd7e5d66f,f277fbd2-272e-5481-9f32-12ef121301b0,contains,UseCases.sysmlx
180aaf2b-647a-5aed-947a-09bbd7e5d66f,f277fbd2-272e-5481-9f32-12ef121301b0,has_requirement,UseCases.sysmlx
f277fbd2-272e-5481-9f32-12ef121301b0,56285188-cb79-58a7-8710-008db352c34d,contains,UseCases.sysmlx
f277fbd2-272e-5481-9f32-12ef121301b0,56285188-cb79-58a7-8710-008db352c34d,redefines,UseCases.sysmlx
56285188-cb79-58a7-8710-008db352c34d,f277fbd2-272e-5481-9f32-12ef121301b0,redefines,UseCases.sysmlx
1437bf09-8a7e-573d-b214-2071bf9de103,338e8c23-28ba-5b11-aebc-ba8bc6470f32,contains,UseCases.sysmlx
1437bf09-8a7e-573d-b214-2071bf9de103,338e8c23-28ba-5b11-aebc-ba8bc6470f32,has_feature,UseCases.sysmlx
338e8c23-28ba-5b11-aebc-ba8bc6470f32,8507a333-e9b7-5591-9b15-57b03c67f53e,contains,UseCases.sysmlx
338e8c23-28ba-5b11-aebc-ba8bc6470f32,8507a333-e9b7-5591-9b15-57b03c67f53e,has_use_case,UseCases.sysmlx
8507a333-e9b7-5591-9b15-57b03c67f53e,0568fac8-d96e-5493-8ec9-a13a5a8bbb98,contains,UseCases.sysmlx
8507a333-e9b7-5591-9b15-57b03c67f53e,0568fac8-d96e-5493-8ec9-a13a5a8bbb98,typed_by,UseCases.sysmlx
0568fac8-d96e-5493-8ec9-a13a5a8bbb98,8507a333-e9b7-5591-9b15-57b03c67f53e,typed_by,UseCases.sysmlx
8507a333-e9b7-5591-9b15-57b03c67f53e,73255887-2fb9-5c5e-9b55-a5924055d5e6,contains,UseCases.sysmlx
8507a333-e9b7-5591-9b15-57b03c67f53e,73255887-2fb9-5c5e-9b55-a5924055d5e6,redefines,UseCases.sysmlx
73255887-2fb9-5c5e-9b55-a5924055d5e6,8507a333-e9b7-5591-9b15-57b03c67f53e,redefines,UseCases.sysmlx
8507a333-e9b7-5591-9b15-57b03c67f53e,c40a65a7-60a0-5a60-adc5-e51eb653638a,contains,UseCases.sysmlx
8507a333-e9b7-5591-9b15-57b03c67f53e,c40a65a7-60a0-5a60-adc5-e51eb653638a,owns,UseCases.sysmlx
c40a65a7-60a0-5a60-adc5-e51eb653638a,b510a6d6-940b-54b9-ae25-b985828ae685,contains,UseCases.sysmlx
1437bf09-8a7e-573d-b214-2071bf9de103,5da56a0a-ce07-5e7c-bec9-567ba4d8cfda,contains,UseCases.sysmlx
1437bf09-8a7e-573d-b214-2071bf9de103,5da56a0a-ce07-5e7c-bec9-567ba4d8cfda,has_feature,UseCases.sysmlx
5da56a0a-ce07-5e7c-bec9-567ba4d8cfda,e03c2665-c39d-526e-bee8-f6ba2de4f7aa,contains,UseCases.sysmlx
5da56a0a-ce07-5e7c-bec9-567ba4d8cfda,e03c2665-c39d-526e-bee8-f6ba2de4f7aa,has_use_case,UseCases.sysmlx
e03c2665-c39d-526e-bee8-f6ba2de4f7aa,4181d333-79a8-5161-b7b3-b31a1c536a0d,contains,UseCases.sysmlx
e03c2665-c39d-526e-bee8-f6ba2de4f7aa,4181d333-79a8-5161-b7b3-b31a1c536a0d,typed_by,UseCases.sysmlx
4181d333-79a8-5161-b7b3-b31a1c536a0d,e03c2665-c39d-526e-bee8-f6ba2de4f7aa,typed_by,UseCases.sysmlx
e03c2665-c39d-526e-bee8-f6ba2de4f7aa,8f153942-11c7-582c-bb40-da8afeb8ad42,contains,UseCases.sysmlx
e03c2665-c39d-526e-bee8-f6ba2de4f7aa,8f153942-11c7-582c-bb40-da8afeb8ad42,redefines,UseCases.sysmlx
8f153942-11c7-582c-bb40-da8afeb8ad42,e03c2665-c39d-526e-bee8-f6ba2de4f7aa,redefines,UseCases.sysmlx
e03c2665-c39d-526e-bee8-f6ba2de4f7aa,05f6a24d-f600-52ee-84ce-3738c103f37a,contains,UseCases.sysmlx
e03c2665-c39d-526e-bee8-f6ba2de4f7aa,05f6a24d-f600-52ee-84ce-3738c103f37a,owns,UseCases.sysmlx
05f6a24d-f600-52ee-84ce-3738c103f37a,5dd91b64-fd8e-539f-b32e-f812559da824,contains,UseCases.sysmlx
1437bf09-8a7e-573d-b214-2071bf9de103,56a74f47-f374-5b69-9e8d-c2b732b72234,contains,UseCases.sysmlx
1437bf09-8a7e-573d-b214-2071bf9de103,56a74f47-f374-5b69-9e8d-c2b732b72234,has_feature,UseCases.sysmlx
56a74f47-f374-5b69-9e8d-c2b732b72234,f897fce8-cb52-57c4-ba68-74182d3d57e8,contains,UseCases.sysmlx
56a74f47-f374-5b69-9e8d-c2b732b72234,f897fce8-cb52-57c4-ba68-74182d3d57e8,has_use_case,UseCases.sysmlx
f897fce8-cb52-57c4-ba68-74182d3d57e8,c11263eb-43c3-520f-92b1-bc4320f9899b,contains,UseCases.sysmlx
f897fce8-cb52-57c4-ba68-74182d3d57e8,c11263eb-43c3-520f-92b1-bc4320f9899b,typed_by,UseCases.sysmlx
c11263eb-43c3-520f-92b1-bc4320f9899b,f897fce8-cb52-57c4-ba68-74182d3d57e8,typed_by,UseCases.sysmlx
f897fce8-cb52-57c4-ba68-74182d3d57e8,6acd4131-4380-55e9-8f48-24320d59861e,contains,UseCases.sysmlx
f897fce8-cb52-57c4-ba68-74182d3d57e8,6acd4131-4380-55e9-8f48-24320d59861e,owns,UseCases.sysmlx
6acd4131-4380-55e9-8f48-24320d59861e,fb668887-2ab7-5b76-bcc4-80a0dd0457ee,contains,UseCases.sysmlx
fb668887-2ab7-5b76-bcc4-80a0dd0457ee,7316569e-dd6b-54e4-bab6-770b3d724e3f,contains,UseCases.sysmlx
fb668887-2ab7-5b76-bcc4-80a0dd0457ee,7316569e-dd6b-54e4-bab6-770b3d724e3f,owns,UseCases.sysmlx
7316569e-dd6b-54e4-bab6-770b3d724e3f,926956f0-3e8a-5958-ac77-9ba686890609,contains,UseCases.sysmlx
fb668887-2ab7-5b76-bcc4-80a0dd0457ee,30fac68e-9888-5d4a-b8ed-a07cbd958b1f,contains,UseCases.sysmlx
fb668887-2ab7-5b76-bcc4-80a0dd0457ee,30fac68e-9888-5d4a-b8ed-a07cbd958b1f,owns,UseCases.sysmlx
30fac68e-9888-5d4a-b8ed-a07cbd958b1f,0b90217b-a5ad-5270-9d1b-52d87591e6b5,contains,UseCases.sysmlx
f897fce8-cb52-57c4-ba68-74182d3d57e8,b05c7294-b003-5353-9846-0110691b969d,contains,UseCases.sysmlx
f897fce8-cb52-57c4-ba68-74182d3d57e8,b05c7294-b003-5353-9846-0110691b969d,subsets,UseCases.sysmlx
b05c7294-b003-5353-9846-0110691b969d,ae9bfa28-85d7-5946-b6ba-4ac7e94568ae,subsets,UseCases.sysmlx
b05c7294-b003-5353-9846-0110691b969d,f897fce8-cb52-57c4-ba68-74182d3d57e8,subsets,UseCases.sysmlx
f897fce8-cb52-57c4-ba68-74182d3d57e8,a87fb43a-0451-5934-bbe7-5a9c8020d18f,contains,UseCases.sysmlx
f897fce8-cb52-57c4-ba68-74182d3d57e8,a87fb43a-0451-5934-bbe7-5a9c8020d18f,subsets,UseCases.sysmlx
a87fb43a-0451-5934-bbe7-5a9c8020d18f,f897fce8-cb52-57c4-ba68-74182d3d57e8,subsets,UseCases.sysmlx
f897fce8-cb52-57c4-ba68-74182d3d57e8,4ca2d27e-0e7a-550b-8037-90faea80008a,contains,UseCases.sysmlx
f897fce8-cb52-57c4-ba68-74182d3d57e8,4ca2d27e-0e7a-550b-8037-90faea80008a,owns,UseCases.sysmlx
4ca2d27e-0e7a-550b-8037-90faea80008a,3717b781-94b2-5689-95f3-69f000c642f8,contains,UseCases.sysmlx
1437bf09-8a7e-573d-b214-2071bf9de103,7bbda841-7f55-5fc0-a736-7b15a0d7dbe5,contains,UseCases.sysmlx
1437bf09-8a7e-573d-b214-2071bf9de103,7bbda841-7f55-5fc0-a736-7b15a0d7dbe5,has_feature,UseCases.sysmlx
7bbda841-7f55-5fc0-a736-7b15a0d7dbe5,8286ae14-8c36-501e-9fa2-f21431d4a1e1,contains,UseCases.sysmlx
7bbda841-7f55-5fc0-a736-7b15a0d7dbe5,8286ae14-8c36-501e-9fa2-f21431d4a1e1,has_use_case,UseCases.sysmlx
8286ae14-8c36-501e-9fa2-f21431d4a1e1,8de67ebb-26d9-5f11-afb3-7596f603bde9,contains,UseCases.sysmlx
8286ae14-8c36-501e-9fa2-f21431d4a1e1,8de67ebb-26d9-5f11-afb3-7596f603bde9,typed_by,UseCases.sysmlx
8de67ebb-26d9-5f11-afb3-7596f603bde9,8286ae14-8c36-501e-9fa2-f21431d4a1e1,typed_by,UseCases.sysmlx
8286ae14-8c36-501e-9fa2-f21431d4a1e1,674e9a61-4b65-5424-ae0f-52e2c66f7c11,contains,UseCases.sysmlx
8286ae14-8c36-501e-9fa2-f21431d4a1e1,674e9a61-4b65-5424-ae0f-52e2c66f7c11,owns,UseCases.sysmlx
674e9a61-4b65-5424-ae0f-52e2c66f7c11,c7ab8e16-3a25-546d-bf4b-6ea58501d5a1,contains,UseCases.sysmlx
c7ab8e16-3a25-546d-bf4b-6ea58501d5a1,fd4400d4-cca1-530a-9a70-f65e8daf6019,contains,UseCases.sysmlx
c7ab8e16-3a25-546d-bf4b-6ea58501d5a1,fd4400d4-cca1-530a-9a70-f65e8daf6019,owns,UseCases.sysmlx
fd4400d4-cca1-530a-9a70-f65e8daf6019,389a00a6-9414-5dce-9088-77b95b98bee8,contains,UseCases.sysmlx
c7ab8e16-3a25-546d-bf4b-6ea58501d5a1,1a64b506-e5e1-5a66-b5c1-61df8d69b7e7,contains,UseCases.sysmlx
c7ab8e16-3a25-546d-bf4b-6ea58501d5a1,1a64b506-e5e1-5a66-b5c1-61df8d69b7e7,owns,UseCases.sysmlx
1a64b506-e5e1-5a66-b5c1-61df8d69b7e7,518d1c50-f27d-5f0d-b497-4d10d732e184,contains,UseCases.sysmlx
8286ae14-8c36-501e-9fa2-f21431d4a1e1,dee2ada2-be24-59b0-8141-83b1c6249b86,contains,UseCases.sysmlx
8286ae14-8c36-501e-9fa2-f21431d4a1e1,dee2ada2-be24-59b0-8141-83b1c6249b86,subsets,UseCases.sysmlx
dee2ada2-be24-59b0-8141-83b1c6249b86,ae9bfa28-85d7-5946-b6ba-4ac7e94568ae,subsets,UseCases.sysmlx
dee2ada2-be24-59b0-8141-83b1c6249b86,8286ae14-8c36-501e-9fa2-f21431d4a1e1,subsets,UseCases.sysmlx
8286ae14-8c36-501e-9fa2-f21431d4a1e1,16f1534b-0376-52e0-ae91-f02c52d7f5bb,contains,UseCases.sysmlx
8286ae14-8c36-501e-9fa2-f21431d4a1e1,16f1534b-0376-52e0-ae91-f02c52d7f5bb,subsets,UseCases.sysmlx
16f1534b-0376-52e0-ae91-f02c52d7f5bb,8286ae14-8c36-501e-9fa2-f21431d4a1e1,subsets,UseCases.sysmlx
8286ae14-8c36-501e-9fa2-f21431d4a1e1,faa5cde3-b7ff-5223-8f8d-e6de85ac53a7,contains,UseCases.sysmlx
8286ae14-8c36-501e-9fa2-f21431d4a1e1,faa5cde3-b7ff-5223-8f8d-e6de85ac53a7,owns,UseCases.sysmlx
faa5cde3-b7ff-5223-8f8d-e6de85ac53a7,2a288b24-6649-5f04-a32c-5fdc329884e9,contains,UseCases.sysmlx
a7817469-2b9f-557f-8694-5162f5b61108,b7424f81-3d9e-57ec-a2b7-502d220d2775,contains,UseCases.sysmlx
a7817469-2b9f-557f-8694-5162f5b61108,b7424f81-3d9e-57ec-a2b7-502d220d2775,owns,UseCases.sysmlx
b7424f81-3d9e-57ec-a2b7-502d220d2775,ae9bfa28-85d7-5946-b6ba-4ac7e94568ae,contains,UseCases.sysmlx
b7424f81-3d9e-57ec-a2b7-502d220d2775,ae9bfa28-85d7-5946-b6ba-4ac7e94568ae,has_use_case,UseCases.sysmlx
ae9bfa28-85d7-5946-b6ba-4ac7e94568ae,8e358942-e801-58fd-90d5-de23142e1c17,contains,UseCases.sysmlx
ae9bfa28-85d7-5946-b6ba-4ac7e94568ae,8e358942-e801-58fd-90d5-de23142e1c17,typed_by,UseCases.sysmlx
8e358942-e801-58fd-90d5-de23142e1c17,ae9bfa28-85d7-5946-b6ba-4ac7e94568ae,typed_by,UseCases.sysmlx
ae9bfa28-85d7-5946-b6ba-4ac7e94568ae,c6d0ec10-f302-516e-9d34-11daecf16829,contains,UseCases.sysmlx
ae9bfa28-85d7-5946-b6ba-4ac7e94568ae,c6d0ec10-f302-516e-9d34-11daecf16829,owns,UseCases.sysmlx
c6d0ec10-f302-516e-9d34-11daecf16829,8d80a0fa-7e87-5d0d-8054-6ff86631626c,contains,UseCases.sysmlx
8d80a0fa-7e87-5d0d-8054-6ff86631626c,48d3571c-3ca3-5840-ba48-d67f29c62499,contains,UseCases.sysmlx
8d80a0fa-7e87-5d0d-8054-6ff86631626c,48d3571c-3ca3-5840-ba48-d67f29c62499,owns,UseCases.sysmlx
48d3571c-3ca3-5840-ba48-d67f29c62499,727e92c5-353e-54d9-a3dc-444270809f68,contains,UseCases.sysmlx
8d80a0fa-7e87-5d0d-8054-6ff86631626c,b7219572-f96a-5a2c-adb5-72cd4364c76c,contains,UseCases.sysmlx
8d80a0fa-7e87-5d0d-8054-6ff86631626c,b7219572-f96a-5a2c-adb5-72cd4364c76c,owns,UseCases.sysmlx
b7219572-f96a-5a2c-adb5-72cd4364c76c,f765f96b-210f-54dc-a080-d58bc752c27f,contains,UseCases.sysmlx
ae9bfa28-85d7-5946-b6ba-4ac7e94568ae,0c9bb701-9346-5c01-9f8a-317ef7f0f614,contains,UseCases.sysmlx
ae9bfa28-85d7-5946-b6ba-4ac7e94568ae,0c9bb701-9346-5c01-9f8a-317ef7f0f614,subsets,UseCases.sysmlx
0c9bb701-9346-5c01-9f8a-317ef7f0f614,ae9bfa28-85d7-5946-b6ba-4ac7e94568ae,subsets,UseCases.sysmlx
ae9bfa28-85d7-5946-b6ba-4ac7e94568ae,f1fe3710-e7a8-5659-a5c1-91d52e0b848a,contains,UseCases.sysmlx
ae9bfa28-85d7-5946-b6ba-4ac7e94568ae,f1fe3710-e7a8-5659-a5c1-91d52e0b848a,owns,UseCases.sysmlx
f1fe3710-e7a8-5659-a5c1-91d52e0b848a,5094d664-2da5-54ff-bad7-d12bfa84634f,contains,UseCases.sysmlx
fb5e8637-817c-512e-9c53-a367e7cb7b80,c07fcf81-b0ae-51f3-b4b9-55f97ef81c1b,contains,Flows.sysmlx
fb5e8637-817c-512e-9c53-a367e7cb7b80,c07fcf81-b0ae-51f3-b4b9-55f97ef81c1b,owns,Flows.sysmlx
c07fcf81-b0ae-51f3-b4b9-55f97ef81c1b,727e18b4-9722-525c-a526-731097447f23,contains,Flows.sysmlx
727e18b4-9722-525c-a526-731097447f23,2e805a86-064b-5850-8b1e-a875aab926b7,contains,Flows.sysmlx
727e18b4-9722-525c-a526-731097447f23,2e805a86-064b-5850-8b1e-a875aab926b7,owns,Flows.sysmlx
2e805a86-064b-5850-8b1e-a875aab926b7,dae5f6e5-b63f-5c96-be63-549495d47cca,contains,Flows.sysmlx
727e18b4-9722-525c-a526-731097447f23,fe9ac4b2-c32e-560d-89df-8f1307f5c675,contains,Flows.sysmlx
727e18b4-9722-525c-a526-731097447f23,fe9ac4b2-c32e-560d-89df-8f1307f5c675,imports,Flows.sysmlx
727e18b4-9722-525c-a526-731097447f23,24175aba-db9d-545e-94e6-aba3d61e4bf4,contains,Flows.sysmlx
727e18b4-9722-525c-a526-731097447f23,24175aba-db9d-545e-94e6-aba3d61e4bf4,imports,Flows.sysmlx
727e18b4-9722-525c-a526-731097447f23,1a512fdc-f415-539b-8852-095dad2d85b6,contains,Flows.sysmlx
727e18b4-9722-525c-a526-731097447f23,1a512fdc-f415-539b-8852-095dad2d85b6,imports,Flows.sysmlx
727e18b4-9722-525c-a526-731097447f23,af00c3ae-2d08-55d5-9c0c-5d9193bde5bf,contains,Flows.sysmlx
727e18b4-9722-525c-a526-731097447f23,af00c3ae-2d08-55d5-9c0c-5d9193bde5bf,imports,Flows.sysmlx
727e18b4-9722-525c-a526-731097447f23,16483d02-218b-5f8e-9b5e-ba5ea21e42d1,contains,Flows.sysmlx
727e18b4-9722-525c-a526-731097447f23,16483d02-218b-5f8e-9b5e-ba5ea21e42d1,imports,Flows.sysmlx
727e18b4-9722-525c-a526-731097447f23,1f992b43-3b25-58d1-a3c5-9f303a242d9b,contains,Flows.sysmlx
727e18b4-9722-525c-a526-731097447f23,1f992b43-3b25-58d1-a3c5-9f303a242d9b,imports,Flows.sysmlx
727e18b4-9722-525c-a526-731097447f23,c8958c05-83ac-51f3-ba03-4d3f8b713ca6,contains,Flows.sysmlx
727e18b4-9722-525c-a526-731097447f23,c8958c05-83ac-51f3-ba03-4d3f8b713ca6,imports,Flows.sysmlx
727e18b4-9722-525c-a526-731097447f23,f452bda9-68f9-56c7-9b78-01940d793c3a,contains,Flows.sysmlx
727e18b4-9722-525c-a526-731097447f23,f452bda9-68f9-56c7-9b78-01940d793c3a,imports,Flows.sysmlx
727e18b4-9722-525c-a526-731097447f23,f78b5dd3-f4c6-5e01-abc2-e3a9c6f95b77,contains,Flows.sysmlx
727e18b4-9722-525c-a526-731097447f23,f78b5dd3-f4c6-5e01-abc2-e3a9c6f95b77,imports,Flows.sysmlx
727e18b4-9722-525c-a526-731097447f23,968a88db-adda-5136-8c48-92fdb0bbe489,contains,Flows.sysmlx
727e18b4-9722-525c-a526-731097447f23,968a88db-adda-5136-8c48-92fdb0bbe489,imports,Flows.sysmlx
727e18b4-9722-525c-a526-731097447f23,6ba9030e-7ca5-5171-aebf-9f7bee222d3f,contains,Flows.sysmlx
727e18b4-9722-525c-a526-731097447f23,6ba9030e-7ca5-5171-aebf-9f7bee222d3f,imports,Flows.sysmlx
727e18b4-9722-525c-a526-731097447f23,c1cdb600-658f-59f7-9865-2f22c8b3a97f,contains,Flows.sysmlx
727e18b4-9722-525c-a526-731097447f23,c1cdb600-658f-59f7-9865-2f22c8b3a97f,imports,Flows.sysmlx
727e18b4-9722-525c-a526-731097447f23,26e304a1-8b18-5ef6-9f35-d550914ce11d,contains,Flows.sysmlx
727e18b4-9722-525c-a526-731097447f23,26e304a1-8b18-5ef6-9f35-d550914ce11d,imports,Flows.sysmlx
727e18b4-9722-525c-a526-731097447f23,d2400e00-8540-5961-81b0-a5c26455c5a8,contains,Flows.sysmlx
727e18b4-9722-525c-a526-731097447f23,d2400e00-8540-5961-81b0-a5c26455c5a8,owns,Flows.sysmlx
d2400e00-8540-5961-81b0-a5c26455c5a8,8a8b5ad5-46dc-5420-80bb-f7730e2573ff,contains,Flows.sysmlx
8a8b5ad5-46dc-5420-80bb-f7730e2573ff,db159e97-74c1-53d1-8fee-2cb8b135e6b1,contains,Flows.sysmlx
8a8b5ad5-46dc-5420-80bb-f7730e2573ff,db159e97-74c1-53d1-8fee-2cb8b135e6b1,specializes,Flows.sysmlx
8a8b5ad5-46dc-5420-80bb-f7730e2573ff,81122973-8a61-54e0-8015-75b322aac2b6,contains,Flows.sysmlx
8a8b5ad5-46dc-5420-80bb-f7730e2573ff,81122973-8a61-54e0-8015-75b322aac2b6,specializes,Flows.sysmlx
8a8b5ad5-46dc-5420-80bb-f7730e2573ff,bdc10bac-4296-52ac-8032-d9f1bfa5f7eb,contains,Flows.sysmlx
8a8b5ad5-46dc-5420-80bb-f7730e2573ff,bdc10bac-4296-52ac-8032-d9f1bfa5f7eb,owns,Flows.sysmlx
bdc10bac-4296-52ac-8032-d9f1bfa5f7eb,3023298e-ddce-5a58-98eb-1f3b0aae2996,contains,Flows.sysmlx
8a8b5ad5-46dc-5420-80bb-f7730e2573ff,bc023880-9cfb-5653-840e-1cdcce33503d,contains,Flows.sysmlx
8a8b5ad5-46dc-5420-80bb-f7730e2573ff,bc023880-9cfb-5653-840e-1cdcce33503d,has_feature,Flows.sysmlx
bc023880-9cfb-5653-840e-1cdcce33503d,91c59f38-c439-53f2-be5a-179e63ad420c,contains,Flows.sysmlx
91c59f38-c439-53f2-be5a-179e63ad420c,0f882b64-a0a6-52e6-81d4-c854bb1fe5fb,contains,Flows.sysmlx
91c59f38-c439-53f2-be5a-179e63ad420c,0f882b64-a0a6-52e6-81d4-c854bb1fe5fb,owns,Flows.sysmlx
0f882b64-a0a6-52e6-81d4-c854bb1fe5fb,e63d423b-5244-565b-a83b-038e8e37e43c,contains,Flows.sysmlx
e63d423b-5244-565b-a83b-038e8e37e43c,d5fca031-62f5-5fe2-af27-f87a7bc95ba6,contains,Flows.sysmlx
e63d423b-5244-565b-a83b-038e8e37e43c,d5fca031-62f5-5fe2-af27-f87a7bc95ba6,owns,Flows.sysmlx
d5fca031-62f5-5fe2-af27-f87a7bc95ba6,fbb996fc-aa71-52a0-b7e5-d554a3412949,contains,Flows.sysmlx
e63d423b-5244-565b-a83b-038e8e37e43c,a3686998-7199-5336-ab05-aa77b1c2f24c,contains,Flows.sysmlx
e63d423b-5244-565b-a83b-038e8e37e43c,a3686998-7199-5336-ab05-aa77b1c2f24c,owns,Flows.sysmlx
a3686998-7199-5336-ab05-aa77b1c2f24c,706b8720-7387-5f59-81a7-de9d3642688f,contains,Flows.sysmlx
91c59f38-c439-53f2-be5a-179e63ad420c,363337f7-0bd4-57b1-b1b1-e6e4d5655843,contains,Flows.sysmlx
91c59f38-c439-53f2-be5a-179e63ad420c,363337f7-0bd4-57b1-b1b1-e6e4d5655843,owns,Flows.sysmlx
363337f7-0bd4-57b1-b1b1-e6e4d5655843,2a46cd54-c27d-58de-ac92-1abd4e6c171d,contains,Flows.sysmlx
727e18b4-9722-525c-a526-731097447f23,b52ef436-ff0b-5314-abcb-7f34629b1c3d,contains,Flows.sysmlx
727e18b4-9722-525c-a526-731097447f23,b52ef436-ff0b-5314-abcb-7f34629b1c3d,owns,Flows.sysmlx
b52ef436-ff0b-5314-abcb-7f34629b1c3d,f0675fac-7991-5924-861c-0dbf21848d31,contains,Flows.sysmlx
f0675fac-7991-5924-861c-0dbf21848d31,b5835bcf-4c7a-5c7b-8ada-a6d0551ef4c3,contains,Flows.sysmlx
f0675fac-7991-5924-861c-0dbf21848d31,b5835bcf-4c7a-5c7b-8ada-a6d0551ef4c3,specializes,Flows.sysmlx
f0675fac-7991-5924-861c-0dbf21848d31,81135d90-e61d-5100-a3e2-12436767f264,contains,Flows.sysmlx
f0675fac-7991-5924-861c-0dbf21848d31,81135d90-e61d-5100-a3e2-12436767f264,specializes,Flows.sysmlx
f0675fac-7991-5924-861c-0dbf21848d31,13502afc-0059-5a92-88ba-420633b9ab1c,contains,Flows.sysmlx
f0675fac-7991-5924-861c-0dbf21848d31,13502afc-0059-5a92-88ba-420633b9ab1c,owns,Flows.sysmlx
13502afc-0059-5a92-88ba-420633b9ab1c,624efd06-d0b5-54ee-bd43-39f3b864fa0d,contains,Flows.sysmlx
f0675fac-7991-5924-861c-0dbf21848d31,556c3de5-b559-53b6-b9f9-12f33a88c058,contains,Flows.sysmlx
f0675fac-7991-5924-861c-0dbf21848d31,556c3de5-b559-53b6-b9f9-12f33a88c058,has_feature,Flows.sysmlx
556c3de5-b559-53b6-b9f9-12f33a88c058,02911600-e0a4-5839-b555-6cf43c11e57b,contains,Flows.sysmlx
02911600-e0a4-5839-b555-6cf43c11e57b,48736f31-fed7-511a-8d12-f6f307ee18e8,contains,Flows.sysmlx
02911600-e0a4-5839-b555-6cf43c11e57b,48736f31-fed7-511a-8d12-f6f307ee18e8,redefines,Flows.sysmlx
48736f31-fed7-511a-8d12-f6f307ee18e8,02911600-e0a4-5839-b555-6cf43c11e57b,redefines,Flows.sysmlx
48736f31-fed7-511a-8d12-f6f307ee18e8,91c59f38-c439-53f2-be5a-179e63ad420c,redefines,Flows.sysmlx
02911600-e0a4-5839-b555-6cf43c11e57b,d6ab9a82-f0b3-5f07-ab17-3bc41eac2336,contains,Flows.sysmlx
02911600-e0a4-5839-b555-6cf43c11e57b,d6ab9a82-f0b3-5f07-ab17-3bc41eac2336,redefines,Flows.sysmlx
d6ab9a82-f0b3-5f07-ab17-3bc41eac2336,02911600-e0a4-5839-b555-6cf43c11e57b,redefines,Flows.sysmlx
f0675fac-7991-5924-861c-0dbf21848d31,ba7da3f5-1290-51ff-8cf7-ffda8ac61dbf,contains,Flows.sysmlx
f0675fac-7991-5924-861c-0dbf21848d31,ba7da3f5-1290-51ff-8cf7-ffda8ac61dbf,has_feature,Flows.sysmlx
ba7da3f5-1290-51ff-8cf7-ffda8ac61dbf,0b407d6b-bac1-511e-9c57-2f83414c7a82,contains,Flows.sysmlx
ba7da3f5-1290-51ff-8cf7-ffda8ac61dbf,0b407d6b-bac1-511e-9c57-2f83414c7a82,has_action,Flows.sysmlx
0b407d6b-bac1-511e-9c57-2f83414c7a82,27d62098-c165-5832-a068-22c545d61b3f,contains,Flows.sysmlx
0b407d6b-bac1-511e-9c57-2f83414c7a82,27d62098-c165-5832-a068-22c545d61b3f,has_value,Flows.sysmlx
27d62098-c165-5832-a068-22c545d61b3f,1716b25a-c4b1-5b38-b38b-cf27cccb9022,contains,Flows.sysmlx
27d62098-c165-5832-a068-22c545d61b3f,1716b25a-c4b1-5b38-b38b-cf27cccb9022,references,Flows.sysmlx
1716b25a-c4b1-5b38-b38b-cf27cccb9022,10696b89-8233-51cc-a641-7d116354c797,contains,Flows.sysmlx
1716b25a-c4b1-5b38-b38b-cf27cccb9022,10696b89-8233-51cc-a641-7d116354c797,has_member,Flows.sysmlx
1716b25a-c4b1-5b38-b38b-cf27cccb9022,ea52b4a3-30f3-597a-9385-eac24621b993,contains,Flows.sysmlx
1716b25a-c4b1-5b38-b38b-cf27cccb9022,ea52b4a3-30f3-597a-9385-eac24621b993,has_return_parameter,Flows.sysmlx
ea52b4a3-30f3-597a-9385-eac24621b993,97d0e12d-752d-53ff-b32a-fe5a09564695,contains,Flows.sysmlx
f0675fac-7991-5924-861c-0dbf21848d31,64208f59-433c-5b16-a1cd-385f5583596e,contains,Flows.sysmlx
f0675fac-7991-5924-861c-0dbf21848d31,64208f59-433c-5b16-a1cd-385f5583596e,has_feature,Flows.sysmlx
64208f59-433c-5b16-a1cd-385f5583596e,17db8ca4-96fa-5f0b-b171-9ea88d737788,contains,Flows.sysmlx
64208f59-433c-5b16-a1cd-385f5583596e,17db8ca4-96fa-5f0b-b171-9ea88d737788,has_event,Flows.sysmlx
17db8ca4-96fa-5f0b-b171-9ea88d737788,01d03ec2-8033-547a-adda-164f425c8402,contains,Flows.sysmlx
17db8ca4-96fa-5f0b-b171-9ea88d737788,01d03ec2-8033-547a-adda-164f425c8402,owns,Flows.sysmlx
01d03ec2-8033-547a-adda-164f425c8402,a096d6df-6a42-58e0-ba1e-9514e605a445,contains,Flows.sysmlx
a096d6df-6a42-58e0-ba1e-9514e605a445,691c4b44-e466-5317-aa8b-d5bf1863fae3,contains,Flows.sysmlx
a096d6df-6a42-58e0-ba1e-9514e605a445,691c4b44-e466-5317-aa8b-d5bf1863fae3,owns,Flows.sysmlx
691c4b44-e466-5317-aa8b-d5bf1863fae3,b1d75980-3380-5faa-8e7e-abe5a8256eba,contains,Flows.sysmlx
17db8ca4-96fa-5f0b-b171-9ea88d737788,b848e15e-dcef-5399-a084-737698d728d2,contains,Flows.sysmlx
17db8ca4-96fa-5f0b-b171-9ea88d737788,b848e15e-dcef-5399-a084-737698d728d2,has_value,Flows.sysmlx
b848e15e-dcef-5399-a084-737698d728d2,2c139fa8-9ef4-56de-bde5-03bf4ab4062e,contains,Flows.sysmlx
b848e15e-dcef-5399-a084-737698d728d2,2c139fa8-9ef4-56de-bde5-03bf4ab4062e,chains,Flows.sysmlx
2c139fa8-9ef4-56de-bde5-03bf4ab4062e,7df24d70-e9e6-54ed-b672-4065bb34c94f,contains,Flows.sysmlx
2c139fa8-9ef4-56de-bde5-03bf4ab4062e,7df24d70-e9e6-54ed-b672-4065bb34c94f,has_parameter,Flows.sysmlx
7df24d70-e9e6-54ed-b672-4065bb34c94f,563a9ce3-a97d-58af-bb60-d7327df4f5ea,contains,Flows.sysmlx
563a9ce3-a97d-58af-bb60-d7327df4f5ea,03bf86ff-7e13-5c75-9059-f5355fba4302,contains,Flows.sysmlx
563a9ce3-a97d-58af-bb60-d7327df4f5ea,03bf86ff-7e13-5c75-9059-f5355fba4302,has_value,Flows.sysmlx
03bf86ff-7e13-5c75-9059-f5355fba4302,f3e15b9f-8a27-5f3c-ba8f-04ce2813d80f,contains,Flows.sysmlx
03bf86ff-7e13-5c75-9059-f5355fba4302,f3e15b9f-8a27-5f3c-ba8f-04ce2813d80f,references,Flows.sysmlx
f3e15b9f-8a27-5f3c-ba8f-04ce2813d80f,b69fa5a8-a597-5a7f-b444-8f11868ce6a8,contains,Flows.sysmlx
f3e15b9f-8a27-5f3c-ba8f-04ce2813d80f,b69fa5a8-a597-5a7f-b444-8f11868ce6a8,has_member,Flows.sysmlx
b69fa5a8-a597-5a7f-b444-8f11868ce6a8,0b407d6b-bac1-511e-9c57-2f83414c7a82,has_member,Flows.sysmlx
f3e15b9f-8a27-5f3c-ba8f-04ce2813d80f,c4fe825e-f71c-5256-8c7a-705ef92f212d,contains,Flows.sysmlx
f3e15b9f-8a27-5f3c-ba8f-04ce2813d80f,c4fe825e-f71c-5256-8c7a-705ef92f212d,has_return_parameter,Flows.sysmlx
c4fe825e-f71c-5256-8c7a-705ef92f212d,71f85f6a-15d6-506b-82b5-52f43afb167e,contains,Flows.sysmlx
563a9ce3-a97d-58af-bb60-d7327df4f5ea,7363fdf2-ac1a-5354-b5a3-5e1dd258e98e,contains,Flows.sysmlx
563a9ce3-a97d-58af-bb60-d7327df4f5ea,7363fdf2-ac1a-5354-b5a3-5e1dd258e98e,has_feature,Flows.sysmlx
7363fdf2-ac1a-5354-b5a3-5e1dd258e98e,cde21d4e-65f6-5da9-ab0a-47315cd5632d,contains,Flows.sysmlx
2c139fa8-9ef4-56de-bde5-03bf4ab4062e,e0577b0b-3b9d-5eda-8adb-08017f3eb0c4,contains,Flows.sysmlx
2c139fa8-9ef4-56de-bde5-03bf4ab4062e,e0577b0b-3b9d-5eda-8adb-08017f3eb0c4,has_member,Flows.sysmlx
2c139fa8-9ef4-56de-bde5-03bf4ab4062e,9177b80a-5a98-5149-9ae9-d3ae612ad8f9,contains,Flows.sysmlx
2c139fa8-9ef4-56de-bde5-03bf4ab4062e,9177b80a-5a98-5149-9ae9-d3ae612ad8f9,has_return_parameter,Flows.sysmlx
9177b80a-5a98-5149-9ae9-d3ae612ad8f9,a326e89a-7ec3-5085-b0ec-eab861baa949,contains,Flows.sysmlx
17db8ca4-96fa-5f0b-b171-9ea88d737788,34a56599-fd20-5027-9fcf-94c0542d693e,contains,Flows.sysmlx
17db8ca4-96fa-5f0b-b171-9ea88d737788,34a56599-fd20-5027-9fcf-94c0542d693e,owns,Flows.sysmlx
34a56599-fd20-5027-9fcf-94c0542d693e,49fedc0b-d60b-50f7-81bb-e493fa52a9bf,contains,Flows.sysmlx
f0675fac-7991-5924-861c-0dbf21848d31,2e8b0291-39dd-5227-9f9c-9656fa340497,contains,Flows.sysmlx
f0675fac-7991-5924-861c-0dbf21848d31,2e8b0291-39dd-5227-9f9c-9656fa340497,has_feature,Flows.sysmlx
2e8b0291-39dd-5227-9f9c-9656fa340497,26df1f3f-ffd6-50da-827b-81ed024ae4d8,contains,Flows.sysmlx
2e8b0291-39dd-5227-9f9c-9656fa340497,26df1f3f-ffd6-50da-827b-81ed024ae4d8,has_event,Flows.sysmlx
26df1f3f-ffd6-50da-827b-81ed024ae4d8,c53d13b6-9408-5417-8a57-725f73ab2d73,contains,Flows.sysmlx
26df1f3f-ffd6-50da-827b-81ed024ae4d8,c53d13b6-9408-5417-8a57-725f73ab2d73,owns,Flows.sysmlx
c53d13b6-9408-5417-8a57-725f73ab2d73,cb400f2b-d503-59aa-89a0-b0010f4b003b,contains,Flows.sysmlx
cb400f2b-d503-59aa-89a0-b0010f4b003b,b572d7e0-9ffe-5223-8e34-8a0ec865f6b0,contains,Flows.sysmlx
cb400f2b-d503-59aa-89a0-b0010f4b003b,b572d7e0-9ffe-5223-8e34-8a0ec865f6b0,owns,Flows.sysmlx
b572d7e0-9ffe-5223-8e34-8a0ec865f6b0,6ff76c62-de60-509b-9145-f492d686bd9c,contains,Flows.sysmlx
26df1f3f-ffd6-50da-827b-81ed024ae4d8,c52eb99b-f8a5-5bc0-b126-537834afd7c1,contains,Flows.sysmlx
26df1f3f-ffd6-50da-827b-81ed024ae4d8,c52eb99b-f8a5-5bc0-b126-537834afd7c1,has_value,Flows.sysmlx
c52eb99b-f8a5-5bc0-b126-537834afd7c1,357cfccb-7808-5a9e-87b3-65b9fe3f48b5,contains,Flows.sysmlx
c52eb99b-f8a5-5bc0-b126-537834afd7c1,357cfccb-7808-5a9e-87b3-65b9fe3f48b5,chains,Flows.sysmlx
357cfccb-7808-5a9e-87b3-65b9fe3f48b5,0bbabe14-c61c-5f0c-86ba-aad96a08df04,contains,Flows.sysmlx
357cfccb-7808-5a9e-87b3-65b9fe3f48b5,0bbabe14-c61c-5f0c-86ba-aad96a08df04,has_parameter,Flows.sysmlx
0bbabe14-c61c-5f0c-86ba-aad96a08df04,6be385cc-dd99-58c8-852c-8331c7fd8d19,contains,Flows.sysmlx
6be385cc-dd99-58c8-852c-8331c7fd8d19,2ef9582d-05fa-5478-ace0-af85f06cea59,contains,Flows.sysmlx
6be385cc-dd99-58c8-852c-8331c7fd8d19,2ef9582d-05fa-5478-ace0-af85f06cea59,has_value,Flows.sysmlx
2ef9582d-05fa-5478-ace0-af85f06cea59,a8452f01-e0f6-5de6-9991-435e2d8dd3e5,contains,Flows.sysmlx
2ef9582d-05fa-5478-ace0-af85f06cea59,a8452f01-e0f6-5de6-9991-435e2d8dd3e5,references,Flows.sysmlx
a8452f01-e0f6-5de6-9991-435e2d8dd3e5,119f9370-ba3a-5535-9b87-ef53d334412c,contains,Flows.sysmlx
a8452f01-e0f6-5de6-9991-435e2d8dd3e5,119f9370-ba3a-5535-9b87-ef53d334412c,has_member,Flows.sysmlx
119f9370-ba3a-5535-9b87-ef53d334412c,0b407d6b-bac1-511e-9c57-2f83414c7a82,has_member,Flows.sysmlx
a8452f01-e0f6-5de6-9991-435e2d8dd3e5,b11b5089-7657-5213-ba5a-c7e0356a8371,contains,Flows.sysmlx
a8452f01-e0f6-5de6-9991-435e2d8dd3e5,b11b5089-7657-5213-ba5a-c7e0356a8371,has_return_parameter,Flows.sysmlx
b11b5089-7657-5213-ba5a-c7e0356a8371,fe09d68d-97cc-5929-9a1b-7b9177083870,contains,Flows.sysmlx
6be385cc-dd99-58c8-852c-8331c7fd8d19,26ce6997-e3ee-5fec-a158-5c08c92512e9,contains,Flows.sysmlx
6be385cc-dd99-58c8-852c-8331c7fd8d19,26ce6997-e3ee-5fec-a158-5c08c92512e9,has_feature,Flows.sysmlx
26ce6997-e3ee-5fec-a158-5c08c92512e9,a06b41fd-2ce8-5381-b866-2fff9c61daa7,contains,Flows.sysmlx
357cfccb-7808-5a9e-87b3-65b9fe3f48b5,e3b340e0-1232-5db8-90f9-b7b3c35ea680,contains,Flows.sysmlx
357cfccb-7808-5a9e-87b3-65b9fe3f48b5,e3b340e0-1232-5db8-90f9-b7b3c35ea680,has_member,Flows.sysmlx
357cfccb-7808-5a9e-87b3-65b9fe3f48b5,1e340fe1-f25b-51d9-878b-270f0a59ba7c,contains,Flows.sysmlx
357cfccb-7808-5a9e-87b3-65b9fe3f48b5,1e340fe1-f25b-51d9-878b-270f0a59ba7c,has_return_parameter,Flows.sysmlx
1e340fe1-f25b-51d9-878b-270f0a59ba7c,3828a291-11bc-58a9-ac95-90a231ad8c6e,contains,Flows.sysmlx
26df1f3f-ffd6-50da-827b-81ed024ae4d8,b2575cd3-cb37-5c2b-bb07-d93d41689ef5,contains,Flows.sysmlx
26df1f3f-ffd6-50da-827b-81ed024ae4d8,b2575cd3-cb37-5c2b-bb07-d93d41689ef5,owns,Flows.sysmlx
b2575cd3-cb37-5c2b-bb07-d93d41689ef5,0350de1c-68d3-53b0-a701-0e55eaf6c163,contains,Flows.sysmlx
f0675fac-7991-5924-861c-0dbf21848d31,dc3e04ba-c0f0-5ee8-9df1-bdcd6cab73f3,contains,Flows.sysmlx
f0675fac-7991-5924-861c-0dbf21848d31,dc3e04ba-c0f0-5ee8-9df1-bdcd6cab73f3,has_feature,Flows.sysmlx
dc3e04ba-c0f0-5ee8-9df1-bdcd6cab73f3,c3a526d9-b499-5bd3-9d89-4106d6ff2610,contains,Flows.sysmlx
dc3e04ba-c0f0-5ee8-9df1-bdcd6cab73f3,c3a526d9-b499-5bd3-9d89-4106d6ff2610,connects,Flows.sysmlx
c3a526d9-b499-5bd3-9d89-4106d6ff2610,ff891bd6-dc90-540a-8dd4-67fd9d680471,contains,Flows.sysmlx
c3a526d9-b499-5bd3-9d89-4106d6ff2610,ff891bd6-dc90-540a-8dd4-67fd9d680471,typed_by,Flows.sysmlx
ff891bd6-dc90-540a-8dd4-67fd9d680471,c3a526d9-b499-5bd3-9d89-4106d6ff2610,typed_by,Flows.sysmlx
c3a526d9-b499-5bd3-9d89-4106d6ff2610,1d6663d5-071d-5213-b37e-1e308151eb06,contains,Flows.sysmlx
c3a526d9-b499-5bd3-9d89-4106d6ff2610,1d6663d5-071d-5213-b37e-1e308151eb06,has_end,Flows.sysmlx
1d6663d5-071d-5213-b37e-1e308151eb06,237a729b-5690-505a-aa76-b0fb279852a7,contains,Flows.sysmlx
237a729b-5690-505a-aa76-b0fb279852a7,a6efff15-65f2-55e0-a322-64915c3d54a2,contains,Flows.sysmlx
237a729b-5690-505a-aa76-b0fb279852a7,a6efff15-65f2-55e0-a322-64915c3d54a2,subsets,Flows.sysmlx
a6efff15-65f2-55e0-a322-64915c3d54a2,17db8ca4-96fa-5f0b-b171-9ea88d737788,has_feature,Flows.sysmlx
237a729b-5690-505a-aa76-b0fb279852a7,89b456e5-f8b7-5171-be66-95053de4caed,contains,Flows.sysmlx
237a729b-5690-505a-aa76-b0fb279852a7,89b456e5-f8b7-5171-be66-95053de4caed,owns,Flows.sysmlx
89b456e5-f8b7-5171-be66-95053de4caed,d9ea945e-b5fe-5f92-87b3-bccf293cb156,contains,Flows.sysmlx
c3a526d9-b499-5bd3-9d89-4106d6ff2610,2d774b37-73ed-5123-88aa-7dde387dd0ed,contains,Flows.sysmlx
c3a526d9-b499-5bd3-9d89-4106d6ff2610,2d774b37-73ed-5123-88aa-7dde387dd0ed,has_end,Flows.sysmlx
2d774b37-73ed-5123-88aa-7dde387dd0ed,9cd65c39-268a-5f83-bcfb-cb003376f452,contains,Flows.sysmlx
9cd65c39-268a-5f83-bcfb-cb003376f452,683b86fb-371c-58da-97f5-b39e304caab9,contains,Flows.sysmlx
9cd65c39-268a-5f83-bcfb-cb003376f452,683b86fb-371c-58da-97f5-b39e304caab9,owns,Flows.sysmlx
683b86fb-371c-58da-97f5-b39e304caab9,66e9909b-9a81-53ac-98bc-b428c57c3c91,contains,Flows.sysmlx
66e9909b-9a81-53ac-98bc-b428c57c3c91,34cfc062-547c-5b66-bca5-238ff4ccf7ab,contains,Flows.sysmlx
66e9909b-9a81-53ac-98bc-b428c57c3c91,34cfc062-547c-5b66-bca5-238ff4ccf7ab,owns,Flows.sysmlx
34cfc062-547c-5b66-bca5-238ff4ccf7ab,2610c6d0-ee23-5e21-ace2-db9a4d148265,contains,Flows.sysmlx
2610c6d0-ee23-5e21-ace2-db9a4d148265,44af88ab-4c25-5ffc-8ba4-36dd1042ab32,contains,Flows.sysmlx
2610c6d0-ee23-5e21-ace2-db9a4d148265,44af88ab-4c25-5ffc-8ba4-36dd1042ab32,owns,Flows.sysmlx
44af88ab-4c25-5ffc-8ba4-36dd1042ab32,08d5dd64-0881-5a32-9519-9fadd01884f5,contains,Flows.sysmlx
9cd65c39-268a-5f83-bcfb-cb003376f452,b31d41da-3759-500e-8e4d-58ccebbe21d1,contains,Flows.sysmlx
9cd65c39-268a-5f83-bcfb-cb003376f452,b31d41da-3759-500e-8e4d-58ccebbe21d1,subsets,Flows.sysmlx
9cd65c39-268a-5f83-bcfb-cb003376f452,3a1cd395-3d0b-56dc-a871-33ffa4a89a89,contains,Flows.sysmlx
9cd65c39-268a-5f83-bcfb-cb003376f452,3a1cd395-3d0b-56dc-a871-33ffa4a89a89,owns,Flows.sysmlx
3a1cd395-3d0b-56dc-a871-33ffa4a89a89,a59c2962-e14b-5722-87ad-fb3fa2581fa0,contains,Flows.sysmlx
f0675fac-7991-5924-861c-0dbf21848d31,cc5c8b54-9ea8-5704-9732-a258d252bb52,contains,Flows.sysmlx
f0675fac-7991-5924-861c-0dbf21848d31,cc5c8b54-9ea8-5704-9732-a258d252bb52,has_feature,Flows.sysmlx
cc5c8b54-9ea8-5704-9732-a258d252bb52,e1773b77-2e63-577e-8eda-aa45e8a0e4f9,contains,Flows.sysmlx
cc5c8b54-9ea8-5704-9732-a258d252bb52,e1773b77-2e63-577e-8eda-aa45e8a0e4f9,connects,Flows.sysmlx
e1773b77-2e63-577e-8eda-aa45e8a0e4f9,f3e3f728-4fe3-56e0-92b6-becf9dbe4902,contains,Flows.sysmlx
e1773b77-2e63-577e-8eda-aa45e8a0e4f9,f3e3f728-4fe3-56e0-92b6-becf9dbe4902,typed_by,Flows.sysmlx
f3e3f728-4fe3-56e0-92b6-becf9dbe4902,e1773b77-2e63-577e-8eda-aa45e8a0e4f9,typed_by,Flows.sysmlx
e1773b77-2e63-577e-8eda-aa45e8a0e4f9,f2f9140f-8b39-5f73-9a05-ab724f1bc0e6,contains,Flows.sysmlx
e1773b77-2e63-577e-8eda-aa45e8a0e4f9,f2f9140f-8b39-5f73-9a05-ab724f1bc0e6,has_end,Flows.sysmlx
f2f9140f-8b39-5f73-9a05-ab724f1bc0e6,6747fa4f-7697-51fd-9bb2-ecdc6456e40b,contains,Flows.sysmlx
6747fa4f-7697-51fd-9bb2-ecdc6456e40b,93b0f4d6-a9b1-505f-9573-3adc2c8f803f,contains,Flows.sysmlx
6747fa4f-7697-51fd-9bb2-ecdc6456e40b,93b0f4d6-a9b1-505f-9573-3adc2c8f803f,subsets,Flows.sysmlx
93b0f4d6-a9b1-505f-9573-3adc2c8f803f,26df1f3f-ffd6-50da-827b-81ed024ae4d8,has_feature,Flows.sysmlx
6747fa4f-7697-51fd-9bb2-ecdc6456e40b,82508991-a70e-51dd-bd35-c3546bbdb601,contains,Flows.sysmlx
6747fa4f-7697-51fd-9bb2-ecdc6456e40b,82508991-a70e-51dd-bd35-c3546bbdb601,owns,Flows.sysmlx
82508991-a70e-51dd-bd35-c3546bbdb601,9fd8cc63-d240-5817-8755-3dc3485acca3,contains,Flows.sysmlx
e1773b77-2e63-577e-8eda-aa45e8a0e4f9,dbf7a6f8-55e7-5e3f-9235-9607cab46ddb,contains,Flows.sysmlx
e1773b77-2e63-577e-8eda-aa45e8a0e4f9,dbf7a6f8-55e7-5e3f-9235-9607cab46ddb,has_end,Flows.sysmlx
dbf7a6f8-55e7-5e3f-9235-9607cab46ddb,c66cd59b-8e1f-5e33-b1a9-0b3209ce0cc3,contains,Flows.sysmlx
c66cd59b-8e1f-5e33-b1a9-0b3209ce0cc3,3c7d292f-6545-5c4f-a1c0-788f23c997ff,contains,Flows.sysmlx
c66cd59b-8e1f-5e33-b1a9-0b3209ce0cc3,3c7d292f-6545-5c4f-a1c0-788f23c997ff,owns,Flows.sysmlx
3c7d292f-6545-5c4f-a1c0-788f23c997ff,92512c6a-b6a4-5261-93df-7e50ee92a6d4,contains,Flows.sysmlx
92512c6a-b6a4-5261-93df-7e50ee92a6d4,37602713-32fc-5dad-bfbc-65099640034a,contains,Flows.sysmlx
92512c6a-b6a4-5261-93df-7e50ee92a6d4,37602713-32fc-5dad-bfbc-65099640034a,owns,Flows.sysmlx
37602713-32fc-5dad-bfbc-65099640034a,32107c65-d8ae-5aef-a96c-297b64be4b7b,contains,Flows.sysmlx
32107c65-d8ae-5aef-a96c-297b64be4b7b,9e8d4556-0313-51cd-977b-149138fbdf72,contains,Flows.sysmlx
32107c65-d8ae-5aef-a96c-297b64be4b7b,9e8d4556-0313-51cd-977b-149138fbdf72,owns,Flows.sysmlx
9e8d4556-0313-51cd-977b-149138fbdf72,4b42a4be-6d97-530b-9696-526fe77d0a71,contains,Flows.sysmlx
c66cd59b-8e1f-5e33-b1a9-0b3209ce0cc3,29cd594f-3fdb-5433-9043-54b2705cc002,contains,Flows.sysmlx
c66cd59b-8e1f-5e33-b1a9-0b3209ce0cc3,29cd594f-3fdb-5433-9043-54b2705cc002,subsets,Flows.sysmlx
c66cd59b-8e1f-5e33-b1a9-0b3209ce0cc3,b3306989-1797-5b3b-9863-8a14d05048e5,contains,Flows.sysmlx
c66cd59b-8e1f-5e33-b1a9-0b3209ce0cc3,b3306989-1797-5b3b-9863-8a14d05048e5,owns,Flows.sysmlx
b3306989-1797-5b3b-9863-8a14d05048e5,05d9d3da-c21e-5c42-95ea-f1624c6d851a,contains,Flows.sysmlx
f0675fac-7991-5924-861c-0dbf21848d31,a459a436-d3c7-59d1-95b3-5ee87235a8f7,contains,Flows.sysmlx
f0675fac-7991-5924-861c-0dbf21848d31,a459a436-d3c7-59d1-95b3-5ee87235a8f7,has_feature,Flows.sysmlx
a459a436-d3c7-59d1-95b3-5ee87235a8f7,3dadb4de-f1c5-569f-89a0-f10afbed0ba3,contains,Flows.sysmlx
a459a436-d3c7-59d1-95b3-5ee87235a8f7,3dadb4de-f1c5-569f-89a0-f10afbed0ba3,has_attribute,Flows.sysmlx
3dadb4de-f1c5-569f-89a0-f10afbed0ba3,aeab9e83-14cb-5f19-83a7-624d743c0558,contains,Flows.sysmlx
3dadb4de-f1c5-569f-89a0-f10afbed0ba3,aeab9e83-14cb-5f19-83a7-624d743c0558,typed_by,Flows.sysmlx
aeab9e83-14cb-5f19-83a7-624d743c0558,3dadb4de-f1c5-569f-89a0-f10afbed0ba3,typed_by,Flows.sysmlx
3dadb4de-f1c5-569f-89a0-f10afbed0ba3,72867c55-bcf2-57d6-927c-a8fcc4aa8510,contains,Flows.sysmlx
3dadb4de-f1c5-569f-89a0-f10afbed0ba3,72867c55-bcf2-57d6-927c-a8fcc4aa8510,owns,Flows.sysmlx
72867c55-bcf2-57d6-927c-a8fcc4aa8510,9c71323a-87dc-50d1-8e14-14cb82e0845b,contains,Flows.sysmlx
9c71323a-87dc-50d1-8e14-14cb82e0845b,e79fbc9f-7a62-58df-9213-8833815bfdb9,contains,Flows.sysmlx
9c71323a-87dc-50d1-8e14-14cb82e0845b,e79fbc9f-7a62-58df-9213-8833815bfdb9,owns,Flows.sysmlx
e79fbc9f-7a62-58df-9213-8833815bfdb9,5d7a5d27-a56d-5b68-850a-20aba8c2b687,contains,Flows.sysmlx
3dadb4de-f1c5-569f-89a0-f10afbed0ba3,d054f959-a368-59f2-a51a-104cbbb8987c,contains,Flows.sysmlx
3dadb4de-f1c5-569f-89a0-f10afbed0ba3,d054f959-a368-59f2-a51a-104cbbb8987c,has_value,Flows.sysmlx
d054f959-a368-59f2-a51a-104cbbb8987c,57aa0306-13e9-5e40-add0-981fae90642c,contains,Flows.sysmlx
d054f959-a368-59f2-a51a-104cbbb8987c,57aa0306-13e9-5e40-add0-981fae90642c,has_operator,Flows.sysmlx
57aa0306-13e9-5e40-add0-981fae90642c,a1de8443-892c-55e4-9667-941febbd5510,contains,Flows.sysmlx
57aa0306-13e9-5e40-add0-981fae90642c,a1de8443-892c-55e4-9667-941febbd5510,has_parameter,Flows.sysmlx
a1de8443-892c-55e4-9667-941febbd5510,a5e3cf74-ca0d-5909-ac28-445c391b592f,contains,Flows.sysmlx
a5e3cf74-ca0d-5909-ac28-445c391b592f,f1a21027-7fa1-56d3-b7d4-5ba5414e38e2,contains,Flows.sysmlx
a5e3cf74-ca0d-5909-ac28-445c391b592f,f1a21027-7fa1-56d3-b7d4-5ba5414e38e2,has_value,Flows.sysmlx
f1a21027-7fa1-56d3-b7d4-5ba5414e38e2,e4b38430-49a5-52ac-8132-41a42bda74ec,contains,Flows.sysmlx
f1a21027-7fa1-56d3-b7d4-5ba5414e38e2,e4b38430-49a5-52ac-8132-41a42bda74ec,has_operator,Flows.sysmlx
e4b38430-49a5-52ac-8132-41a42bda74ec,4820c88a-6b77-5ff4-a4b0-3d4e1d2fc634,contains,Flows.sysmlx
e4b38430-49a5-52ac-8132-41a42bda74ec,4820c88a-6b77-5ff4-a4b0-3d4e1d2fc634,has_parameter,Flows.sysmlx
4820c88a-6b77-5ff4-a4b0-3d4e1d2fc634,318e1791-4a9c-5724-9d62-a014f674aefb,contains,Flows.sysmlx
318e1791-4a9c-5724-9d62-a014f674aefb,52f11f7d-4e5a-5783-a96a-23c4063665d6,contains,Flows.sysmlx
318e1791-4a9c-5724-9d62-a014f674aefb,52f11f7d-4e5a-5783-a96a-23c4063665d6,has_value,Flows.sysmlx
52f11f7d-4e5a-5783-a96a-23c4063665d6,4aacd7fa-1e95-5d4d-bf0f-4523121ee772,contains,Flows.sysmlx
52f11f7d-4e5a-5783-a96a-23c4063665d6,4aacd7fa-1e95-5d4d-bf0f-4523121ee772,references,Flows.sysmlx
4aacd7fa-1e95-5d4d-bf0f-4523121ee772,4f80ab32-48e3-5a93-a124-24191444db68,contains,Flows.sysmlx
4aacd7fa-1e95-5d4d-bf0f-4523121ee772,4f80ab32-48e3-5a93-a124-24191444db68,has_member,Flows.sysmlx
4f80ab32-48e3-5a93-a124-24191444db68,17db8ca4-96fa-5f0b-b171-9ea88d737788,has_member,Flows.sysmlx
4aacd7fa-1e95-5d4d-bf0f-4523121ee772,f05e324a-3018-5086-8322-1d73b1da27a8,contains,Flows.sysmlx
4aacd7fa-1e95-5d4d-bf0f-4523121ee772,f05e324a-3018-5086-8322-1d73b1da27a8,has_return_parameter,Flows.sysmlx
f05e324a-3018-5086-8322-1d73b1da27a8,601658ef-5504-5b60-abc5-4b5751b74e29,contains,Flows.sysmlx
e4b38430-49a5-52ac-8132-41a42bda74ec,e43da9fa-f56b-5120-806f-72cf92b96b65,contains,Flows.sysmlx
e4b38430-49a5-52ac-8132-41a42bda74ec,e43da9fa-f56b-5120-806f-72cf92b96b65,has_parameter,Flows.sysmlx
e43da9fa-f56b-5120-806f-72cf92b96b65,60ebc2f8-44a1-5131-8906-6a518774fd79,contains,Flows.sysmlx
60ebc2f8-44a1-5131-8906-6a518774fd79,d451292a-2c22-5832-a19c-210b5ecff431,contains,Flows.sysmlx
60ebc2f8-44a1-5131-8906-6a518774fd79,d451292a-2c22-5832-a19c-210b5ecff431,has_value,Flows.sysmlx
d451292a-2c22-5832-a19c-210b5ecff431,28f86964-0acc-5e67-8a36-858a4f4b174c,contains,Flows.sysmlx
d451292a-2c22-5832-a19c-210b5ecff431,28f86964-0acc-5e67-8a36-858a4f4b174c,chains,Flows.sysmlx
28f86964-0acc-5e67-8a36-858a4f4b174c,e76256cb-8af2-5b6a-9683-fb7a541ecf25,contains,Flows.sysmlx
28f86964-0acc-5e67-8a36-858a4f4b174c,e76256cb-8af2-5b6a-9683-fb7a541ecf25,has_parameter,Flows.sysmlx
e76256cb-8af2-5b6a-9683-fb7a541ecf25,498897a7-c8cb-53ab-9f82-3499632b2460,contains,Flows.sysmlx
498897a7-c8cb-53ab-9f82-3499632b2460,01fe14a9-cb1c-5b8d-b546-46105522c786,contains,Flows.sysmlx
498897a7-c8cb-53ab-9f82-3499632b2460,01fe14a9-cb1c-5b8d-b546-46105522c786,has_value,Flows.sysmlx
01fe14a9-cb1c-5b8d-b546-46105522c786,a90f8a28-938a-5efd-b2ff-0bdad05d6bb6,contains,Flows.sysmlx
01fe14a9-cb1c-5b8d-b546-46105522c786,a90f8a28-938a-5efd-b2ff-0bdad05d6bb6,references,Flows.sysmlx
a90f8a28-938a-5efd-b2ff-0bdad05d6bb6,5803ef96-f016-5bcc-867d-4560118fdc6b,contains,Flows.sysmlx
a90f8a28-938a-5efd-b2ff-0bdad05d6bb6,5803ef96-f016-5bcc-867d-4560118fdc6b,has_member,Flows.sysmlx
5803ef96-f016-5bcc-867d-4560118fdc6b,0b407d6b-bac1-511e-9c57-2f83414c7a82,has_member,Flows.sysmlx
a90f8a28-938a-5efd-b2ff-0bdad05d6bb6,80380aeb-ec62-50fe-af37-ddddd134ce67,contains,Flows.sysmlx
a90f8a28-938a-5efd-b2ff-0bdad05d6bb6,80380aeb-ec62-50fe-af37-ddddd134ce67,has_return_parameter,Flows.sysmlx
80380aeb-ec62-50fe-af37-ddddd134ce67,ce13020a-d3e8-5d39-9122-78e873dd7c36,contains,Flows.sysmlx
498897a7-c8cb-53ab-9f82-3499632b2460,81447fb7-be98-5821-81d8-f7c353a9d70a,contains,Flows.sysmlx
498897a7-c8cb-53ab-9f82-3499632b2460,81447fb7-be98-5821-81d8-f7c353a9d70a,has_feature,Flows.sysmlx
81447fb7-be98-5821-81d8-f7c353a9d70a,d98d7e81-7405-530e-b425-88a74a73e438,contains,Flows.sysmlx
28f86964-0acc-5e67-8a36-858a4f4b174c,ffd5a790-7769-5357-acb9-e112c0bcb02b,contains,Flows.sysmlx
28f86964-0acc-5e67-8a36-858a4f4b174c,ffd5a790-7769-5357-acb9-e112c0bcb02b,has_member,Flows.sysmlx
28f86964-0acc-5e67-8a36-858a4f4b174c,67055392-5c9d-5666-adba-585834ec2019,contains,Flows.sysmlx
28f86964-0acc-5e67-8a36-858a4f4b174c,67055392-5c9d-5666-adba-585834ec2019,has_return_parameter,Flows.sysmlx
67055392-5c9d-5666-adba-585834ec2019,c7582045-db1c-58a4-9696-e3eac5fb2148,contains,Flows.sysmlx
e4b38430-49a5-52ac-8132-41a42bda74ec,4814a2b5-c1a9-58c5-b9e9-4880d64f0cd2,contains,Flows.sysmlx
e4b38430-49a5-52ac-8132-41a42bda74ec,4814a2b5-c1a9-58c5-b9e9-4880d64f0cd2,has_return_parameter,Flows.sysmlx
4814a2b5-c1a9-58c5-b9e9-4880d64f0cd2,c1e72a35-dba6-5f6e-8ce0-c0e42fee37b6,contains,Flows.sysmlx
57aa0306-13e9-5e40-add0-981fae90642c,65406a86-bffb-5898-a776-f4bb4d2c8fb0,contains,Flows.sysmlx
57aa0306-13e9-5e40-add0-981fae90642c,65406a86-bffb-5898-a776-f4bb4d2c8fb0,has_parameter,Flows.sysmlx
65406a86-bffb-5898-a776-f4bb4d2c8fb0,a8b36c38-7bc2-5042-8e8b-1c5bccae19c8,contains,Flows.sysmlx
a8b36c38-7bc2-5042-8e8b-1c5bccae19c8,a7942ad4-3a5a-5a99-b36d-a5ce537198da,contains,Flows.sysmlx
a8b36c38-7bc2-5042-8e8b-1c5bccae19c8,a7942ad4-3a5a-5a99-b36d-a5ce537198da,has_value,Flows.sysmlx
a7942ad4-3a5a-5a99-b36d-a5ce537198da,6d9ff43b-8cb6-554b-a100-5cc6f4b5810e,contains,Flows.sysmlx
a7942ad4-3a5a-5a99-b36d-a5ce537198da,6d9ff43b-8cb6-554b-a100-5cc6f4b5810e,references,Flows.sysmlx
6d9ff43b-8cb6-554b-a100-5cc6f4b5810e,5b403688-d400-5ea0-a752-09103d25de26,contains,Flows.sysmlx
6d9ff43b-8cb6-554b-a100-5cc6f4b5810e,5b403688-d400-5ea0-a752-09103d25de26,has_feature,Flows.sysmlx
5b403688-d400-5ea0-a752-09103d25de26,1bcaf160-3a2d-59cc-a87c-4d1626a84787,contains,Flows.sysmlx
6d9ff43b-8cb6-554b-a100-5cc6f4b5810e,b6e96daa-fbfb-552a-af04-7e22a03ddc78,contains,Flows.sysmlx
6d9ff43b-8cb6-554b-a100-5cc6f4b5810e,b6e96daa-fbfb-552a-af04-7e22a03ddc78,has_return_parameter,Flows.sysmlx
b6e96daa-fbfb-552a-af04-7e22a03ddc78,e3d59a87-434d-5642-8da2-09add4ddda7a,contains,Flows.sysmlx
57aa0306-13e9-5e40-add0-981fae90642c,feff2160-0225-578e-ba62-bd81a39abb34,contains,Flows.sysmlx
57aa0306-13e9-5e40-add0-981fae90642c,feff2160-0225-578e-ba62-bd81a39abb34,has_parameter,Flows.sysmlx
feff2160-0225-578e-ba62-bd81a39abb34,cfcf5b82-80a3-51b8-aa08-8e78477a7c37,contains,Flows.sysmlx
cfcf5b82-80a3-51b8-aa08-8e78477a7c37,d6a403f6-d8dd-5c88-bfa3-1dc2f19b564f,contains,Flows.sysmlx
cfcf5b82-80a3-51b8-aa08-8e78477a7c37,d6a403f6-d8dd-5c88-bfa3-1dc2f19b564f,has_value,Flows.sysmlx
d6a403f6-d8dd-5c88-bfa3-1dc2f19b564f,f5424797-9adc-551a-8dd9-ac67f8a743f3,contains,Flows.sysmlx
d6a403f6-d8dd-5c88-bfa3-1dc2f19b564f,f5424797-9adc-551a-8dd9-ac67f8a743f3,references,Flows.sysmlx
f5424797-9adc-551a-8dd9-ac67f8a743f3,3519e061-5371-5d0b-ba13-29158478a06d,contains,Flows.sysmlx
f5424797-9adc-551a-8dd9-ac67f8a743f3,3519e061-5371-5d0b-ba13-29158478a06d,has_feature,Flows.sysmlx
3519e061-5371-5d0b-ba13-29158478a06d,ee4e1ffa-e1a8-5e6f-8079-c0181cfb725d,contains,Flows.sysmlx
f5424797-9adc-551a-8dd9-ac67f8a743f3,c1ae97f8-8d48-5ab2-a36e-e975d46986d1,contains,Flows.sysmlx
f5424797-9adc-551a-8dd9-ac67f8a743f3,c1ae97f8-8d48-5ab2-a36e-e975d46986d1,has_return_parameter,Flows.sysmlx
c1ae97f8-8d48-5ab2-a36e-e975d46986d1,db54d6ec-a5bf-572d-99b2-23d7a43f3d00,contains,Flows.sysmlx
57aa0306-13e9-5e40-add0-981fae90642c,ccbdb520-5304-59e7-b8d7-3b072b2b3ebe,contains,Flows.sysmlx
57aa0306-13e9-5e40-add0-981fae90642c,ccbdb520-5304-59e7-b8d7-3b072b2b3ebe,has_return_parameter,Flows.sysmlx
ccbdb520-5304-59e7-b8d7-3b072b2b3ebe,7308189d-7528-5fa9-b863-3e34d8d9fae5,contains,Flows.sysmlx
f0675fac-7991-5924-861c-0dbf21848d31,bdd6b974-f68f-58b2-a372-d6c2e80d325d,contains,Flows.sysmlx
f0675fac-7991-5924-861c-0dbf21848d31,bdd6b974-f68f-58b2-a372-d6c2e80d325d,has_feature,Flows.sysmlx
bdd6b974-f68f-58b2-a372-d6c2e80d325d,54a4722a-f406-557e-851a-cfeaf8500586,contains,Flows.sysmlx
bdd6b974-f68f-58b2-a372-d6c2e80d325d,54a4722a-f406-557e-851a-cfeaf8500586,has_attribute,Flows.sysmlx
54a4722a-f406-557e-851a-cfeaf8500586,6ad6f153-f1df-5897-b02b-a16b9f386894,contains,Flows.sysmlx
54a4722a-f406-557e-851a-cfeaf8500586,6ad6f153-f1df-5897-b02b-a16b9f386894,typed_by,Flows.sysmlx
6ad6f153-f1df-5897-b02b-a16b9f386894,54a4722a-f406-557e-851a-cfeaf8500586,typed_by,Flows.sysmlx
54a4722a-f406-557e-851a-cfeaf8500586,b2e6166b-4bf2-5801-996c-1ec6d7b591f3,contains,Flows.sysmlx
54a4722a-f406-557e-851a-cfeaf8500586,b2e6166b-4bf2-5801-996c-1ec6d7b591f3,owns,Flows.sysmlx
b2e6166b-4bf2-5801-996c-1ec6d7b591f3,6b7b8873-fcba-5ed1-b2c6-ab1d8a0ef234,contains,Flows.sysmlx
6b7b8873-fcba-5ed1-b2c6-ab1d8a0ef234,03ff03e4-b254-5ea1-8725-73cad69d7cbb,contains,Flows.sysmlx
6b7b8873-fcba-5ed1-b2c6-ab1d8a0ef234,03ff03e4-b254-5ea1-8725-73cad69d7cbb,owns,Flows.sysmlx
03ff03e4-b254-5ea1-8725-73cad69d7cbb,44ab4e41-d009-5cfc-95bd-6a5fdc49afb9,contains,Flows.sysmlx
54a4722a-f406-557e-851a-cfeaf8500586,ee217034-ecc6-51e3-9079-cfff303eaaa9,contains,Flows.sysmlx
54a4722a-f406-557e-851a-cfeaf8500586,ee217034-ecc6-51e3-9079-cfff303eaaa9,has_value,Flows.sysmlx
ee217034-ecc6-51e3-9079-cfff303eaaa9,e0a4cdb1-0ad3-570b-ab16-926f9486b9b5,contains,Flows.sysmlx
ee217034-ecc6-51e3-9079-cfff303eaaa9,e0a4cdb1-0ad3-570b-ab16-926f9486b9b5,has_operator,Flows.sysmlx
e0a4cdb1-0ad3-570b-ab16-926f9486b9b5,3f403f4f-52d8-5c22-8b23-c62b65cf4803,contains,Flows.sysmlx
e0a4cdb1-0ad3-570b-ab16-926f9486b9b5,3f403f4f-52d8-5c22-8b23-c62b65cf4803,has_parameter,Flows.sysmlx
3f403f4f-52d8-5c22-8b23-c62b65cf4803,27fcdd05-20ed-5263-a295-f377001063bc,contains,Flows.sysmlx
27fcdd05-20ed-5263-a295-f377001063bc,ecf37b87-4563-50e2-925f-179107dd7596,contains,Flows.sysmlx
27fcdd05-20ed-5263-a295-f377001063bc,ecf37b87-4563-50e2-925f-179107dd7596,has_value,Flows.sysmlx
ecf37b87-4563-50e2-925f-179107dd7596,19050118-769d-5bd3-8b8f-729373e12052,contains,Flows.sysmlx
ecf37b87-4563-50e2-925f-179107dd7596,19050118-769d-5bd3-8b8f-729373e12052,has_operator,Flows.sysmlx
19050118-769d-5bd3-8b8f-729373e12052,a082ccca-89fc-5c7e-aa7d-2578c0d21911,contains,Flows.sysmlx
19050118-769d-5bd3-8b8f-729373e12052,a082ccca-89fc-5c7e-aa7d-2578c0d21911,has_parameter,Flows.sysmlx
a082ccca-89fc-5c7e-aa7d-2578c0d21911,97ef28d8-7c41-528c-a5e1-7578d3de2d8d,contains,Flows.sysmlx
97ef28d8-7c41-528c-a5e1-7578d3de2d8d,69db8520-7e87-5f98-a9f2-fb5075940cfa,contains,Flows.sysmlx
97ef28d8-7c41-528c-a5e1-7578d3de2d8d,69db8520-7e87-5f98-a9f2-fb5075940cfa,has_value,Flows.sysmlx
69db8520-7e87-5f98-a9f2-fb5075940cfa,908e83ed-cc55-59ee-9646-c50c90490280,contains,Flows.sysmlx
69db8520-7e87-5f98-a9f2-fb5075940cfa,908e83ed-cc55-59ee-9646-c50c90490280,references,Flows.sysmlx
908e83ed-cc55-59ee-9646-c50c90490280,e9e53b82-fc9f-5a30-826a-9115459b4e68,contains,Flows.sysmlx
908e83ed-cc55-59ee-9646-c50c90490280,e9e53b82-fc9f-5a30-826a-9115459b4e68,has_member,Flows.sysmlx
e9e53b82-fc9f-5a30-826a-9115459b4e68,26df1f3f-ffd6-50da-827b-81ed024ae4d8,has_member,Flows.sysmlx
908e83ed-cc55-59ee-9646-c50c90490280,1d3f4f64-1716-504c-9d52-0f6a394f83a1,contains,Flows.sysmlx
908e83ed-cc55-59ee-9646-c50c90490280,1d3f4f64-1716-504c-9d52-0f6a394f83a1,has_return_parameter,Flows.sysmlx
1d3f4f64-1716-504c-9d52-0f6a394f83a1,16e59614-576f-57a8-af53-23d05dc5ece8,contains,Flows.sysmlx
19050118-769d-5bd3-8b8f-729373e12052,6e0d3baf-d03b-5b49-a59e-9dd0c45dcec2,contains,Flows.sysmlx
19050118-769d-5bd3-8b8f-729373e12052,6e0d3baf-d03b-5b49-a59e-9dd0c45dcec2,has_parameter,Flows.sysmlx
6e0d3baf-d03b-5b49-a59e-9dd0c45dcec2,04eba2ed-def1-5ce4-96ca-36876164173c,contains,Flows.sysmlx
04eba2ed-def1-5ce4-96ca-36876164173c,08fb28bd-28a8-5d78-ad87-d505b11ddd23,contains,Flows.sysmlx
04eba2ed-def1-5ce4-96ca-36876164173c,08fb28bd-28a8-5d78-ad87-d505b11ddd23,has_value,Flows.sysmlx
08fb28bd-28a8-5d78-ad87-d505b11ddd23,b85b3716-a595-5ebf-8bfd-3f756f11c891,contains,Flows.sysmlx
08fb28bd-28a8-5d78-ad87-d505b11ddd23,b85b3716-a595-5ebf-8bfd-3f756f11c891,chains,Flows.sysmlx
b85b3716-a595-5ebf-8bfd-3f756f11c891,00006693-f32d-5f1e-95a4-ae09586c30dd,contains,Flows.sysmlx
b85b3716-a595-5ebf-8bfd-3f756f11c891,00006693-f32d-5f1e-95a4-ae09586c30dd,has_parameter,Flows.sysmlx
00006693-f32d-5f1e-95a4-ae09586c30dd,8992bf25-e91f-50e9-8aff-e07ba3e52c29,contains,Flows.sysmlx
8992bf25-e91f-50e9-8aff-e07ba3e52c29,b07949cf-981b-548a-aa8b-89325c91a49b,contains,Flows.sysmlx
8992bf25-e91f-50e9-8aff-e07ba3e52c29,b07949cf-981b-548a-aa8b-89325c91a49b,has_value,Flows.sysmlx
b07949cf-981b-548a-aa8b-89325c91a49b,81670ab4-d178-527a-8a61-5333864e2118,contains,Flows.sysmlx
b07949cf-981b-548a-aa8b-89325c91a49b,81670ab4-d178-527a-8a61-5333864e2118,references,Flows.sysmlx
81670ab4-d178-527a-8a61-5333864e2118,448e1871-8188-560a-abb6-02f940d3d56e,contains,Flows.sysmlx
81670ab4-d178-527a-8a61-5333864e2118,448e1871-8188-560a-abb6-02f940d3d56e,has_member,Flows.sysmlx
448e1871-8188-560a-abb6-02f940d3d56e,0b407d6b-bac1-511e-9c57-2f83414c7a82,has_member,Flows.sysmlx
81670ab4-d178-527a-8a61-5333864e2118,97fe8e63-b28d-573f-b0b6-5cfbe1a1ff1b,contains,Flows.sysmlx
81670ab4-d178-527a-8a61-5333864e2118,97fe8e63-b28d-573f-b0b6-5cfbe1a1ff1b,has_return_parameter,Flows.sysmlx
97fe8e63-b28d-573f-b0b6-5cfbe1a1ff1b,3e6e7fe4-64eb-5f08-823d-df0b56aa64a4,contains,Flows.sysmlx
8992bf25-e91f-50e9-8aff-e07ba3e52c29,708115e0-1654-561e-b0bc-6eb723641bd7,contains,Flows.sysmlx
8992bf25-e91f-50e9-8aff-e07ba3e52c29,708115e0-1654-561e-b0bc-6eb723641bd7,has_feature,Flows.sysmlx
708115e0-1654-561e-b0bc-6eb723641bd7,73952ffa-8d3e-55b4-bde4-55a47a662167,contains,Flows.sysmlx
b85b3716-a595-5ebf-8bfd-3f756f11c891,55b20ac9-ccca-5fdc-a39d-e487296e8481,contains,Flows.sysmlx
b85b3716-a595-5ebf-8bfd-3f756f11c891,55b20ac9-ccca-5fdc-a39d-e487296e8481,has_member,Flows.sysmlx
b85b3716-a595-5ebf-8bfd-3f756f11c891,6545dae4-4d52-54cb-bfae-a702fb42a098,contains,Flows.sysmlx
b85b3716-a595-5ebf-8bfd-3f756f11c891,6545dae4-4d52-54cb-bfae-a702fb42a098,has_return_parameter,Flows.sysmlx
6545dae4-4d52-54cb-bfae-a702fb42a098,41bb4c6e-b80a-58e8-b132-d5916fc7eb06,contains,Flows.sysmlx
19050118-769d-5bd3-8b8f-729373e12052,0b3faf9d-1988-5deb-9103-c49dcf87aae8,contains,Flows.sysmlx
19050118-769d-5bd3-8b8f-729373e12052,0b3faf9d-1988-5deb-9103-c49dcf87aae8,has_return_parameter,Flows.sysmlx
0b3faf9d-1988-5deb-9103-c49dcf87aae8,5f55b930-ae52-52f7-a304-9675107792a4,contains,Flows.sysmlx
e0a4cdb1-0ad3-570b-ab16-926f9486b9b5,f74edbc0-5797-56a1-9bc8-ec11f4a15860,contains,Flows.sysmlx
e0a4cdb1-0ad3-570b-ab16-926f9486b9b5,f74edbc0-5797-56a1-9bc8-ec11f4a15860,has_parameter,Flows.sysmlx
f74edbc0-5797-56a1-9bc8-ec11f4a15860,589ff59e-f58f-5c21-85bb-33b4f4c77160,contains,Flows.sysmlx
589ff59e-f58f-5c21-85bb-33b4f4c77160,5ae85cc2-a850-53a3-b203-f8f4f075b289,contains,Flows.sysmlx
589ff59e-f58f-5c21-85bb-33b4f4c77160,5ae85cc2-a850-53a3-b203-f8f4f075b289,has_value,Flows.sysmlx
5ae85cc2-a850-53a3-b203-f8f4f075b289,33430f90-bb9d-510f-b7d2-bd8efde1405d,contains,Flows.sysmlx
5ae85cc2-a850-53a3-b203-f8f4f075b289,33430f90-bb9d-510f-b7d2-bd8efde1405d,references,Flows.sysmlx
33430f90-bb9d-510f-b7d2-bd8efde1405d,33b88bf5-0a4d-5b04-8e58-50e8e3857754,contains,Flows.sysmlx
33430f90-bb9d-510f-b7d2-bd8efde1405d,33b88bf5-0a4d-5b04-8e58-50e8e3857754,has_feature,Flows.sysmlx
33b88bf5-0a4d-5b04-8e58-50e8e3857754,508f3a34-4e4d-5979-8d0a-7c057da2bffb,contains,Flows.sysmlx
33430f90-bb9d-510f-b7d2-bd8efde1405d,c3ac1d0a-78a5-5f72-ad2e-7ee62944750a,contains,Flows.sysmlx
33430f90-bb9d-510f-b7d2-bd8efde1405d,c3ac1d0a-78a5-5f72-ad2e-7ee62944750a,has_return_parameter,Flows.sysmlx
c3ac1d0a-78a5-5f72-ad2e-7ee62944750a,42f2d482-5a35-5fc5-8337-a890504e112e,contains,Flows.sysmlx
e0a4cdb1-0ad3-570b-ab16-926f9486b9b5,5e9cfd66-a69b-5e79-96c7-7ad7e181e81b,contains,Flows.sysmlx
e0a4cdb1-0ad3-570b-ab16-926f9486b9b5,5e9cfd66-a69b-5e79-96c7-7ad7e181e81b,has_parameter,Flows.sysmlx
5e9cfd66-a69b-5e79-96c7-7ad7e181e81b,c424fa21-04a1-5ebf-bdce-2e0759a99084,contains,Flows.sysmlx
c424fa21-04a1-5ebf-bdce-2e0759a99084,d0e2da30-7225-547d-bc23-0171cf4c050a,contains,Flows.sysmlx
c424fa21-04a1-5ebf-bdce-2e0759a99084,d0e2da30-7225-547d-bc23-0171cf4c050a,has_value,Flows.sysmlx
d0e2da30-7225-547d-bc23-0171cf4c050a,16709573-7edb-5e69-938d-1a113b04b396,contains,Flows.sysmlx
d0e2da30-7225-547d-bc23-0171cf4c050a,16709573-7edb-5e69-938d-1a113b04b396,references,Flows.sysmlx
16709573-7edb-5e69-938d-1a113b04b396,72d4bbf7-844f-5098-85a6-ebf12e056d2f,contains,Flows.sysmlx
16709573-7edb-5e69-938d-1a113b04b396,72d4bbf7-844f-5098-85a6-ebf12e056d2f,has_feature,Flows.sysmlx
72d4bbf7-844f-5098-85a6-ebf12e056d2f,7158c2c8-60bb-59c9-960a-ee864024cc83,contains,Flows.sysmlx
16709573-7edb-5e69-938d-1a113b04b396,e3eb4bd5-a6e7-56ff-8a2f-1e8f7c6974e5,contains,Flows.sysmlx
16709573-7edb-5e69-938d-1a113b04b396,e3eb4bd5-a6e7-56ff-8a2f-1e8f7c6974e5,has_return_parameter,Flows.sysmlx
e3eb4bd5-a6e7-56ff-8a2f-1e8f7c6974e5,255286e5-4dc9-5f9c-b6f2-db9c5ac6d549,contains,Flows.sysmlx
e0a4cdb1-0ad3-570b-ab16-926f9486b9b5,b0026584-b35c-5b4e-b16f-e9859dd097d5,contains,Flows.sysmlx
e0a4cdb1-0ad3-570b-ab16-926f9486b9b5,b0026584-b35c-5b4e-b16f-e9859dd097d5,has_return_parameter,Flows.sysmlx
b0026584-b35c-5b4e-b16f-e9859dd097d5,768ade0a-ef2f-52ad-be50-f1a2c4a94a6c,contains,Flows.sysmlx
f0675fac-7991-5924-861c-0dbf21848d31,4d05cd6d-0b9d-5db9-9f20-30a4986d5c7e,contains,Flows.sysmlx
f0675fac-7991-5924-861c-0dbf21848d31,4d05cd6d-0b9d-5db9-9f20-30a4986d5c7e,has_feature,Flows.sysmlx
4d05cd6d-0b9d-5db9-9f20-30a4986d5c7e,a3acdf0d-0e6d-56ed-af80-8e6b2d549b70,contains,Flows.sysmlx
4d05cd6d-0b9d-5db9-9f20-30a4986d5c7e,a3acdf0d-0e6d-56ed-af80-8e6b2d549b70,precedes,Flows.sysmlx
a3acdf0d-0e6d-56ed-af80-8e6b2d549b70,005b6a79-1047-5ac5-ab47-4d3c888e82a8,contains,Flows.sysmlx
a3acdf0d-0e6d-56ed-af80-8e6b2d549b70,005b6a79-1047-5ac5-ab47-4d3c888e82a8,owns,Flows.sysmlx
005b6a79-1047-5ac5-ab47-4d3c888e82a8,8875f528-04c3-58ef-aaaa-9eeb5e0f84b6,contains,Flows.sysmlx
8875f528-04c3-58ef-aaaa-9eeb5e0f84b6,76b90ff9-15e9-595d-81a3-5bd5d427b547,contains,Flows.sysmlx
8875f528-04c3-58ef-aaaa-9eeb5e0f84b6,76b90ff9-15e9-595d-81a3-5bd5d427b547,owns,Flows.sysmlx
76b90ff9-15e9-595d-81a3-5bd5d427b547,9ec30ce1-5cd7-590c-90cf-486f946b8afa,contains,Flows.sysmlx
76b90ff9-15e9-595d-81a3-5bd5d427b547,9ec30ce1-5cd7-590c-90cf-486f946b8afa,references,Flows.sysmlx
9ec30ce1-5cd7-590c-90cf-486f946b8afa,1f9036e2-933f-57fb-a434-1d666decf291,contains,Flows.sysmlx
9ec30ce1-5cd7-590c-90cf-486f946b8afa,1f9036e2-933f-57fb-a434-1d666decf291,has_member,Flows.sysmlx
1f9036e2-933f-57fb-a434-1d666decf291,3dadb4de-f1c5-569f-89a0-f10afbed0ba3,has_member,Flows.sysmlx
9ec30ce1-5cd7-590c-90cf-486f946b8afa,5000dce5-8756-587a-a0f6-a925392464ae,contains,Flows.sysmlx
9ec30ce1-5cd7-590c-90cf-486f946b8afa,5000dce5-8756-587a-a0f6-a925392464ae,has_return_parameter,Flows.sysmlx
5000dce5-8756-587a-a0f6-a925392464ae,48b68043-1aff-539e-866a-3bc369c93521,contains,Flows.sysmlx
a3acdf0d-0e6d-56ed-af80-8e6b2d549b70,6b6dc78b-25eb-5eb8-9b7a-58b43acecdb0,contains,Flows.sysmlx
a3acdf0d-0e6d-56ed-af80-8e6b2d549b70,6b6dc78b-25eb-5eb8-9b7a-58b43acecdb0,has_end,Flows.sysmlx
6b6dc78b-25eb-5eb8-9b7a-58b43acecdb0,91804ac7-1d51-5172-ba5c-607987642b3e,contains,Flows.sysmlx
91804ac7-1d51-5172-ba5c-607987642b3e,e0ab1ebb-32c6-5314-a249-2a7ca0c5e7a2,contains,Flows.sysmlx
91804ac7-1d51-5172-ba5c-607987642b3e,e0ab1ebb-32c6-5314-a249-2a7ca0c5e7a2,owns,Flows.sysmlx
e0ab1ebb-32c6-5314-a249-2a7ca0c5e7a2,397f46e8-e65b-58fb-83a3-b5ca33a01fbb,contains,Flows.sysmlx
397f46e8-e65b-58fb-83a3-b5ca33a01fbb,9a201d18-7cc4-5aaa-9406-caa72e00fda9,contains,Flows.sysmlx
397f46e8-e65b-58fb-83a3-b5ca33a01fbb,9a201d18-7cc4-5aaa-9406-caa72e00fda9,owns,Flows.sysmlx
9a201d18-7cc4-5aaa-9406-caa72e00fda9,f3c88e85-01b3-5279-811f-b119575104af,contains,Flows.sysmlx
f3c88e85-01b3-5279-811f-b119575104af,8e7d4b42-72ef-5e2b-837a-d15bc7dfd374,contains,Flows.sysmlx
f3c88e85-01b3-5279-811f-b119575104af,8e7d4b42-72ef-5e2b-837a-d15bc7dfd374,owns,Flows.sysmlx
8e7d4b42-72ef-5e2b-837a-d15bc7dfd374,5adfa64f-21fb-5560-bf29-29f2e74cc163,contains,Flows.sysmlx
f3c88e85-01b3-5279-811f-b119575104af,e12c3f52-36cb-593a-b711-8c35849aee0a,contains,Flows.sysmlx
f3c88e85-01b3-5279-811f-b119575104af,e12c3f52-36cb-593a-b711-8c35849aee0a,owns,Flows.sysmlx
e12c3f52-36cb-593a-b711-8c35849aee0a,1a294503-3660-5b50-91c9-52a7bd187944,contains,Flows.sysmlx
91804ac7-1d51-5172-ba5c-607987642b3e,462a4590-e62c-5788-a8c1-751ba78b3b44,contains,Flows.sysmlx
91804ac7-1d51-5172-ba5c-607987642b3e,462a4590-e62c-5788-a8c1-751ba78b3b44,subsets,Flows.sysmlx
462a4590-e62c-5788-a8c1-751ba78b3b44,17db8ca4-96fa-5f0b-b171-9ea88d737788,has_feature,Flows.sysmlx
91804ac7-1d51-5172-ba5c-607987642b3e,993d2d7b-0310-51f9-b518-1ca2a770f2b7,contains,Flows.sysmlx
91804ac7-1d51-5172-ba5c-607987642b3e,993d2d7b-0310-51f9-b518-1ca2a770f2b7,owns,Flows.sysmlx
993d2d7b-0310-51f9-b518-1ca2a770f2b7,b7a8240e-d734-5e42-82e1-84ec6e2b234c,contains,Flows.sysmlx
a3acdf0d-0e6d-56ed-af80-8e6b2d549b70,ac431efb-2ca6-5ae7-8605-563dbe9b24af,contains,Flows.sysmlx
a3acdf0d-0e6d-56ed-af80-8e6b2d549b70,ac431efb-2ca6-5ae7-8605-563dbe9b24af,has_end,Flows.sysmlx
ac431efb-2ca6-5ae7-8605-563dbe9b24af,96b72a0f-f131-59fd-adf4-9310d92824fa,contains,Flows.sysmlx
96b72a0f-f131-59fd-adf4-9310d92824fa,5fd2c698-8d9e-5606-a002-fde92e799ff9,contains,Flows.sysmlx
96b72a0f-f131-59fd-adf4-9310d92824fa,5fd2c698-8d9e-5606-a002-fde92e799ff9,owns,Flows.sysmlx
5fd2c698-8d9e-5606-a002-fde92e799ff9,976b6006-5b0a-556f-8965-0a67392faf11,contains,Flows.sysmlx
976b6006-5b0a-556f-8965-0a67392faf11,e34bcda4-39ae-5803-bf30-acbd62845553,contains,Flows.sysmlx
976b6006-5b0a-556f-8965-0a67392faf11,e34bcda4-39ae-5803-bf30-acbd62845553,owns,Flows.sysmlx
e34bcda4-39ae-5803-bf30-acbd62845553,4cbc68ca-a478-5f8e-9be9-a1a3051af11f,contains,Flows.sysmlx
4cbc68ca-a478-5f8e-9be9-a1a3051af11f,0f29a784-b942-52e8-824f-7cddd1776031,contains,Flows.sysmlx
4cbc68ca-a478-5f8e-9be9-a1a3051af11f,0f29a784-b942-52e8-824f-7cddd1776031,owns,Flows.sysmlx
0f29a784-b942-52e8-824f-7cddd1776031,592549c5-ad9b-5719-8390-2a0aef2ce0ae,contains,Flows.sysmlx
4cbc68ca-a478-5f8e-9be9-a1a3051af11f,0cc9265c-790a-58b0-b99c-d9f582c220e1,contains,Flows.sysmlx
4cbc68ca-a478-5f8e-9be9-a1a3051af11f,0cc9265c-790a-58b0-b99c-d9f582c220e1,owns,Flows.sysmlx
0cc9265c-790a-58b0-b99c-d9f582c220e1,f417cb3e-dc3e-5d84-a8f4-a432b4df62a5,contains,Flows.sysmlx
96b72a0f-f131-59fd-adf4-9310d92824fa,1e5053bd-7643-5082-a89a-b702da1dbccf,contains,Flows.sysmlx
96b72a0f-f131-59fd-adf4-9310d92824fa,1e5053bd-7643-5082-a89a-b702da1dbccf,subsets,Flows.sysmlx
96b72a0f-f131-59fd-adf4-9310d92824fa,833c2d72-72c6-5649-88bd-5431ab8faeb1,contains,Flows.sysmlx
96b72a0f-f131-59fd-adf4-9310d92824fa,833c2d72-72c6-5649-88bd-5431ab8faeb1,owns,Flows.sysmlx
833c2d72-72c6-5649-88bd-5431ab8faeb1,2f0e7a48-9dad-5987-ad5d-ba43febbbebb,contains,Flows.sysmlx
f0675fac-7991-5924-861c-0dbf21848d31,8617b2da-089c-5695-b10a-c1e3d905b8e1,contains,Flows.sysmlx
f0675fac-7991-5924-861c-0dbf21848d31,8617b2da-089c-5695-b10a-c1e3d905b8e1,has_feature,Flows.sysmlx
8617b2da-089c-5695-b10a-c1e3d905b8e1,ab0650c0-2ddc-5f5d-8b1c-c3e4e4fb73b6,contains,Flows.sysmlx
8617b2da-089c-5695-b10a-c1e3d905b8e1,ab0650c0-2ddc-5f5d-8b1c-c3e4e4fb73b6,precedes,Flows.sysmlx
ab0650c0-2ddc-5f5d-8b1c-c3e4e4fb73b6,37989c7d-9326-57b9-ba88-e57471bfef81,contains,Flows.sysmlx
ab0650c0-2ddc-5f5d-8b1c-c3e4e4fb73b6,37989c7d-9326-57b9-ba88-e57471bfef81,owns,Flows.sysmlx
37989c7d-9326-57b9-ba88-e57471bfef81,417297ca-9ac8-5666-ad3d-2084f9f1533c,contains,Flows.sysmlx
417297ca-9ac8-5666-ad3d-2084f9f1533c,f6701f00-0bb9-5999-99ee-4766bab2645a,contains,Flows.sysmlx
417297ca-9ac8-5666-ad3d-2084f9f1533c,f6701f00-0bb9-5999-99ee-4766bab2645a,owns,Flows.sysmlx
f6701f00-0bb9-5999-99ee-4766bab2645a,4c854d48-a7e1-5245-848e-b33bce079872,contains,Flows.sysmlx
f6701f00-0bb9-5999-99ee-4766bab2645a,4c854d48-a7e1-5245-848e-b33bce079872,references,Flows.sysmlx
4c854d48-a7e1-5245-848e-b33bce079872,cbc44ccb-054a-515e-bb2b-2a604986b457,contains,Flows.sysmlx
4c854d48-a7e1-5245-848e-b33bce079872,cbc44ccb-054a-515e-bb2b-2a604986b457,has_member,Flows.sysmlx
cbc44ccb-054a-515e-bb2b-2a604986b457,54a4722a-f406-557e-851a-cfeaf8500586,has_member,Flows.sysmlx
4c854d48-a7e1-5245-848e-b33bce079872,0d8f1034-8978-5835-ab39-be58d3683b63,contains,Flows.sysmlx
4c854d48-a7e1-5245-848e-b33bce079872,0d8f1034-8978-5835-ab39-be58d3683b63,has_return_parameter,Flows.sysmlx
0d8f1034-8978-5835-ab39-be58d3683b63,e2fd9c65-5833-59ab-b75e-0ecd10d61244,contains,Flows.sysmlx
ab0650c0-2ddc-5f5d-8b1c-c3e4e4fb73b6,fffaf242-1efd-5823-ba6e-f72650989379,contains,Flows.sysmlx
ab0650c0-2ddc-5f5d-8b1c-c3e4e4fb73b6,fffaf242-1efd-5823-ba6e-f72650989379,has_end,Flows.sysmlx
fffaf242-1efd-5823-ba6e-f72650989379,65df8d08-7d31-5f69-90ea-842d4cd88109,contains,Flows.sysmlx
65df8d08-7d31-5f69-90ea-842d4cd88109,da97f922-d83d-5917-a739-b82b9937db11,contains,Flows.sysmlx
65df8d08-7d31-5f69-90ea-842d4cd88109,da97f922-d83d-5917-a739-b82b9937db11,owns,Flows.sysmlx
da97f922-d83d-5917-a739-b82b9937db11,6e16d99d-358c-5f2e-84bd-5ebac14d77ff,contains,Flows.sysmlx
6e16d99d-358c-5f2e-84bd-5ebac14d77ff,bd0d95d6-a91e-5cb6-9ab4-73f54c10781c,contains,Flows.sysmlx
6e16d99d-358c-5f2e-84bd-5ebac14d77ff,bd0d95d6-a91e-5cb6-9ab4-73f54c10781c,owns,Flows.sysmlx
bd0d95d6-a91e-5cb6-9ab4-73f54c10781c,50982e82-48d7-5c12-91ef-b81faf45d3ae,contains,Flows.sysmlx
50982e82-48d7-5c12-91ef-b81faf45d3ae,6ca94c73-a753-5c7c-9848-fcbdaaedb36f,contains,Flows.sysmlx
50982e82-48d7-5c12-91ef-b81faf45d3ae,6ca94c73-a753-5c7c-9848-fcbdaaedb36f,owns,Flows.sysmlx
6ca94c73-a753-5c7c-9848-fcbdaaedb36f,45055db9-475e-57c2-af3c-23592aa59e68,contains,Flows.sysmlx
50982e82-48d7-5c12-91ef-b81faf45d3ae,b57ca8af-23a9-5be3-8a51-cd441c506d65,contains,Flows.sysmlx
50982e82-48d7-5c12-91ef-b81faf45d3ae,b57ca8af-23a9-5be3-8a51-cd441c506d65,owns,Flows.sysmlx
b57ca8af-23a9-5be3-8a51-cd441c506d65,2806faa1-ba06-5948-850f-589609550fba,contains,Flows.sysmlx
65df8d08-7d31-5f69-90ea-842d4cd88109,588990c9-4d92-5b7e-b63c-01fde2636bb7,contains,Flows.sysmlx
65df8d08-7d31-5f69-90ea-842d4cd88109,588990c9-4d92-5b7e-b63c-01fde2636bb7,subsets,Flows.sysmlx
65df8d08-7d31-5f69-90ea-842d4cd88109,4427a5ce-910c-51b8-b4f5-1d703791132a,contains,Flows.sysmlx
65df8d08-7d31-5f69-90ea-842d4cd88109,4427a5ce-910c-51b8-b4f5-1d703791132a,owns,Flows.sysmlx
4427a5ce-910c-51b8-b4f5-1d703791132a,f1eadd16-5a52-5e3c-88b1-39a557f0b9f1,contains,Flows.sysmlx
ab0650c0-2ddc-5f5d-8b1c-c3e4e4fb73b6,3c4af585-a265-5978-a3da-23eb4181f178,contains,Flows.sysmlx
ab0650c0-2ddc-5f5d-8b1c-c3e4e4fb73b6,3c4af585-a265-5978-a3da-23eb4181f178,has_end,Flows.sysmlx
3c4af585-a265-5978-a3da-23eb4181f178,53777fc3-cace-5ed1-817d-b0700b9bc41d,contains,Flows.sysmlx
53777fc3-cace-5ed1-817d-b0700b9bc41d,f932aed5-bac8-5e0a-8c77-630f830115ad,contains,Flows.sysmlx
53777fc3-cace-5ed1-817d-b0700b9bc41d,f932aed5-bac8-5e0a-8c77-630f830115ad,owns,Flows.sysmlx
f932aed5-bac8-5e0a-8c77-630f830115ad,ca7557e4-a3d4-515f-866e-4513adc2973a,contains,Flows.sysmlx
ca7557e4-a3d4-515f-866e-4513adc2973a,d3ee767b-3287-5a7b-9ae5-803776d1ed50,contains,Flows.sysmlx
ca7557e4-a3d4-515f-866e-4513adc2973a,d3ee767b-3287-5a7b-9ae5-803776d1ed50,owns,Flows.sysmlx
d3ee767b-3287-5a7b-9ae5-803776d1ed50,41c10e2d-0d05-5987-b6ac-e1da8f65b0c7,contains,Flows.sysmlx
41c10e2d-0d05-5987-b6ac-e1da8f65b0c7,682be65b-496a-5689-a3ff-4fbc29ba19cd,contains,Flows.sysmlx
41c10e2d-0d05-5987-b6ac-e1da8f65b0c7,682be65b-496a-5689-a3ff-4fbc29ba19cd,owns,Flows.sysmlx
682be65b-496a-5689-a3ff-4fbc29ba19cd,94cc5c5c-7c93-5e61-bc6c-dff12c19edb4,contains,Flows.sysmlx
41c10e2d-0d05-5987-b6ac-e1da8f65b0c7,117451e7-586a-5a5c-95a1-e8728faf4774,contains,Flows.sysmlx
41c10e2d-0d05-5987-b6ac-e1da8f65b0c7,117451e7-586a-5a5c-95a1-e8728faf4774,owns,Flows.sysmlx
117451e7-586a-5a5c-95a1-e8728faf4774,38a140cc-44ca-5ece-b09f-19baf0e27c91,contains,Flows.sysmlx
53777fc3-cace-5ed1-817d-b0700b9bc41d,f5e20cf2-e89d-5967-a646-72f93c9001bb,contains,Flows.sysmlx
53777fc3-cace-5ed1-817d-b0700b9bc41d,f5e20cf2-e89d-5967-a646-72f93c9001bb,subsets,Flows.sysmlx
f5e20cf2-e89d-5967-a646-72f93c9001bb,26df1f3f-ffd6-50da-827b-81ed024ae4d8,has_feature,Flows.sysmlx
53777fc3-cace-5ed1-817d-b0700b9bc41d,9f429352-2ea8-5100-bc4b-cd42d3c1e478,contains,Flows.sysmlx
53777fc3-cace-5ed1-817d-b0700b9bc41d,9f429352-2ea8-5100-bc4b-cd42d3c1e478,owns,Flows.sysmlx
9f429352-2ea8-5100-bc4b-cd42d3c1e478,4c4154bc-484f-584a-b260-06fc65c68c05,contains,Flows.sysmlx
727e18b4-9722-525c-a526-731097447f23,337b9a08-2382-5c0e-a6e5-17505d225df6,contains,Flows.sysmlx
727e18b4-9722-525c-a526-731097447f23,337b9a08-2382-5c0e-a6e5-17505d225df6,owns,Flows.sysmlx
337b9a08-2382-5c0e-a6e5-17505d225df6,c63b8c0c-1f8f-5a61-b5a0-90cd965f3541,contains,Flows.sysmlx
c63b8c0c-1f8f-5a61-b5a0-90cd965f3541,64548d2f-e173-5b54-a810-fd00185e745a,contains,Flows.sysmlx
c63b8c0c-1f8f-5a61-b5a0-90cd965f3541,64548d2f-e173-5b54-a810-fd00185e745a,specializes,Flows.sysmlx
c63b8c0c-1f8f-5a61-b5a0-90cd965f3541,4a2653a9-f069-569f-94be-d4c8308921f2,contains,Flows.sysmlx
c63b8c0c-1f8f-5a61-b5a0-90cd965f3541,4a2653a9-f069-569f-94be-d4c8308921f2,specializes,Flows.sysmlx
c63b8c0c-1f8f-5a61-b5a0-90cd965f3541,33b1c524-742f-5d26-9039-895fba9b440d,contains,Flows.sysmlx
c63b8c0c-1f8f-5a61-b5a0-90cd965f3541,33b1c524-742f-5d26-9039-895fba9b440d,owns,Flows.sysmlx
33b1c524-742f-5d26-9039-895fba9b440d,6bd48830-5d7b-5a4c-af17-91a076d76a09,contains,Flows.sysmlx
c63b8c0c-1f8f-5a61-b5a0-90cd965f3541,a838f3a6-c395-55b4-8f74-ca3cb1c720a4,contains,Flows.sysmlx
c63b8c0c-1f8f-5a61-b5a0-90cd965f3541,a838f3a6-c395-55b4-8f74-ca3cb1c720a4,has_feature,Flows.sysmlx
a838f3a6-c395-55b4-8f74-ca3cb1c720a4,9be7557d-b221-51b2-8cae-bcc77c729c8a,contains,Flows.sysmlx
a838f3a6-c395-55b4-8f74-ca3cb1c720a4,9be7557d-b221-51b2-8cae-bcc77c729c8a,has_occurrence,Flows.sysmlx
9be7557d-b221-51b2-8cae-bcc77c729c8a,810c8b46-8b47-5d19-a8a0-4381957439c3,contains,Flows.sysmlx
9be7557d-b221-51b2-8cae-bcc77c729c8a,810c8b46-8b47-5d19-a8a0-4381957439c3,typed_by,Flows.sysmlx
810c8b46-8b47-5d19-a8a0-4381957439c3,9be7557d-b221-51b2-8cae-bcc77c729c8a,typed_by,Flows.sysmlx
9be7557d-b221-51b2-8cae-bcc77c729c8a,ef00cb60-38a9-586e-9540-35794d76bf4d,contains,Flows.sysmlx
9be7557d-b221-51b2-8cae-bcc77c729c8a,ef00cb60-38a9-586e-9540-35794d76bf4d,redefines,Flows.sysmlx
ef00cb60-38a9-586e-9540-35794d76bf4d,9be7557d-b221-51b2-8cae-bcc77c729c8a,redefines,Flows.sysmlx
9be7557d-b221-51b2-8cae-bcc77c729c8a,ecf73161-2e6a-55a8-83c9-3000f5546eda,contains,Flows.sysmlx
9be7557d-b221-51b2-8cae-bcc77c729c8a,ecf73161-2e6a-55a8-83c9-3000f5546eda,redefines,Flows.sysmlx
ecf73161-2e6a-55a8-83c9-3000f5546eda,9be7557d-b221-51b2-8cae-bcc77c729c8a,redefines,Flows.sysmlx
9be7557d-b221-51b2-8cae-bcc77c729c8a,c71486ce-d961-52d1-af7b-1dab7b32053c,contains,Flows.sysmlx
9be7557d-b221-51b2-8cae-bcc77c729c8a,c71486ce-d961-52d1-af7b-1dab7b32053c,owns,Flows.sysmlx
c71486ce-d961-52d1-af7b-1dab7b32053c,32742acb-8535-5f1e-9a0b-deb0ff710e8f,contains,Flows.sysmlx
c63b8c0c-1f8f-5a61-b5a0-90cd965f3541,f3811563-e360-5646-9c52-16bfa192b10f,contains,Flows.sysmlx
c63b8c0c-1f8f-5a61-b5a0-90cd965f3541,f3811563-e360-5646-9c52-16bfa192b10f,has_feature,Flows.sysmlx
f3811563-e360-5646-9c52-16bfa192b10f,4c646dcf-556c-50bf-82cc-cb0c9b2f980c,contains,Flows.sysmlx
f3811563-e360-5646-9c52-16bfa192b10f,4c646dcf-556c-50bf-82cc-cb0c9b2f980c,has_occurrence,Flows.sysmlx
4c646dcf-556c-50bf-82cc-cb0c9b2f980c,fa594157-ebc3-5a4e-9d99-95d9e16c0206,contains,Flows.sysmlx
4c646dcf-556c-50bf-82cc-cb0c9b2f980c,fa594157-ebc3-5a4e-9d99-95d9e16c0206,typed_by,Flows.sysmlx
fa594157-ebc3-5a4e-9d99-95d9e16c0206,4c646dcf-556c-50bf-82cc-cb0c9b2f980c,typed_by,Flows.sysmlx
4c646dcf-556c-50bf-82cc-cb0c9b2f980c,d1451fe9-c284-53d2-91b3-b5a90334a7ae,contains,Flows.sysmlx
4c646dcf-556c-50bf-82cc-cb0c9b2f980c,d1451fe9-c284-53d2-91b3-b5a90334a7ae,redefines,Flows.sysmlx
d1451fe9-c284-53d2-91b3-b5a90334a7ae,4c646dcf-556c-50bf-82cc-cb0c9b2f980c,redefines,Flows.sysmlx
4c646dcf-556c-50bf-82cc-cb0c9b2f980c,b5203710-2888-508e-b155-ea4f27d3acd8,contains,Flows.sysmlx
4c646dcf-556c-50bf-82cc-cb0c9b2f980c,b5203710-2888-508e-b155-ea4f27d3acd8,redefines,Flows.sysmlx
b5203710-2888-508e-b155-ea4f27d3acd8,4c646dcf-556c-50bf-82cc-cb0c9b2f980c,redefines,Flows.sysmlx
4c646dcf-556c-50bf-82cc-cb0c9b2f980c,a3d22635-e42d-599e-9948-a533ff05be47,contains,Flows.sysmlx
4c646dcf-556c-50bf-82cc-cb0c9b2f980c,a3d22635-e42d-599e-9948-a533ff05be47,owns,Flows.sysmlx
a3d22635-e42d-599e-9948-a533ff05be47,668dbb28-82fa-5d53-9478-6e7f0fe83e36,contains,Flows.sysmlx
727e18b4-9722-525c-a526-731097447f23,1467cb1e-7302-59ef-96d2-bea46d6c112a,contains,Flows.sysmlx
727e18b4-9722-525c-a526-731097447f23,1467cb1e-7302-59ef-96d2-bea46d6c112a,owns,Flows.sysmlx
1467cb1e-7302-59ef-96d2-bea46d6c112a,847b4ab6-e71a-564f-b647-7a623430c1e7,contains,Flows.sysmlx
847b4ab6-e71a-564f-b647-7a623430c1e7,84dec225-e50f-5206-8d25-2832f16536bf,contains,Flows.sysmlx
847b4ab6-e71a-564f-b647-7a623430c1e7,84dec225-e50f-5206-8d25-2832f16536bf,specializes,Flows.sysmlx
847b4ab6-e71a-564f-b647-7a623430c1e7,4e0a4064-b4b7-5e62-8477-c1e776c9075b,contains,Flows.sysmlx
847b4ab6-e71a-564f-b647-7a623430c1e7,4e0a4064-b4b7-5e62-8477-c1e776c9075b,specializes,Flows.sysmlx
847b4ab6-e71a-564f-b647-7a623430c1e7,65f77757-bd0c-5532-8266-a59dbd499e7b,contains,Flows.sysmlx
847b4ab6-e71a-564f-b647-7a623430c1e7,65f77757-bd0c-5532-8266-a59dbd499e7b,owns,Flows.sysmlx
65f77757-bd0c-5532-8266-a59dbd499e7b,3aac161d-0475-59e7-bfe7-abe48bcaceeb,contains,Flows.sysmlx
847b4ab6-e71a-564f-b647-7a623430c1e7,51c4d8dc-446f-5351-b103-49b3b094afcf,contains,Flows.sysmlx
847b4ab6-e71a-564f-b647-7a623430c1e7,51c4d8dc-446f-5351-b103-49b3b094afcf,has_feature,Flows.sysmlx
51c4d8dc-446f-5351-b103-49b3b094afcf,ef950af5-3675-5545-ba74-05b2bbe2c180,contains,Flows.sysmlx
ef950af5-3675-5545-ba74-05b2bbe2c180,a3c30f76-0301-5284-93b4-88cfef89698a,contains,Flows.sysmlx
ef950af5-3675-5545-ba74-05b2bbe2c180,a3c30f76-0301-5284-93b4-88cfef89698a,typed_by,Flows.sysmlx
a3c30f76-0301-5284-93b4-88cfef89698a,ef950af5-3675-5545-ba74-05b2bbe2c180,typed_by,Flows.sysmlx
ef950af5-3675-5545-ba74-05b2bbe2c180,45c68643-5378-5b6f-82b8-49a01c071331,contains,Flows.sysmlx
ef950af5-3675-5545-ba74-05b2bbe2c180,45c68643-5378-5b6f-82b8-49a01c071331,redefines,Flows.sysmlx
45c68643-5378-5b6f-82b8-49a01c071331,ef950af5-3675-5545-ba74-05b2bbe2c180,redefines,Flows.sysmlx
ef950af5-3675-5545-ba74-05b2bbe2c180,0c577b4d-057c-565a-a04c-fe76d0d5fc8b,contains,Flows.sysmlx
ef950af5-3675-5545-ba74-05b2bbe2c180,0c577b4d-057c-565a-a04c-fe76d0d5fc8b,redefines,Flows.sysmlx
0c577b4d-057c-565a-a04c-fe76d0d5fc8b,ef950af5-3675-5545-ba74-05b2bbe2c180,redefines,Flows.sysmlx
847b4ab6-e71a-564f-b647-7a623430c1e7,85b31459-b3b7-53b5-ba9c-6e5d9d3b130f,contains,Flows.sysmlx
847b4ab6-e71a-564f-b647-7a623430c1e7,85b31459-b3b7-53b5-ba9c-6e5d9d3b130f,has_feature,Flows.sysmlx
85b31459-b3b7-53b5-ba9c-6e5d9d3b130f,3fd2c4a7-9341-571f-904a-f2259947dfca,contains,Flows.sysmlx
85b31459-b3b7-53b5-ba9c-6e5d9d3b130f,3fd2c4a7-9341-571f-904a-f2259947dfca,has_occurrence,Flows.sysmlx
3fd2c4a7-9341-571f-904a-f2259947dfca,b4b85778-edad-5926-9932-dbf9347ab32e,contains,Flows.sysmlx
3fd2c4a7-9341-571f-904a-f2259947dfca,b4b85778-edad-5926-9932-dbf9347ab32e,typed_by,Flows.sysmlx
b4b85778-edad-5926-9932-dbf9347ab32e,3fd2c4a7-9341-571f-904a-f2259947dfca,typed_by,Flows.sysmlx
3fd2c4a7-9341-571f-904a-f2259947dfca,f4c82a5f-1428-5081-a5cb-f8656af3ca5d,contains,Flows.sysmlx
3fd2c4a7-9341-571f-904a-f2259947dfca,f4c82a5f-1428-5081-a5cb-f8656af3ca5d,redefines,Flows.sysmlx
f4c82a5f-1428-5081-a5cb-f8656af3ca5d,3fd2c4a7-9341-571f-904a-f2259947dfca,redefines,Flows.sysmlx
f4c82a5f-1428-5081-a5cb-f8656af3ca5d,9be7557d-b221-51b2-8cae-bcc77c729c8a,redefines,Flows.sysmlx
3fd2c4a7-9341-571f-904a-f2259947dfca,0ebac74f-120d-59ee-8605-e0461e6a04d7,contains,Flows.sysmlx
3fd2c4a7-9341-571f-904a-f2259947dfca,0ebac74f-120d-59ee-8605-e0461e6a04d7,redefines,Flows.sysmlx
0ebac74f-120d-59ee-8605-e0461e6a04d7,3fd2c4a7-9341-571f-904a-f2259947dfca,redefines,Flows.sysmlx
3fd2c4a7-9341-571f-904a-f2259947dfca,34241f48-1628-5303-83ca-dd75a535a8fa,contains,Flows.sysmlx
3fd2c4a7-9341-571f-904a-f2259947dfca,34241f48-1628-5303-83ca-dd75a535a8fa,owns,Flows.sysmlx
34241f48-1628-5303-83ca-dd75a535a8fa,5ad0c96c-14d1-5243-8553-b33624629980,contains,Flows.sysmlx
847b4ab6-e71a-564f-b647-7a623430c1e7,73d74186-4926-5e0b-ba79-b4905e75dc05,contains,Flows.sysmlx
847b4ab6-e71a-564f-b647-7a623430c1e7,73d74186-4926-5e0b-ba79-b4905e75dc05,has_feature,Flows.sysmlx
73d74186-4926-5e0b-ba79-b4905e75dc05,5841a822-2e60-5635-a81b-6b0e74d88a88,contains,Flows.sysmlx
73d74186-4926-5e0b-ba79-b4905e75dc05,5841a822-2e60-5635-a81b-6b0e74d88a88,has_occurrence,Flows.sysmlx
5841a822-2e60-5635-a81b-6b0e74d88a88,3192e146-e939-5be6-b974-ae22d2d67090,contains,Flows.sysmlx
5841a822-2e60-5635-a81b-6b0e74d88a88,3192e146-e939-5be6-b974-ae22d2d67090,typed_by,Flows.sysmlx
3192e146-e939-5be6-b974-ae22d2d67090,5841a822-2e60-5635-a81b-6b0e74d88a88,typed_by,Flows.sysmlx
5841a822-2e60-5635-a81b-6b0e74d88a88,78d63036-7057-5f02-b36c-0cfc52aa2944,contains,Flows.sysmlx
5841a822-2e60-5635-a81b-6b0e74d88a88,78d63036-7057-5f02-b36c-0cfc52aa2944,redefines,Flows.sysmlx
78d63036-7057-5f02-b36c-0cfc52aa2944,5841a822-2e60-5635-a81b-6b0e74d88a88,redefines,Flows.sysmlx
78d63036-7057-5f02-b36c-0cfc52aa2944,4c646dcf-556c-50bf-82cc-cb0c9b2f980c,redefines,Flows.sysmlx
5841a822-2e60-5635-a81b-6b0e74d88a88,a725f885-1f7b-51f4-8c60-1cef36f36ef8,contains,Flows.sysmlx
5841a822-2e60-5635-a81b-6b0e74d88a88,a725f885-1f7b-51f4-8c60-1cef36f36ef8,redefines,Flows.sysmlx
a725f885-1f7b-51f4-8c60-1cef36f36ef8,5841a822-2e60-5635-a81b-6b0e74d88a88,redefines,Flows.sysmlx
5841a822-2e60-5635-a81b-6b0e74d88a88,1a3cedb8-2701-5d08-a353-44b2ffd5a514,contains,Flows.sysmlx
5841a822-2e60-5635-a81b-6b0e74d88a88,1a3cedb8-2701-5d08-a353-44b2ffd5a514,owns,Flows.sysmlx
1a3cedb8-2701-5d08-a353-44b2ffd5a514,915a70de-8b8a-5ca9-9241-09b83f351eae,contains,Flows.sysmlx
727e18b4-9722-525c-a526-731097447f23,3c36e6b9-7021-5cd9-9001-34049803e7c9,contains,Flows.sysmlx
727e18b4-9722-525c-a526-731097447f23,3c36e6b9-7021-5cd9-9001-34049803e7c9,owns,Flows.sysmlx
3c36e6b9-7021-5cd9-9001-34049803e7c9,e04708d0-e608-5c15-ba3a-fc523616c740,contains,Flows.sysmlx
3c36e6b9-7021-5cd9-9001-34049803e7c9,e04708d0-e608-5c15-ba3a-fc523616c740,flows_to,Flows.sysmlx
e04708d0-e608-5c15-ba3a-fc523616c740,4069da2d-a5f4-537a-a2b1-794273c2aec0,contains,Flows.sysmlx
e04708d0-e608-5c15-ba3a-fc523616c740,4069da2d-a5f4-537a-a2b1-794273c2aec0,typed_by,Flows.sysmlx
4069da2d-a5f4-537a-a2b1-794273c2aec0,e04708d0-e608-5c15-ba3a-fc523616c740,typed_by,Flows.sysmlx
e04708d0-e608-5c15-ba3a-fc523616c740,02ae8db2-76c1-5242-bb66-7c507f63bb50,contains,Flows.sysmlx
e04708d0-e608-5c15-ba3a-fc523616c740,02ae8db2-76c1-5242-bb66-7c507f63bb50,owns,Flows.sysmlx
02ae8db2-76c1-5242-bb66-7c507f63bb50,b8b4ee7d-123d-5577-9c75-f797a5c1d22f,contains,Flows.sysmlx
b8b4ee7d-123d-5577-9c75-f797a5c1d22f,462d39fd-2bcf-5d58-b293-1ca48cb7cc3b,contains,Flows.sysmlx
b8b4ee7d-123d-5577-9c75-f797a5c1d22f,462d39fd-2bcf-5d58-b293-1ca48cb7cc3b,owns,Flows.sysmlx
462d39fd-2bcf-5d58-b293-1ca48cb7cc3b,969e65c8-1255-5464-9014-2bc40d0d1ef8,contains,Flows.sysmlx
b8b4ee7d-123d-5577-9c75-f797a5c1d22f,ad7fdd08-b503-5c99-af1f-e8d4dfde465c,contains,Flows.sysmlx
b8b4ee7d-123d-5577-9c75-f797a5c1d22f,ad7fdd08-b503-5c99-af1f-e8d4dfde465c,owns,Flows.sysmlx
ad7fdd08-b503-5c99-af1f-e8d4dfde465c,e0e69f84-756b-5618-85fb-6172f4888243,contains,Flows.sysmlx
e04708d0-e608-5c15-ba3a-fc523616c740,669b1875-cd63-54ed-ab8b-9aae58230723,contains,Flows.sysmlx
e04708d0-e608-5c15-ba3a-fc523616c740,669b1875-cd63-54ed-ab8b-9aae58230723,subsets,Flows.sysmlx
669b1875-cd63-54ed-ab8b-9aae58230723,e04708d0-e608-5c15-ba3a-fc523616c740,subsets,Flows.sysmlx
e04708d0-e608-5c15-ba3a-fc523616c740,c4bc20c9-f0cb-5656-8a00-03991134ade8,contains,Flows.sysmlx
e04708d0-e608-5c15-ba3a-fc523616c740,c4bc20c9-f0cb-5656-8a00-03991134ade8,subsets,Flows.sysmlx
c4bc20c9-f0cb-5656-8a00-03991134ade8,e04708d0-e608-5c15-ba3a-fc523616c740,subsets,Flows.sysmlx
e04708d0-e608-5c15-ba3a-fc523616c740,6e711304-6284-589a-b3d3-27be528e4604,contains,Flows.sysmlx
e04708d0-e608-5c15-ba3a-fc523616c740,6e711304-6284-589a-b3d3-27be528e4604,owns,Flows.sysmlx
6e711304-6284-589a-b3d3-27be528e4604,5a55b12a-9dc7-5f0d-b8d2-1544c7d3f870,contains,Flows.sysmlx
727e18b4-9722-525c-a526-731097447f23,dd65bdc0-2dbc-5ce9-9a0b-ced3bfdc10da,contains,Flows.sysmlx
727e18b4-9722-525c-a526-731097447f23,dd65bdc0-2dbc-5ce9-9a0b-ced3bfdc10da,owns,Flows.sysmlx
dd65bdc0-2dbc-5ce9-9a0b-ced3bfdc10da,58f4b8ef-ef56-5e97-8def-549155818a37,contains,Flows.sysmlx
dd65bdc0-2dbc-5ce9-9a0b-ced3bfdc10da,58f4b8ef-ef56-5e97-8def-549155818a37,flows_to,Flows.sysmlx
58f4b8ef-ef56-5e97-8def-549155818a37,3d598cab-006e-57a9-9342-1a81a824b3fe,contains,Flows.sysmlx
58f4b8ef-ef56-5e97-8def-549155818a37,3d598cab-006e-57a9-9342-1a81a824b3fe,typed_by,Flows.sysmlx
3d598cab-006e-57a9-9342-1a81a824b3fe,58f4b8ef-ef56-5e97-8def-549155818a37,typed_by,Flows.sysmlx
58f4b8ef-ef56-5e97-8def-549155818a37,3fb03b7f-febf-5e28-9e7e-d38ef07c78a7,contains,Flows.sysmlx
58f4b8ef-ef56-5e97-8def-549155818a37,3fb03b7f-febf-5e28-9e7e-d38ef07c78a7,owns,Flows.sysmlx
3fb03b7f-febf-5e28-9e7e-d38ef07c78a7,c5489139-fbd2-5be6-8ece-abc6e7839dcc,contains,Flows.sysmlx
c5489139-fbd2-5be6-8ece-abc6e7839dcc,3947c061-08ba-5f58-8d70-f58d350d943f,contains,Flows.sysmlx
c5489139-fbd2-5be6-8ece-abc6e7839dcc,3947c061-08ba-5f58-8d70-f58d350d943f,owns,Flows.sysmlx
3947c061-08ba-5f58-8d70-f58d350d943f,889e7b12-e6b6-5667-87d4-4e8088611ee6,contains,Flows.sysmlx
c5489139-fbd2-5be6-8ece-abc6e7839dcc,fd817714-bbeb-5ed9-acc0-c9b283674384,contains,Flows.sysmlx
c5489139-fbd2-5be6-8ece-abc6e7839dcc,fd817714-bbeb-5ed9-acc0-c9b283674384,owns,Flows.sysmlx
fd817714-bbeb-5ed9-acc0-c9b283674384,051e060f-b3d5-5860-bc22-d1d65b30ddb3,contains,Flows.sysmlx
58f4b8ef-ef56-5e97-8def-549155818a37,8c2adc6e-2110-5bb0-a0b7-80a4c2929ef2,contains,Flows.sysmlx
58f4b8ef-ef56-5e97-8def-549155818a37,8c2adc6e-2110-5bb0-a0b7-80a4c2929ef2,subsets,Flows.sysmlx
8c2adc6e-2110-5bb0-a0b7-80a4c2929ef2,e04708d0-e608-5c15-ba3a-fc523616c740,subsets,Flows.sysmlx
8c2adc6e-2110-5bb0-a0b7-80a4c2929ef2,58f4b8ef-ef56-5e97-8def-549155818a37,subsets,Flows.sysmlx
58f4b8ef-ef56-5e97-8def-549155818a37,1f485d9d-b180-54fa-8586-983983e62e44,contains,Flows.sysmlx
58f4b8ef-ef56-5e97-8def-549155818a37,1f485d9d-b180-54fa-8586-983983e62e44,subsets,Flows.sysmlx
1f485d9d-b180-54fa-8586-983983e62e44,58f4b8ef-ef56-5e97-8def-549155818a37,subsets,Flows.sysmlx
58f4b8ef-ef56-5e97-8def-549155818a37,ff33c59c-e3fe-5c0b-909d-959c9f163242,contains,Flows.sysmlx
58f4b8ef-ef56-5e97-8def-549155818a37,ff33c59c-e3fe-5c0b-909d-959c9f163242,owns,Flows.sysmlx
ff33c59c-e3fe-5c0b-909d-959c9f163242,b81b4251-4730-57d8-9bcf-6a99e92668a9,contains,Flows.sysmlx
58f4b8ef-ef56-5e97-8def-549155818a37,c15aac16-cf23-55aa-905e-7edf955f7925,contains,Flows.sysmlx
58f4b8ef-ef56-5e97-8def-549155818a37,c15aac16-cf23-55aa-905e-7edf955f7925,has_feature,Flows.sysmlx
c15aac16-cf23-55aa-905e-7edf955f7925,9d174cd9-1d36-52f0-9c44-62001ffb9568,contains,Flows.sysmlx
c15aac16-cf23-55aa-905e-7edf955f7925,9d174cd9-1d36-52f0-9c44-62001ffb9568,has_occurrence,Flows.sysmlx
9d174cd9-1d36-52f0-9c44-62001ffb9568,1b7b83b4-b3d3-5f2c-8bcf-9dfd5d13d81a,contains,Flows.sysmlx
9d174cd9-1d36-52f0-9c44-62001ffb9568,1b7b83b4-b3d3-5f2c-8bcf-9dfd5d13d81a,typed_by,Flows.sysmlx
1b7b83b4-b3d3-5f2c-8bcf-9dfd5d13d81a,9d174cd9-1d36-52f0-9c44-62001ffb9568,typed_by,Flows.sysmlx
9d174cd9-1d36-52f0-9c44-62001ffb9568,f84410b2-71cf-54f3-9c7f-a82df1e171a8,contains,Flows.sysmlx
9d174cd9-1d36-52f0-9c44-62001ffb9568,f84410b2-71cf-54f3-9c7f-a82df1e171a8,redefines,Flows.sysmlx
f84410b2-71cf-54f3-9c7f-a82df1e171a8,9d174cd9-1d36-52f0-9c44-62001ffb9568,redefines,Flows.sysmlx
f84410b2-71cf-54f3-9c7f-a82df1e171a8,9be7557d-b221-51b2-8cae-bcc77c729c8a,redefines,Flows.sysmlx
9d174cd9-1d36-52f0-9c44-62001ffb9568,17a5c104-cc4f-54f2-8be6-c0299221842a,contains,Flows.sysmlx
9d174cd9-1d36-52f0-9c44-62001ffb9568,17a5c104-cc4f-54f2-8be6-c0299221842a,redefines,Flows.sysmlx
17a5c104-cc4f-54f2-8be6-c0299221842a,9d174cd9-1d36-52f0-9c44-62001ffb9568,redefines,Flows.sysmlx
9d174cd9-1d36-52f0-9c44-62001ffb9568,16adf96d-5a86-5220-ab3f-15e84d323b61,contains,Flows.sysmlx
9d174cd9-1d36-52f0-9c44-62001ffb9568,16adf96d-5a86-5220-ab3f-15e84d323b61,redefines,Flows.sysmlx
16adf96d-5a86-5220-ab3f-15e84d323b61,9d174cd9-1d36-52f0-9c44-62001ffb9568,redefines,Flows.sysmlx
9d174cd9-1d36-52f0-9c44-62001ffb9568,6b08b4af-08a1-535a-8efc-08ab923d5e55,contains,Flows.sysmlx
9d174cd9-1d36-52f0-9c44-62001ffb9568,6b08b4af-08a1-535a-8efc-08ab923d5e55,owns,Flows.sysmlx
6b08b4af-08a1-535a-8efc-08ab923d5e55,050a84ba-556f-56e6-9778-ecc6b3e7a2ce,contains,Flows.sysmlx
58f4b8ef-ef56-5e97-8def-549155818a37,cc446464-85ad-5f63-8afa-c0782c7b54cc,contains,Flows.sysmlx
58f4b8ef-ef56-5e97-8def-549155818a37,cc446464-85ad-5f63-8afa-c0782c7b54cc,has_feature,Flows.sysmlx
cc446464-85ad-5f63-8afa-c0782c7b54cc,bf43c516-b2fd-59b0-ae53-a534f1289406,contains,Flows.sysmlx
cc446464-85ad-5f63-8afa-c0782c7b54cc,bf43c516-b2fd-59b0-ae53-a534f1289406,has_occurrence,Flows.sysmlx
bf43c516-b2fd-59b0-ae53-a534f1289406,9113c33c-cbf2-5f2b-bf98-fabfb6c8a719,contains,Flows.sysmlx
bf43c516-b2fd-59b0-ae53-a534f1289406,9113c33c-cbf2-5f2b-bf98-fabfb6c8a719,typed_by,Flows.sysmlx
9113c33c-cbf2-5f2b-bf98-fabfb6c8a719,bf43c516-b2fd-59b0-ae53-a534f1289406,typed_by,Flows.sysmlx
bf43c516-b2fd-59b0-ae53-a534f1289406,1d0e1592-6e60-5159-baa0-d0e004f81848,contains,Flows.sysmlx
bf43c516-b2fd-59b0-ae53-a534f1289406,1d0e1592-6e60-5159-baa0-d0e004f81848,redefines,Flows.sysmlx
1d0e1592-6e60-5159-baa0-d0e004f81848,bf43c516-b2fd-59b0-ae53-a534f1289406,redefines,Flows.sysmlx
1d0e1592-6e60-5159-baa0-d0e004f81848,4c646dcf-556c-50bf-82cc-cb0c9b2f980c,redefines,Flows.sysmlx
bf43c516-b2fd-59b0-ae53-a534f1289406,90b3eb36-f49a-5c88-8b03-4eec90b9d441,contains,Flows.sysmlx
bf43c516-b2fd-59b0-ae53-a534f1289406,90b3eb36-f49a-5c88-8b03-4eec90b9d441,redefines,Flows.sysmlx
90b3eb36-f49a-5c88-8b03-4eec90b9d441,bf43c516-b2fd-59b0-ae53-a534f1289406,redefines,Flows.sysmlx
bf43c516-b2fd-59b0-ae53-a534f1289406,0a8fea48-1b2e-5f07-95ef-7c197799cc15,contains,Flows.sysmlx
bf43c516-b2fd-59b0-ae53-a534f1289406,0a8fea48-1b2e-5f07-95ef-7c197799cc15,redefines,Flows.sysmlx
0a8fea48-1b2e-5f07-95ef-7c197799cc15,bf43c516-b2fd-59b0-ae53-a534f1289406,redefines,Flows.sysmlx
bf43c516-b2fd-59b0-ae53-a534f1289406,2b6e86da-f5fc-57fd-8d88-8f88c9d12c0d,contains,Flows.sysmlx
bf43c516-b2fd-59b0-ae53-a534f1289406,2b6e86da-f5fc-57fd-8d88-8f88c9d12c0d,owns,Flows.sysmlx
2b6e86da-f5fc-57fd-8d88-8f88c9d12c0d,e2f42732-9bcc-5c3b-80ae-ee7d0fe48db6,contains,Flows.sysmlx
727e18b4-9722-525c-a526-731097447f23,b78287ea-9ac1-59ef-b5b1-bd85196d28c0,contains,Flows.sysmlx
727e18b4-9722-525c-a526-731097447f23,b78287ea-9ac1-59ef-b5b1-bd85196d28c0,owns,Flows.sysmlx
b78287ea-9ac1-59ef-b5b1-bd85196d28c0,b98a8b6b-2ae3-5f69-b768-bde88e0dadac,contains,Flows.sysmlx
b78287ea-9ac1-59ef-b5b1-bd85196d28c0,b98a8b6b-2ae3-5f69-b768-bde88e0dadac,flows_to,Flows.sysmlx
b98a8b6b-2ae3-5f69-b768-bde88e0dadac,d9c48a43-6fac-5a0f-a1b8-967e34c96b8e,contains,Flows.sysmlx
b98a8b6b-2ae3-5f69-b768-bde88e0dadac,d9c48a43-6fac-5a0f-a1b8-967e34c96b8e,typed_by,Flows.sysmlx
d9c48a43-6fac-5a0f-a1b8-967e34c96b8e,b98a8b6b-2ae3-5f69-b768-bde88e0dadac,typed_by,Flows.sysmlx
b98a8b6b-2ae3-5f69-b768-bde88e0dadac,fe3ae556-e0eb-598e-8a6b-19a2ed129f9c,contains,Flows.sysmlx
b98a8b6b-2ae3-5f69-b768-bde88e0dadac,fe3ae556-e0eb-598e-8a6b-19a2ed129f9c,owns,Flows.sysmlx
fe3ae556-e0eb-598e-8a6b-19a2ed129f9c,95d321d7-5297-599a-852b-09fd4411c16a,contains,Flows.sysmlx
95d321d7-5297-599a-852b-09fd4411c16a,1fb1bbf4-3630-5a3c-9160-008e031aeca8,contains,Flows.sysmlx
95d321d7-5297-599a-852b-09fd4411c16a,1fb1bbf4-3630-5a3c-9160-008e031aeca8,owns,Flows.sysmlx
1fb1bbf4-3630-5a3c-9160-008e031aeca8,eeb295fb-bf15-5c30-ba3f-a8e9b65e273e,contains,Flows.sysmlx
95d321d7-5297-599a-852b-09fd4411c16a,a51cc9c0-bbcc-50f3-8a7e-a8d76cfc5a61,contains,Flows.sysmlx
95d321d7-5297-599a-852b-09fd4411c16a,a51cc9c0-bbcc-50f3-8a7e-a8d76cfc5a61,owns,Flows.sysmlx
a51cc9c0-bbcc-50f3-8a7e-a8d76cfc5a61,d171cf76-6096-5b9c-8651-6c8e9853e498,contains,Flows.sysmlx
b98a8b6b-2ae3-5f69-b768-bde88e0dadac,69a2b116-2191-5b0e-afa2-8684b84aafce,contains,Flows.sysmlx
b98a8b6b-2ae3-5f69-b768-bde88e0dadac,69a2b116-2191-5b0e-afa2-8684b84aafce,subsets,Flows.sysmlx
69a2b116-2191-5b0e-afa2-8684b84aafce,58f4b8ef-ef56-5e97-8def-549155818a37,subsets,Flows.sysmlx
69a2b116-2191-5b0e-afa2-8684b84aafce,b98a8b6b-2ae3-5f69-b768-bde88e0dadac,subsets,Flows.sysmlx
b98a8b6b-2ae3-5f69-b768-bde88e0dadac,1e64f780-85b5-5656-866e-75dc1bea1b64,contains,Flows.sysmlx
b98a8b6b-2ae3-5f69-b768-bde88e0dadac,1e64f780-85b5-5656-866e-75dc1bea1b64,subsets,Flows.sysmlx
1e64f780-85b5-5656-866e-75dc1bea1b64,b98a8b6b-2ae3-5f69-b768-bde88e0dadac,subsets,Flows.sysmlx
b98a8b6b-2ae3-5f69-b768-bde88e0dadac,2162346f-d387-5cbe-93ad-0e682cae0c8d,contains,Flows.sysmlx
b98a8b6b-2ae3-5f69-b768-bde88e0dadac,2162346f-d387-5cbe-93ad-0e682cae0c8d,owns,Flows.sysmlx
2162346f-d387-5cbe-93ad-0e682cae0c8d,73101e71-3841-5a54-bc8a-33d24f7919a4,contains,Flows.sysmlx
b98a8b6b-2ae3-5f69-b768-bde88e0dadac,ed2b668d-3b85-5644-b047-9520ca60ce5d,contains,Flows.sysmlx
b98a8b6b-2ae3-5f69-b768-bde88e0dadac,ed2b668d-3b85-5644-b047-9520ca60ce5d,has_feature,Flows.sysmlx
ed2b668d-3b85-5644-b047-9520ca60ce5d,3d8378c7-42a6-55a6-87a6-a6bf5705c1ce,contains,Flows.sysmlx
ed2b668d-3b85-5644-b047-9520ca60ce5d,3d8378c7-42a6-55a6-87a6-a6bf5705c1ce,has_occurrence,Flows.sysmlx
3d8378c7-42a6-55a6-87a6-a6bf5705c1ce,1972859f-399b-5715-ab53-daef7b53ea72,contains,Flows.sysmlx
3d8378c7-42a6-55a6-87a6-a6bf5705c1ce,1972859f-399b-5715-ab53-daef7b53ea72,typed_by,Flows.sysmlx
1972859f-399b-5715-ab53-daef7b53ea72,3d8378c7-42a6-55a6-87a6-a6bf5705c1ce,typed_by,Flows.sysmlx
3d8378c7-42a6-55a6-87a6-a6bf5705c1ce,d08e6efe-e586-5383-b954-f61b96fe96db,contains,Flows.sysmlx
3d8378c7-42a6-55a6-87a6-a6bf5705c1ce,d08e6efe-e586-5383-b954-f61b96fe96db,redefines,Flows.sysmlx
d08e6efe-e586-5383-b954-f61b96fe96db,3d8378c7-42a6-55a6-87a6-a6bf5705c1ce,redefines,Flows.sysmlx
d08e6efe-e586-5383-b954-f61b96fe96db,3fd2c4a7-9341-571f-904a-f2259947dfca,redefines,Flows.sysmlx
3d8378c7-42a6-55a6-87a6-a6bf5705c1ce,000f826e-1190-52f1-bb10-09fbdc0dd68a,contains,Flows.sysmlx
3d8378c7-42a6-55a6-87a6-a6bf5705c1ce,000f826e-1190-52f1-bb10-09fbdc0dd68a,redefines,Flows.sysmlx
000f826e-1190-52f1-bb10-09fbdc0dd68a,3d8378c7-42a6-55a6-87a6-a6bf5705c1ce,redefines,Flows.sysmlx
000f826e-1190-52f1-bb10-09fbdc0dd68a,9d174cd9-1d36-52f0-9c44-62001ffb9568,redefines,Flows.sysmlx
3d8378c7-42a6-55a6-87a6-a6bf5705c1ce,48b1cdb5-0e0c-53d1-aa33-65985e736a28,contains,Flows.sysmlx
3d8378c7-42a6-55a6-87a6-a6bf5705c1ce,48b1cdb5-0e0c-53d1-aa33-65985e736a28,redefines,Flows.sysmlx
48b1cdb5-0e0c-53d1-aa33-65985e736a28,3d8378c7-42a6-55a6-87a6-a6bf5705c1ce,redefines,Flows.sysmlx
3d8378c7-42a6-55a6-87a6-a6bf5705c1ce,5e56cb9d-c445-5cfc-b655-f91dc7e8ca87,contains,Flows.sysmlx
3d8378c7-42a6-55a6-87a6-a6bf5705c1ce,5e56cb9d-c445-5cfc-b655-f91dc7e8ca87,owns,Flows.sysmlx
5e56cb9d-c445-5cfc-b655-f91dc7e8ca87,9c2bf8df-948b-5dad-b0a2-116692601c45,contains,Flows.sysmlx
b98a8b6b-2ae3-5f69-b768-bde88e0dadac,becc899c-38fb-5aa6-be72-6c8a91cacd93,contains,Flows.sysmlx
b98a8b6b-2ae3-5f69-b768-bde88e0dadac,becc899c-38fb-5aa6-be72-6c8a91cacd93,has_feature,Flows.sysmlx
becc899c-38fb-5aa6-be72-6c8a91cacd93,cfb3fc20-4481-57bb-bb15-ccb2744e369d,contains,Flows.sysmlx
becc899c-38fb-5aa6-be72-6c8a91cacd93,cfb3fc20-4481-57bb-bb15-ccb2744e369d,has_occurrence,Flows.sysmlx
cfb3fc20-4481-57bb-bb15-ccb2744e369d,12d46e4b-a992-50b6-ad35-7421913b6127,contains,Flows.sysmlx
cfb3fc20-4481-57bb-bb15-ccb2744e369d,12d46e4b-a992-50b6-ad35-7421913b6127,typed_by,Flows.sysmlx
12d46e4b-a992-50b6-ad35-7421913b6127,cfb3fc20-4481-57bb-bb15-ccb2744e369d,typed_by,Flows.sysmlx
cfb3fc20-4481-57bb-bb15-ccb2744e369d,abdea8fc-f462-5004-940d-a80d672f10f4,contains,Flows.sysmlx
cfb3fc20-4481-57bb-bb15-ccb2744e369d,abdea8fc-f462-5004-940d-a80d672f10f4,redefines,Flows.sysmlx
abdea8fc-f462-5004-940d-a80d672f10f4,cfb3fc20-4481-57bb-bb15-ccb2744e369d,redefines,Flows.sysmlx
abdea8fc-f462-5004-940d-a80d672f10f4,5841a822-2e60-5635-a81b-6b0e74d88a88,redefines,Flows.sysmlx
cfb3fc20-4481-57bb-bb15-ccb2744e369d,37b0e210-61de-5170-a332-acb219409509,contains,Flows.sysmlx
cfb3fc20-4481-57bb-bb15-ccb2744e369d,37b0e210-61de-5170-a332-acb219409509,redefines,Flows.sysmlx
37b0e210-61de-5170-a332-acb219409509,cfb3fc20-4481-57bb-bb15-ccb2744e369d,redefines,Flows.sysmlx
37b0e210-61de-5170-a332-acb219409509,bf43c516-b2fd-59b0-ae53-a534f1289406,redefines,Flows.sysmlx
cfb3fc20-4481-57bb-bb15-ccb2744e369d,654278d4-e6ee-52d2-b17d-829fa76b508d,contains,Flows.sysmlx
cfb3fc20-4481-57bb-bb15-ccb2744e369d,654278d4-e6ee-52d2-b17d-829fa76b508d,redefines,Flows.sysmlx
654278d4-e6ee-52d2-b17d-829fa76b508d,cfb3fc20-4481-57bb-bb15-ccb2744e369d,redefines,Flows.sysmlx
cfb3fc20-4481-57bb-bb15-ccb2744e369d,b8570761-cb4d-57d5-8f48-2536b025a317,contains,Flows.sysmlx
cfb3fc20-4481-57bb-bb15-ccb2744e369d,b8570761-cb4d-57d5-8f48-2536b025a317,owns,Flows.sysmlx
b8570761-cb4d-57d5-8f48-2536b025a317,c58bfa64-6d11-5315-aa3f-9d00fbb690a9,contains,Flows.sysmlx
2aa799a3-fd88-5ee9-ab86-da947055e8c3,e77af252-4bd9-562e-b60f-8a041d16bf9a,contains,Constraints.sysmlx
2aa799a3-fd88-5ee9-ab86-da947055e8c3,e77af252-4bd9-562e-b60f-8a041d16bf9a,owns,Constraints.sysmlx
e77af252-4bd9-562e-b60f-8a041d16bf9a,a1655928-875c-5094-8d44-a8a10f354eb4,contains,Constraints.sysmlx
a1655928-875c-5094-8d44-a8a10f354eb4,fe89a416-1620-5720-9a74-b2434fcfb958,contains,Constraints.sysmlx
a1655928-875c-5094-8d44-a8a10f354eb4,fe89a416-1620-5720-9a74-b2434fcfb958,owns,Constraints.sysmlx
fe89a416-1620-5720-9a74-b2434fcfb958,1305f405-be06-51a4-bae4-26da45499116,contains,Constraints.sysmlx
a1655928-875c-5094-8d44-a8a10f354eb4,d276478d-0426-5964-ab11-2eaacf5d41d3,contains,Constraints.sysmlx
a1655928-875c-5094-8d44-a8a10f354eb4,d276478d-0426-5964-ab11-2eaacf5d41d3,imports,Constraints.sysmlx
a1655928-875c-5094-8d44-a8a10f354eb4,5b58d8f2-7958-5c44-bc15-1d248f1ed965,contains,Constraints.sysmlx
a1655928-875c-5094-8d44-a8a10f354eb4,5b58d8f2-7958-5c44-bc15-1d248f1ed965,imports,Constraints.sysmlx
a1655928-875c-5094-8d44-a8a10f354eb4,9edc9dde-3442-54b2-8a55-031561f6d59d,contains,Constraints.sysmlx
a1655928-875c-5094-8d44-a8a10f354eb4,9edc9dde-3442-54b2-8a55-031561f6d59d,imports,Constraints.sysmlx
a1655928-875c-5094-8d44-a8a10f354eb4,9c36ae82-a72a-56d3-bc8c-16caf537be15,contains,Constraints.sysmlx
a1655928-875c-5094-8d44-a8a10f354eb4,9c36ae82-a72a-56d3-bc8c-16caf537be15,imports,Constraints.sysmlx
a1655928-875c-5094-8d44-a8a10f354eb4,24203e5a-3d83-567c-badf-186772d101ae,contains,Constraints.sysmlx
a1655928-875c-5094-8d44-a8a10f354eb4,24203e5a-3d83-567c-badf-186772d101ae,owns,Constraints.sysmlx
24203e5a-3d83-567c-badf-186772d101ae,88ee1ede-4630-50fc-bbee-4d6e6eed7bf5,contains,Constraints.sysmlx
88ee1ede-4630-50fc-bbee-4d6e6eed7bf5,884ee976-6e77-5380-8d24-865d2d622b1d,contains,Constraints.sysmlx
88ee1ede-4630-50fc-bbee-4d6e6eed7bf5,884ee976-6e77-5380-8d24-865d2d622b1d,specializes,Constraints.sysmlx
88ee1ede-4630-50fc-bbee-4d6e6eed7bf5,85dd7d41-3b98-508d-9f34-a2cbb7abc38c,contains,Constraints.sysmlx
88ee1ede-4630-50fc-bbee-4d6e6eed7bf5,85dd7d41-3b98-508d-9f34-a2cbb7abc38c,owns,Constraints.sysmlx
85dd7d41-3b98-508d-9f34-a2cbb7abc38c,dc6c544a-3ae2-526e-aa20-8ff37afe92b5,contains,Constraints.sysmlx
88ee1ede-4630-50fc-bbee-4d6e6eed7bf5,8c653856-a61f-5c10-a8d2-617504827453,contains,Constraints.sysmlx
88ee1ede-4630-50fc-bbee-4d6e6eed7bf5,8c653856-a61f-5c10-a8d2-617504827453,has_feature,Constraints.sysmlx
8c653856-a61f-5c10-a8d2-617504827453,2956b7f4-93db-509a-9fba-32e8f5f7958c,contains,Constraints.sysmlx
8c653856-a61f-5c10-a8d2-617504827453,2956b7f4-93db-509a-9fba-32e8f5f7958c,has_constraint,Constraints.sysmlx
2956b7f4-93db-509a-9fba-32e8f5f7958c,ceae6033-eafe-5c37-ba91-96996890106f,contains,Constraints.sysmlx
2956b7f4-93db-509a-9fba-32e8f5f7958c,ceae6033-eafe-5c37-ba91-96996890106f,typed_by,Constraints.sysmlx
ceae6033-eafe-5c37-ba91-96996890106f,2956b7f4-93db-509a-9fba-32e8f5f7958c,typed_by,Constraints.sysmlx
2956b7f4-93db-509a-9fba-32e8f5f7958c,9aa25fc8-4810-554e-987a-682d4ff90042,contains,Constraints.sysmlx
2956b7f4-93db-509a-9fba-32e8f5f7958c,9aa25fc8-4810-554e-987a-682d4ff90042,redefines,Constraints.sysmlx
9aa25fc8-4810-554e-987a-682d4ff90042,2956b7f4-93db-509a-9fba-32e8f5f7958c,redefines,Constraints.sysmlx
a1655928-875c-5094-8d44-a8a10f354eb4,a14f899d-4ca3-5b73-bd8d-8d84d5ad4f60,contains,Constraints.sysmlx
a1655928-875c-5094-8d44-a8a10f354eb4,a14f899d-4ca3-5b73-bd8d-8d84d5ad4f60,owns,Constraints.sysmlx
a14f899d-4ca3-5b73-bd8d-8d84d5ad4f60,3b0c0d16-aab5-59ed-a8a5-e288ca685609,contains,Constraints.sysmlx
a14f899d-4ca3-5b73-bd8d-8d84d5ad4f60,3b0c0d16-aab5-59ed-a8a5-e288ca685609,has_constraint,Constraints.sysmlx
3b0c0d16-aab5-59ed-a8a5-e288ca685609,a314557b-536f-5824-9ae4-4d619f084a47,contains,Constraints.sysmlx
3b0c0d16-aab5-59ed-a8a5-e288ca685609,a314557b-536f-5824-9ae4-4d619f084a47,typed_by,Constraints.sysmlx
a314557b-536f-5824-9ae4-4d619f084a47,3b0c0d16-aab5-59ed-a8a5-e288ca685609,typed_by,Constraints.sysmlx
3b0c0d16-aab5-59ed-a8a5-e288ca685609,f4fca2de-75f1-5616-b46c-85fcb94a527b,contains,Constraints.sysmlx
3b0c0d16-aab5-59ed-a8a5-e288ca685609,f4fca2de-75f1-5616-b46c-85fcb94a527b,owns,Constraints.sysmlx
f4fca2de-75f1-5616-b46c-85fcb94a527b,6e00cf80-2992-5c29-a628-e8dc66559f83,contains,Constraints.sysmlx
6e00cf80-2992-5c29-a628-e8dc66559f83,33690d5c-f506-5383-b0ad-4467ff438c34,contains,Constraints.sysmlx
6e00cf80-2992-5c29-a628-e8dc66559f83,33690d5c-f506-5383-b0ad-4467ff438c34,owns,Constraints.sysmlx
33690d5c-f506-5383-b0ad-4467ff438c34,84c6b69f-e5a3-563e-bdc7-319beab9e03b,contains,Constraints.sysmlx
6e00cf80-2992-5c29-a628-e8dc66559f83,732a8e74-72de-5db2-8b33-1fa74a805003,contains,Constraints.sysmlx
6e00cf80-2992-5c29-a628-e8dc66559f83,732a8e74-72de-5db2-8b33-1fa74a805003,owns,Constraints.sysmlx
732a8e74-72de-5db2-8b33-1fa74a805003,b06e94e3-10f8-584e-a75a-6023444133c6,contains,Constraints.sysmlx
3b0c0d16-aab5-59ed-a8a5-e288ca685609,e6fefd94-c189-5d43-9582-0f558d698785,contains,Constraints.sysmlx
3b0c0d16-aab5-59ed-a8a5-e288ca685609,e6fefd94-c189-5d43-9582-0f558d698785,subsets,Constraints.sysmlx
e6fefd94-c189-5d43-9582-0f558d698785,3b0c0d16-aab5-59ed-a8a5-e288ca685609,subsets,Constraints.sysmlx
3b0c0d16-aab5-59ed-a8a5-e288ca685609,2c2ed411-42ad-5bb6-a6c1-b689f252ef67,contains,Constraints.sysmlx
3b0c0d16-aab5-59ed-a8a5-e288ca685609,2c2ed411-42ad-5bb6-a6c1-b689f252ef67,owns,Constraints.sysmlx
2c2ed411-42ad-5bb6-a6c1-b689f252ef67,be836a72-003d-5217-bf69-26caeb108eb4,contains,Constraints.sysmlx
a1655928-875c-5094-8d44-a8a10f354eb4,28610ea7-8895-5467-b800-98df76318814,contains,Constraints.sysmlx
a1655928-875c-5094-8d44-a8a10f354eb4,28610ea7-8895-5467-b800-98df76318814,owns,Constraints.sysmlx
28610ea7-8895-5467-b800-98df76318814,8ef3ce8b-9d7c-5b4c-a683-66668f5a2f61,contains,Constraints.sysmlx
28610ea7-8895-5467-b800-98df76318814,8ef3ce8b-9d7c-5b4c-a683-66668f5a2f61,has_constraint,Constraints.sysmlx
8ef3ce8b-9d7c-5b4c-a683-66668f5a2f61,c7bbcf02-217a-5ac9-bdac-efa4c6b0bf83,contains,Constraints.sysmlx
8ef3ce8b-9d7c-5b4c-a683-66668f5a2f61,c7bbcf02-217a-5ac9-bdac-efa4c6b0bf83,subsets,Constraints.sysmlx
c7bbcf02-217a-5ac9-bdac-efa4c6b0bf83,3b0c0d16-aab5-59ed-a8a5-e288ca685609,subsets,Constraints.sysmlx
c7bbcf02-217a-5ac9-bdac-efa4c6b0bf83,8ef3ce8b-9d7c-5b4c-a683-66668f5a2f61,subsets,Constraints.sysmlx
8ef3ce8b-9d7c-5b4c-a683-66668f5a2f61,3f80772c-3899-5e62-9794-b08c099bc068,contains,Constraints.sysmlx
8ef3ce8b-9d7c-5b4c-a683-66668f5a2f61,3f80772c-3899-5e62-9794-b08c099bc068,subsets,Constraints.sysmlx
3f80772c-3899-5e62-9794-b08c099bc068,8ef3ce8b-9d7c-5b4c-a683-66668f5a2f61,subsets,Constraints.sysmlx
8ef3ce8b-9d7c-5b4c-a683-66668f5a2f61,2ece3998-c70d-555f-a8f3-0453fbed786d,contains,Constraints.sysmlx
8ef3ce8b-9d7c-5b4c-a683-66668f5a2f61,2ece3998-c70d-555f-a8f3-0453fbed786d,owns,Constraints.sysmlx
2ece3998-c70d-555f-a8f3-0453fbed786d,017b8370-a5db-56dd-80ec-daef7e8c3804,contains,Constraints.sysmlx
a1655928-875c-5094-8d44-a8a10f354eb4,625020ad-b1b3-58c4-bd37-d6c03f1483d9,contains,Constraints.sysmlx
a1655928-875c-5094-8d44-a8a10f354eb4,625020ad-b1b3-58c4-bd37-d6c03f1483d9,owns,Constraints.sysmlx
625020ad-b1b3-58c4-bd37-d6c03f1483d9,fa171792-c1ae-5ddd-aeee-d4ee4695d321,contains,Constraints.sysmlx
625020ad-b1b3-58c4-bd37-d6c03f1483d9,fa171792-c1ae-5ddd-aeee-d4ee4695d321,has_constraint,Constraints.sysmlx
fa171792-c1ae-5ddd-aeee-d4ee4695d321,f43a1c01-7f42-5244-8d8e-abd8be46f1aa,contains,Constraints.sysmlx
fa171792-c1ae-5ddd-aeee-d4ee4695d321,f43a1c01-7f42-5244-8d8e-abd8be46f1aa,subsets,Constraints.sysmlx
f43a1c01-7f42-5244-8d8e-abd8be46f1aa,3b0c0d16-aab5-59ed-a8a5-e288ca685609,subsets,Constraints.sysmlx
f43a1c01-7f42-5244-8d8e-abd8be46f1aa,fa171792-c1ae-5ddd-aeee-d4ee4695d321,subsets,Constraints.sysmlx
fa171792-c1ae-5ddd-aeee-d4ee4695d321,46eddeaa-99fb-53ee-9c14-c7390b2e0641,contains,Constraints.sysmlx
fa171792-c1ae-5ddd-aeee-d4ee4695d321,46eddeaa-99fb-53ee-9c14-c7390b2e0641,subsets,Constraints.sysmlx
46eddeaa-99fb-53ee-9c14-c7390b2e0641,fa171792-c1ae-5ddd-aeee-d4ee4695d321,subsets,Constraints.sysmlx
fa171792-c1ae-5ddd-aeee-d4ee4695d321,e7ad792c-8e49-5f3e-954a-cff089013d05,contains,Constraints.sysmlx
fa171792-c1ae-5ddd-aeee-d4ee4695d321,e7ad792c-8e49-5f3e-954a-cff089013d05,owns,Constraints.sysmlx
e7ad792c-8e49-5f3e-954a-cff089013d05,892b2498-ac91-5189-a5ab-c3e8d0b37032,contains,Constraints.sysmlx
f4f112e0-2cc0-5c29-98c8-cf983bb20031,39b65c15-fd83-525a-8344-817fe24d3d90,contains,Actions.sysmlx
f4f112e0-2cc0-5c29-98c8-cf983bb20031,39b65c15-fd83-525a-8344-817fe24d3d90,owns,Actions.sysmlx
39b65c15-fd83-525a-8344-817fe24d3d90,60005f8a-dbfc-599c-89b6-26ab49420da3,contains,Actions.sysmlx
60005f8a-dbfc-599c-89b6-26ab49420da3,9e75471e-6e5f-5713-9e59-8be5e14e01ab,contains,Actions.sysmlx
60005f8a-dbfc-599c-89b6-26ab49420da3,9e75471e-6e5f-5713-9e59-8be5e14e01ab,owns,Actions.sysmlx
9e75471e-6e5f-5713-9e59-8be5e14e01ab,0fabdcea-450d-5502-b336-fd46dd86fde8,contains,Actions.sysmlx
60005f8a-dbfc-599c-89b6-26ab49420da3,1303c7f5-956a-5cd7-8339-a3f551542dd8,contains,Actions.sysmlx
60005f8a-dbfc-599c-89b6-26ab49420da3,1303c7f5-956a-5cd7-8339-a3f551542dd8,imports,Actions.sysmlx
60005f8a-dbfc-599c-89b6-26ab49420da3,13c7bd06-859f-5aa7-af0a-56d996e510b5,contains,Actions.sysmlx
60005f8a-dbfc-599c-89b6-26ab49420da3,13c7bd06-859f-5aa7-af0a-56d996e510b5,imports,Actions.sysmlx
60005f8a-dbfc-599c-89b6-26ab49420da3,9e1a1b7e-c82d-5899-a9ba-68a6a935aa44,contains,Actions.sysmlx
60005f8a-dbfc-599c-89b6-26ab49420da3,9e1a1b7e-c82d-5899-a9ba-68a6a935aa44,imports,Actions.sysmlx
60005f8a-dbfc-599c-89b6-26ab49420da3,48e76d4d-5bde-534a-9351-0cd0be290660,contains,Actions.sysmlx
60005f8a-dbfc-599c-89b6-26ab49420da3,48e76d4d-5bde-534a-9351-0cd0be290660,imports,Actions.sysmlx
60005f8a-dbfc-599c-89b6-26ab49420da3,c51ce374-4ae3-52d3-ba5f-b748486b539c,contains,Actions.sysmlx
60005f8a-dbfc-599c-89b6-26ab49420da3,c51ce374-4ae3-52d3-ba5f-b748486b539c,imports,Actions.sysmlx
60005f8a-dbfc-599c-89b6-26ab49420da3,e292775c-3817-5f3d-ace7-cee122f10062,contains,Actions.sysmlx
60005f8a-dbfc-599c-89b6-26ab49420da3,e292775c-3817-5f3d-ace7-cee122f10062,imports,Actions.sysmlx
60005f8a-dbfc-599c-89b6-26ab49420da3,25fd58c8-2205-5180-83a4-3c71499aebed,contains,Actions.sysmlx
60005f8a-dbfc-599c-89b6-26ab49420da3,25fd58c8-2205-5180-83a4-3c71499aebed,imports,Actions.sysmlx
60005f8a-dbfc-599c-89b6-26ab49420da3,8e441997-5bb1-5d73-9f14-46d5d442526c,contains,Actions.sysmlx
60005f8a-dbfc-599c-89b6-26ab49420da3,8e441997-5bb1-5d73-9f14-46d5d442526c,imports,Actions.sysmlx
60005f8a-dbfc-599c-89b6-26ab49420da3,d1d53e48-6792-53cc-8b5b-3ac4f483b17c,contains,Actions.sysmlx
60005f8a-dbfc-599c-89b6-26ab49420da3,d1d53e48-6792-53cc-8b5b-3ac4f483b17c,imports,Actions.sysmlx
60005f8a-dbfc-599c-89b6-26ab49420da3,1d0a27a5-7959-54fb-9642-5a161bcd0f9d,contains,Actions.sysmlx
60005f8a-dbfc-599c-89b6-26ab49420da3,1d0a27a5-7959-54fb-9642-5a161bcd0f9d,imports,Actions.sysmlx
60005f8a-dbfc-599c-89b6-26ab49420da3,bdb1433c-c8f2-52e8-be2c-6f61dada4a2c,contains,Actions.sysmlx
60005f8a-dbfc-599c-89b6-26ab49420da3,bdb1433c-c8f2-52e8-be2c-6f61dada4a2c,imports,Actions.sysmlx
60005f8a-dbfc-599c-89b6-26ab49420da3,f345b4cf-17aa-577f-b482-04e4b5ceb86b,contains,Actions.sysmlx
60005f8a-dbfc-599c-89b6-26ab49420da3,f345b4cf-17aa-577f-b482-04e4b5ceb86b,imports,Actions.sysmlx
60005f8a-dbfc-599c-89b6-26ab49420da3,ab630294-b828-55d6-8933-d84901d61147,contains,Actions.sysmlx
60005f8a-dbfc-599c-89b6-26ab49420da3,ab630294-b828-55d6-8933-d84901d61147,imports,Actions.sysmlx
60005f8a-dbfc-599c-89b6-26ab49420da3,b631c10a-bf05-5584-94b5-9fe2413f2f3a,contains,Actions.sysmlx
60005f8a-dbfc-599c-89b6-26ab49420da3,b631c10a-bf05-5584-94b5-9fe2413f2f3a,imports,Actions.sysmlx
60005f8a-dbfc-599c-89b6-26ab49420da3,6b1e5ff8-112f-53a3-ae67-32e36c2e158f,contains,Actions.sysmlx
60005f8a-dbfc-599c-89b6-26ab49420da3,6b1e5ff8-112f-53a3-ae67-32e36c2e158f,imports,Actions.sysmlx
60005f8a-dbfc-599c-89b6-26ab49420da3,24bbee90-d51b-51c9-8142-8c50ad6ebb7b,contains,Actions.sysmlx
60005f8a-dbfc-599c-89b6-26ab49420da3,24bbee90-d51b-51c9-8142-8c50ad6ebb7b,imports,Actions.sysmlx
60005f8a-dbfc-599c-89b6-26ab49420da3,90a85a55-ce16-53a1-81ad-11addc7327ef,contains,Actions.sysmlx
60005f8a-dbfc-599c-89b6-26ab49420da3,90a85a55-ce16-53a1-81ad-11addc7327ef,imports,Actions.sysmlx
60005f8a-dbfc-599c-89b6-26ab49420da3,4bd6ff46-66a9-5b19-9611-897d2f43bdf1,contains,Actions.sysmlx
60005f8a-dbfc-599c-89b6-26ab49420da3,4bd6ff46-66a9-5b19-9611-897d2f43bdf1,imports,Actions.sysmlx
60005f8a-dbfc-599c-89b6-26ab49420da3,34ce982b-2256-5696-b0fc-3f86d66e4167,contains,Actions.sysmlx
60005f8a-dbfc-599c-89b6-26ab49420da3,34ce982b-2256-5696-b0fc-3f86d66e4167,imports,Actions.sysmlx
60005f8a-dbfc-599c-89b6-26ab49420da3,c04103e2-3ccd-5e1b-9b54-cebcbabb1a55,contains,Actions.sysmlx
60005f8a-dbfc-599c-89b6-26ab49420da3,c04103e2-3ccd-5e1b-9b54-cebcbabb1a55,imports,Actions.sysmlx
60005f8a-dbfc-599c-89b6-26ab49420da3,6b8c019f-5266-55be-b1cb-896af0a1781d,contains,Actions.sysmlx
60005f8a-dbfc-599c-89b6-26ab49420da3,6b8c019f-5266-55be-b1cb-896af0a1781d,imports,Actions.sysmlx
60005f8a-dbfc-599c-89b6-26ab49420da3,6c5d5ae1-5559-53d3-a0be-06f3db52aea3,contains,Actions.sysmlx
60005f8a-dbfc-599c-89b6-26ab49420da3,6c5d5ae1-5559-53d3-a0be-06f3db52aea3,imports,Actions.sysmlx
60005f8a-dbfc-599c-89b6-26ab49420da3,ac771004-ad93-5583-a429-6767884be44e,contains,Actions.sysmlx
60005f8a-dbfc-599c-89b6-26ab49420da3,ac771004-ad93-5583-a429-6767884be44e,imports,Actions.sysmlx
60005f8a-dbfc-599c-89b6-26ab49420da3,5e7fb388-1949-5212-b4c1-b42e57947391,contains,Actions.sysmlx
60005f8a-dbfc-599c-89b6-26ab49420da3,5e7fb388-1949-5212-b4c1-b42e57947391,imports,Actions.sysmlx
60005f8a-dbfc-599c-89b6-26ab49420da3,87e0011f-fbda-50ce-b776-8236249a41e1,contains,Actions.sysmlx
60005f8a-dbfc-599c-89b6-26ab49420da3,87e0011f-fbda-50ce-b776-8236249a41e1,owns,Actions.sysmlx
87e0011f-fbda-50ce-b776-8236249a41e1,6e44fcc3-4ac4-5e93-a695-61791fa23309,contains,Actions.sysmlx
6e44fcc3-4ac4-5e93-a695-61791fa23309,9bb743bf-63a2-56ae-8d40-ecbd8641d4c4,contains,Actions.sysmlx
6e44fcc3-4ac4-5e93-a695-61791fa23309,9bb743bf-63a2-56ae-8d40-ecbd8641d4c4,specializes,Actions.sysmlx
6e44fcc3-4ac4-5e93-a695-61791fa23309,f049c638-6a09-52b2-b9d1-4f87f927a8f5,contains,Actions.sysmlx
6e44fcc3-4ac4-5e93-a695-61791fa23309,f049c638-6a09-52b2-b9d1-4f87f927a8f5,owns,Actions.sysmlx
f049c638-6a09-52b2-b9d1-4f87f927a8f5,4b855d1b-252e-5081-85bb-97acbf74e30f,contains,Actions.sysmlx
6e44fcc3-4ac4-5e93-a695-61791fa23309,849139cf-c436-5595-98c1-d5b508c55d13,contains,Actions.sysmlx
6e44fcc3-4ac4-5e93-a695-61791fa23309,849139cf-c436-5595-98c1-d5b508c55d13,has_feature,Actions.sysmlx
849139cf-c436-5595-98c1-d5b508c55d13,0813bc82-6ac1-5653-af87-7f1e5265d3ff,contains,Actions.sysmlx
849139cf-c436-5595-98c1-d5b508c55d13,0813bc82-6ac1-5653-af87-7f1e5265d3ff,has_action,Actions.sysmlx
0813bc82-6ac1-5653-af87-7f1e5265d3ff,ef13a27c-52c6-5805-9868-3ffca8a7b36c,contains,Actions.sysmlx
0813bc82-6ac1-5653-af87-7f1e5265d3ff,ef13a27c-52c6-5805-9868-3ffca8a7b36c,typed_by,Actions.sysmlx
ef13a27c-52c6-5805-9868-3ffca8a7b36c,0813bc82-6ac1-5653-af87-7f1e5265d3ff,typed_by,Actions.sysmlx
0813bc82-6ac1-5653-af87-7f1e5265d3ff,1a9f6892-3876-5a23-baf9-48f02887bbcd,contains,Actions.sysmlx
0813bc82-6ac1-5653-af87-7f1e5265d3ff,1a9f6892-3876-5a23-baf9-48f02887bbcd,redefines,Actions.sysmlx
1a9f6892-3876-5a23-baf9-48f02887bbcd,0813bc82-6ac1-5653-af87-7f1e5265d3ff,redefines,Actions.sysmlx
6e44fcc3-4ac4-5e93-a695-61791fa23309,2958039f-ad1b-571e-85ee-9bea1f62ea76,contains,Actions.sysmlx
6e44fcc3-4ac4-5e93-a695-61791fa23309,2958039f-ad1b-571e-85ee-9bea1f62ea76,has_feature,Actions.sysmlx
2958039f-ad1b-571e-85ee-9bea1f62ea76,9d658bdc-b049-55e6-9cab-6ed7d571965e,contains,Actions.sysmlx
2958039f-ad1b-571e-85ee-9bea1f62ea76,9d658bdc-b049-55e6-9cab-6ed7d571965e,has_action,Actions.sysmlx
9d658bdc-b049-55e6-9cab-6ed7d571965e,12dff9f6-2c92-525d-8a85-d1b70944fb17,contains,Actions.sysmlx
9d658bdc-b049-55e6-9cab-6ed7d571965e,12dff9f6-2c92-525d-8a85-d1b70944fb17,redefines,Actions.sysmlx
12dff9f6-2c92-525d-8a85-d1b70944fb17,9d658bdc-b049-55e6-9cab-6ed7d571965e,redefines,Actions.sysmlx
6e44fcc3-4ac4-5e93-a695-61791fa23309,951f7a43-159e-52ef-aff1-0bf31ee35648,contains,Actions.sysmlx
6e44fcc3-4ac4-5e93-a695-61791fa23309,951f7a43-159e-52ef-aff1-0bf31ee35648,has_feature,Actions.sysmlx
951f7a43-159e-52ef-aff1-0bf31ee35648,9a0d2905-0f9c-5bb4-af74-9780d6db1817,contains,Actions.sysmlx
951f7a43-159e-52ef-aff1-0bf31ee35648,9a0d2905-0f9c-5bb4-af74-9780d6db1817,has_action,Actions.sysmlx
9a0d2905-0f9c-5bb4-af74-9780d6db1817,d8ada407-2247-5889-95b3-2259610de954,contains,Actions.sysmlx
9a0d2905-0f9c-5bb4-af74-9780d6db1817,d8ada407-2247-5889-95b3-2259610de954,typed_by,Actions.sysmlx
d8ada407-2247-5889-95b3-2259610de954,9a0d2905-0f9c-5bb4-af74-9780d6db1817,typed_by,Actions.sysmlx
9a0d2905-0f9c-5bb4-af74-9780d6db1817,0ee12ae9-4705-5d93-9a63-0fdc3f0d3b7b,contains,Actions.sysmlx
9a0d2905-0f9c-5bb4-af74-9780d6db1817,0ee12ae9-4705-5d93-9a63-0fdc3f0d3b7b,redefines,Actions.sysmlx
0ee12ae9-4705-5d93-9a63-0fdc3f0d3b7b,9a0d2905-0f9c-5bb4-af74-9780d6db1817,redefines,Actions.sysmlx
9a0d2905-0f9c-5bb4-af74-9780d6db1817,2bde2af0-bca3-5a60-bd89-5f27aa5a2abc,contains,Actions.sysmlx
9a0d2905-0f9c-5bb4-af74-9780d6db1817,2bde2af0-bca3-5a60-bd89-5f27aa5a2abc,owns,Actions.sysmlx
2bde2af0-bca3-5a60-bd89-5f27aa5a2abc,70de1d95-5f0f-57ed-8f32-4940bc2b07fd,contains,Actions.sysmlx
6e44fcc3-4ac4-5e93-a695-61791fa23309,d573da5e-7647-5af9-a891-72993ce24c25,contains,Actions.sysmlx
6e44fcc3-4ac4-5e93-a695-61791fa23309,d573da5e-7647-5af9-a891-72993ce24c25,has_feature,Actions.sysmlx
d573da5e-7647-5af9-a891-72993ce24c25,0cdc3cd3-b06c-5c32-beda-0cf4ba164a64,contains,Actions.sysmlx
d573da5e-7647-5af9-a891-72993ce24c25,0cdc3cd3-b06c-5c32-beda-0cf4ba164a64,has_action,Actions.sysmlx
0cdc3cd3-b06c-5c32-beda-0cf4ba164a64,5cc11a35-50e2-5405-b498-1abd78aa2e47,contains,Actions.sysmlx
0cdc3cd3-b06c-5c32-beda-0cf4ba164a64,5cc11a35-50e2-5405-b498-1abd78aa2e47,typed_by,Actions.sysmlx
5cc11a35-50e2-5405-b498-1abd78aa2e47,0cdc3cd3-b06c-5c32-beda-0cf4ba164a64,typed_by,Actions.sysmlx
0cdc3cd3-b06c-5c32-beda-0cf4ba164a64,d36be23d-c37d-5de3-bf9e-a2bdf1d5f581,contains,Actions.sysmlx
0cdc3cd3-b06c-5c32-beda-0cf4ba164a64,d36be23d-c37d-5de3-bf9e-a2bdf1d5f581,redefines,Actions.sysmlx
d36be23d-c37d-5de3-bf9e-a2bdf1d5f581,0cdc3cd3-b06c-5c32-beda-0cf4ba164a64,redefines,Actions.sysmlx
0cdc3cd3-b06c-5c32-beda-0cf4ba164a64,5fc79214-0c91-5fbe-b978-25247850ad59,contains,Actions.sysmlx
0cdc3cd3-b06c-5c32-beda-0cf4ba164a64,5fc79214-0c91-5fbe-b978-25247850ad59,owns,Actions.sysmlx
5fc79214-0c91-5fbe-b978-25247850ad59,2ce76b73-90b2-5e47-a9c4-a43317e865a8,contains,Actions.sysmlx
6e44fcc3-4ac4-5e93-a695-61791fa23309,63c91f62-5251-5ca1-8500-79a5a234a80c,contains,Actions.sysmlx
6e44fcc3-4ac4-5e93-a695-61791fa23309,63c91f62-5251-5ca1-8500-79a5a234a80c,has_feature,Actions.sysmlx
63c91f62-5251-5ca1-8500-79a5a234a80c,3cd3b18a-02fd-5ca8-908a-9acac924a5b3,contains,Actions.sysmlx
63c91f62-5251-5ca1-8500-79a5a234a80c,3cd3b18a-02fd-5ca8-908a-9acac924a5b3,has_action,Actions.sysmlx
3cd3b18a-02fd-5ca8-908a-9acac924a5b3,3ab5dc7a-f31a-5ac5-ae57-41758d239cc6,contains,Actions.sysmlx
3cd3b18a-02fd-5ca8-908a-9acac924a5b3,3ab5dc7a-f31a-5ac5-ae57-41758d239cc6,typed_by,Actions.sysmlx
3ab5dc7a-f31a-5ac5-ae57-41758d239cc6,3cd3b18a-02fd-5ca8-908a-9acac924a5b3,typed_by,Actions.sysmlx
3cd3b18a-02fd-5ca8-908a-9acac924a5b3,ec1cc7fe-5f11-5218-afdc-90c9f7d71c91,contains,Actions.sysmlx
3cd3b18a-02fd-5ca8-908a-9acac924a5b3,ec1cc7fe-5f11-5218-afdc-90c9f7d71c91,owns,Actions.sysmlx
ec1cc7fe-5f11-5218-afdc-90c9f7d71c91,51f59389-34b6-585d-9640-c0477ad58171,contains,Actions.sysmlx
51f59389-34b6-585d-9640-c0477ad58171,d02070ff-01e0-5610-bb45-ef293a7dd591,contains,Actions.sysmlx
51f59389-34b6-585d-9640-c0477ad58171,d02070ff-01e0-5610-bb45-ef293a7dd591,owns,Actions.sysmlx
d02070ff-01e0-5610-bb45-ef293a7dd591,1ad39320-5cb2-56f6-8e8c-9780e949e88c,contains,Actions.sysmlx
51f59389-34b6-585d-9640-c0477ad58171,19970d87-07ae-556e-a6ee-c7f67f65ad7f,contains,Actions.sysmlx
51f59389-34b6-585d-9640-c0477ad58171,19970d87-07ae-556e-a6ee-c7f67f65ad7f,owns,Actions.sysmlx
19970d87-07ae-556e-a6ee-c7f67f65ad7f,4264405d-a877-5fb6-bed2-ca14a6f99570,contains,Actions.sysmlx
3cd3b18a-02fd-5ca8-908a-9acac924a5b3,c1f03c3e-a522-5a53-b3e1-68e80aeb3030,contains,Actions.sysmlx
3cd3b18a-02fd-5ca8-908a-9acac924a5b3,c1f03c3e-a522-5a53-b3e1-68e80aeb3030,subsets,Actions.sysmlx
c1f03c3e-a522-5a53-b3e1-68e80aeb3030,0cc065ef-4e93-5aed-a3f3-5e8cbb417021,subsets,Actions.sysmlx
c1f03c3e-a522-5a53-b3e1-68e80aeb3030,3cd3b18a-02fd-5ca8-908a-9acac924a5b3,subsets,Actions.sysmlx
3cd3b18a-02fd-5ca8-908a-9acac924a5b3,ec1637e5-fde4-5a8b-94c7-24e4a27c4b90,contains,Actions.sysmlx
3cd3b18a-02fd-5ca8-908a-9acac924a5b3,ec1637e5-fde4-5a8b-94c7-24e4a27c4b90,subsets,Actions.sysmlx
ec1637e5-fde4-5a8b-94c7-24e4a27c4b90,3cd3b18a-02fd-5ca8-908a-9acac924a5b3,subsets,Actions.sysmlx
3cd3b18a-02fd-5ca8-908a-9acac924a5b3,65da30b9-1ef0-5c07-923d-885af86e88c5,contains,Actions.sysmlx
3cd3b18a-02fd-5ca8-908a-9acac924a5b3,65da30b9-1ef0-5c07-923d-885af86e88c5,owns,Actions.sysmlx
65da30b9-1ef0-5c07-923d-885af86e88c5,5bafa1dc-c2d7-5975-9b63-7ba1c7925aad,contains,Actions.sysmlx
3cd3b18a-02fd-5ca8-908a-9acac924a5b3,149834bc-d507-5a98-a76e-bed903c2d22b,contains,Actions.sysmlx
3cd3b18a-02fd-5ca8-908a-9acac924a5b3,149834bc-d507-5a98-a76e-bed903c2d22b,has_feature,Actions.sysmlx
149834bc-d507-5a98-a76e-bed903c2d22b,c1d6be22-568f-5adf-9394-b44a46b02243,contains,Actions.sysmlx
149834bc-d507-5a98-a76e-bed903c2d22b,c1d6be22-568f-5adf-9394-b44a46b02243,has_occurrence,Actions.sysmlx
c1d6be22-568f-5adf-9394-b44a46b02243,1f038526-9b68-55a4-a189-7cba95ed6498,contains,Actions.sysmlx
c1d6be22-568f-5adf-9394-b44a46b02243,1f038526-9b68-55a4-a189-7cba95ed6498,redefines,Actions.sysmlx
1f038526-9b68-55a4-a189-7cba95ed6498,c1d6be22-568f-5adf-9394-b44a46b02243,redefines,Actions.sysmlx
c1d6be22-568f-5adf-9394-b44a46b02243,c7e30845-dfd4-515e-b5ef-f7396806de3a,contains,Actions.sysmlx
c1d6be22-568f-5adf-9394-b44a46b02243,c7e30845-dfd4-515e-b5ef-f7396806de3a,redefines,Actions.sysmlx
c7e30845-dfd4-515e-b5ef-f7396806de3a,c1d6be22-568f-5adf-9394-b44a46b02243,redefines,Actions.sysmlx
c1d6be22-568f-5adf-9394-b44a46b02243,d24362cd-daad-5997-9f66-01cf977542ad,contains,Actions.sysmlx
c1d6be22-568f-5adf-9394-b44a46b02243,d24362cd-daad-5997-9f66-01cf977542ad,redefines,Actions.sysmlx
d24362cd-daad-5997-9f66-01cf977542ad,c1d6be22-568f-5adf-9394-b44a46b02243,redefines,Actions.sysmlx
c1d6be22-568f-5adf-9394-b44a46b02243,8f42c3a9-59ed-5359-a559-fe874ab4b2d5,contains,Actions.sysmlx
c1d6be22-568f-5adf-9394-b44a46b02243,8f42c3a9-59ed-5359-a559-fe874ab4b2d5,has_value,Actions.sysmlx
8f42c3a9-59ed-5359-a559-fe874ab4b2d5,9c84571a-cb1b-513e-907e-9b96769565ed,contains,Actions.sysmlx
8f42c3a9-59ed-5359-a559-fe874ab4b2d5,9c84571a-cb1b-513e-907e-9b96769565ed,chains,Actions.sysmlx
9c84571a-cb1b-513e-907e-9b96769565ed,bc19959b-a76b-5796-bed4-e8c7b392bd42,contains,Actions.sysmlx
9c84571a-cb1b-513e-907e-9b96769565ed,bc19959b-a76b-5796-bed4-e8c7b392bd42,has_parameter,Actions.sysmlx
bc19959b-a76b-5796-bed4-e8c7b392bd42,ee4bf23d-043e-5256-ae47-2c893ab23e51,contains,Actions.sysmlx
ee4bf23d-043e-5256-ae47-2c893ab23e51,33bdc075-0b85-54a9-a669-aed43d623d07,contains,Actions.sysmlx
ee4bf23d-043e-5256-ae47-2c893ab23e51,33bdc075-0b85-54a9-a669-aed43d623d07,has_value,Actions.sysmlx
33bdc075-0b85-54a9-a669-aed43d623d07,7703a9ab-7a86-5235-9b27-1e0b0a7bdd2e,contains,Actions.sysmlx
33bdc075-0b85-54a9-a669-aed43d623d07,7703a9ab-7a86-5235-9b27-1e0b0a7bdd2e,has_operator,Actions.sysmlx
7703a9ab-7a86-5235-9b27-1e0b0a7bdd2e,fa5e26ac-7202-56fb-a4b5-ce484bfaec5c,contains,Actions.sysmlx
7703a9ab-7a86-5235-9b27-1e0b0a7bdd2e,fa5e26ac-7202-56fb-a4b5-ce484bfaec5c,has_parameter,Actions.sysmlx
fa5e26ac-7202-56fb-a4b5-ce484bfaec5c,5d69b881-16fe-50af-9cb3-68eb46acc90a,contains,Actions.sysmlx
5d69b881-16fe-50af-9cb3-68eb46acc90a,c07cc941-369b-555a-80af-cee2e9b22367,contains,Actions.sysmlx
5d69b881-16fe-50af-9cb3-68eb46acc90a,c07cc941-369b-555a-80af-cee2e9b22367,has_value,Actions.sysmlx
c07cc941-369b-555a-80af-cee2e9b22367,78a30833-c54f-527a-8714-3d128e36abdb,contains,Actions.sysmlx
c07cc941-369b-555a-80af-cee2e9b22367,78a30833-c54f-527a-8714-3d128e36abdb,references,Actions.sysmlx
78a30833-c54f-527a-8714-3d128e36abdb,3de0241a-d896-52be-9cc4-76261df4f029,contains,Actions.sysmlx
78a30833-c54f-527a-8714-3d128e36abdb,3de0241a-d896-52be-9cc4-76261df4f029,has_member,Actions.sysmlx
78a30833-c54f-527a-8714-3d128e36abdb,5291815f-3144-512d-9d80-26cd2e7a68c1,contains,Actions.sysmlx
78a30833-c54f-527a-8714-3d128e36abdb,5291815f-3144-512d-9d80-26cd2e7a68c1,has_return_parameter,Actions.sysmlx
5291815f-3144-512d-9d80-26cd2e7a68c1,057cf484-b310-5ec9-a6d8-cb0782fea431,contains,Actions.sysmlx
7703a9ab-7a86-5235-9b27-1e0b0a7bdd2e,3841f4b6-4528-5ae7-a889-d345fb726585,contains,Actions.sysmlx
7703a9ab-7a86-5235-9b27-1e0b0a7bdd2e,3841f4b6-4528-5ae7-a889-d345fb726585,has_return_parameter,Actions.sysmlx
3841f4b6-4528-5ae7-a889-d345fb726585,5db69415-30b8-577d-8ca5-496fc9d64a46,contains,Actions.sysmlx
5db69415-30b8-577d-8ca5-496fc9d64a46,ee29470c-0623-524f-b77d-c66ca86efa0a,contains,Actions.sysmlx
5db69415-30b8-577d-8ca5-496fc9d64a46,ee29470c-0623-524f-b77d-c66ca86efa0a,typed_by,Actions.sysmlx
ee29470c-0623-524f-b77d-c66ca86efa0a,5db69415-30b8-577d-8ca5-496fc9d64a46,typed_by,Actions.sysmlx
ee4bf23d-043e-5256-ae47-2c893ab23e51,40640900-eb3c-5a3e-9e51-d5fd7d06440d,contains,Actions.sysmlx
ee4bf23d-043e-5256-ae47-2c893ab23e51,40640900-eb3c-5a3e-9e51-d5fd7d06440d,has_feature,Actions.sysmlx
40640900-eb3c-5a3e-9e51-d5fd7d06440d,204af3c9-7c0b-5de6-92bd-c76d14eccb7d,contains,Actions.sysmlx
9c84571a-cb1b-513e-907e-9b96769565ed,ee414363-1834-5f71-9a6d-91cfe63f895b,contains,Actions.sysmlx
9c84571a-cb1b-513e-907e-9b96769565ed,ee414363-1834-5f71-9a6d-91cfe63f895b,has_member,Actions.sysmlx
9c84571a-cb1b-513e-907e-9b96769565ed,3e1e9e65-8f96-53b8-8d03-ba92b1803370,contains,Actions.sysmlx
9c84571a-cb1b-513e-907e-9b96769565ed,3e1e9e65-8f96-53b8-8d03-ba92b1803370,has_return_parameter,Actions.sysmlx
3e1e9e65-8f96-53b8-8d03-ba92b1803370,daacb095-5b16-5d23-bfee-9d65840347e7,contains,Actions.sysmlx
c1d6be22-568f-5adf-9394-b44a46b02243,3488b3a4-108f-5fdb-902a-ac905b24beef,contains,Actions.sysmlx
c1d6be22-568f-5adf-9394-b44a46b02243,3488b3a4-108f-5fdb-902a-ac905b24beef,owns,Actions.sysmlx
3488b3a4-108f-5fdb-902a-ac905b24beef,e5b69c5a-60ca-5cbf-9696-9eb4f9212383,contains,Actions.sysmlx
6e44fcc3-4ac4-5e93-a695-61791fa23309,5c5f56f8-8be2-5d54-a5fb-8c599977ed4f,contains,Actions.sysmlx
6e44fcc3-4ac4-5e93-a695-61791fa23309,5c5f56f8-8be2-5d54-a5fb-8c599977ed4f,has_feature,Actions.sysmlx
5c5f56f8-8be2-5d54-a5fb-8c599977ed4f,3e0dc934-f25c-5dea-988f-15724c029d88,contains,Actions.sysmlx
5c5f56f8-8be2-5d54-a5fb-8c599977ed4f,3e0dc934-f25c-5dea-988f-15724c029d88,has_action,Actions.sysmlx
3e0dc934-f25c-5dea-988f-15724c029d88,8f82f497-bf25-5b4a-94c0-62864efef896,contains,Actions.sysmlx
3e0dc934-f25c-5dea-988f-15724c029d88,8f82f497-bf25-5b4a-94c0-62864efef896,typed_by,Actions.sysmlx
8f82f497-bf25-5b4a-94c0-62864efef896,3e0dc934-f25c-5dea-988f-15724c029d88,typed_by,Actions.sysmlx
3e0dc934-f25c-5dea-988f-15724c029d88,1d2d1464-8be6-5ccb-9864-6da80b971ec6,contains,Actions.sysmlx
3e0dc934-f25c-5dea-988f-15724c029d88,1d2d1464-8be6-5ccb-9864-6da80b971ec6,owns,Actions.sysmlx
1d2d1464-8be6-5ccb-9864-6da80b971ec6,cc0bc6ad-6c07-5f1f-975e-16c642e16499,contains,Actions.sysmlx
cc0bc6ad-6c07-5f1f-975e-16c642e16499,44993355-34da-58a7-8279-2281b46345b9,contains,Actions.sysmlx
cc0bc6ad-6c07-5f1f-975e-16c642e16499,44993355-34da-58a7-8279-2281b46345b9,owns,Actions.sysmlx
44993355-34da-58a7-8279-2281b46345b9,da992e7d-6306-5b29-b93f-e543b3d8d62f,contains,Actions.sysmlx
cc0bc6ad-6c07-5f1f-975e-16c642e16499,985a9237-6f07-5b46-839b-fcf4a0426ed4,contains,Actions.sysmlx
cc0bc6ad-6c07-5f1f-975e-16c642e16499,985a9237-6f07-5b46-839b-fcf4a0426ed4,owns,Actions.sysmlx
985a9237-6f07-5b46-839b-fcf4a0426ed4,c1c1cdce-d3a3-5494-9783-38e6f813d11e,contains,Actions.sysmlx
3e0dc934-f25c-5dea-988f-15724c029d88,69276ef9-c930-5ebd-99cb-1c79aa5639ab,contains,Actions.sysmlx
3e0dc934-f25c-5dea-988f-15724c029d88,69276ef9-c930-5ebd-99cb-1c79aa5639ab,subsets,Actions.sysmlx
69276ef9-c930-5ebd-99cb-1c79aa5639ab,3cd3b18a-02fd-5ca8-908a-9acac924a5b3,subsets,Actions.sysmlx
69276ef9-c930-5ebd-99cb-1c79aa5639ab,3e0dc934-f25c-5dea-988f-15724c029d88,subsets,Actions.sysmlx
3e0dc934-f25c-5dea-988f-15724c029d88,75e70d81-2dc5-5cf7-9619-e19504bce98d,contains,Actions.sysmlx
3e0dc934-f25c-5dea-988f-15724c029d88,75e70d81-2dc5-5cf7-9619-e19504bce98d,subsets,Actions.sysmlx
75e70d81-2dc5-5cf7-9619-e19504bce98d,f2faba86-22b8-5b42-9f3e-9ce3d0e36b0d,subsets,Actions.sysmlx
75e70d81-2dc5-5cf7-9619-e19504bce98d,3e0dc934-f25c-5dea-988f-15724c029d88,subsets,Actions.sysmlx
3e0dc934-f25c-5dea-988f-15724c029d88,426b931d-94c9-569f-a72b-a3ddd7b515bc,contains,Actions.sysmlx
3e0dc934-f25c-5dea-988f-15724c029d88,426b931d-94c9-569f-a72b-a3ddd7b515bc,owns,Actions.sysmlx
426b931d-94c9-569f-a72b-a3ddd7b515bc,bb17a25a-3a18-5132-aa9a-db71c2af7509,contains,Actions.sysmlx
6e44fcc3-4ac4-5e93-a695-61791fa23309,e368be48-70ad-5647-8f05-b7706ae9e138,contains,Actions.sysmlx
6e44fcc3-4ac4-5e93-a695-61791fa23309,e368be48-70ad-5647-8f05-b7706ae9e138,has_feature,Actions.sysmlx
e368be48-70ad-5647-8f05-b7706ae9e138,1f8424a7-2500-583d-a15a-494fbec0beef,contains,Actions.sysmlx
e368be48-70ad-5647-8f05-b7706ae9e138,1f8424a7-2500-583d-a15a-494fbec0beef,has_action,Actions.sysmlx
1f8424a7-2500-583d-a15a-494fbec0beef,229b39e3-a7e3-51a3-97ad-847d1ea594df,contains,Actions.sysmlx
1f8424a7-2500-583d-a15a-494fbec0beef,229b39e3-a7e3-51a3-97ad-847d1ea594df,typed_by,Actions.sysmlx
229b39e3-a7e3-51a3-97ad-847d1ea594df,1f8424a7-2500-583d-a15a-494fbec0beef,typed_by,Actions.sysmlx
1f8424a7-2500-583d-a15a-494fbec0beef,c2816f73-d2cb-5bb3-be6c-be425c1c4a41,contains,Actions.sysmlx
1f8424a7-2500-583d-a15a-494fbec0beef,c2816f73-d2cb-5bb3-be6c-be425c1c4a41,owns,Actions.sysmlx
c2816f73-d2cb-5bb3-be6c-be425c1c4a41,115235f5-3e61-5a6d-91ac-81794c213f32,contains,Actions.sysmlx
115235f5-3e61-5a6d-91ac-81794c213f32,07fbea3d-c226-5d9c-b59e-26759db02e01,contains,Actions.sysmlx
115235f5-3e61-5a6d-91ac-81794c213f32,07fbea3d-c226-5d9c-b59e-26759db02e01,owns,Actions.sysmlx
07fbea3d-c226-5d9c-b59e-26759db02e01,3aa9d3d3-1989-50bb-9814-bf7fe5ceab4e,contains,Actions.sysmlx
115235f5-3e61-5a6d-91ac-81794c213f32,353742c4-fa82-5c54-8e8f-f11d3d6383d9,contains,Actions.sysmlx
115235f5-3e61-5a6d-91ac-81794c213f32,353742c4-fa82-5c54-8e8f-f11d3d6383d9,owns,Actions.sysmlx
353742c4-fa82-5c54-8e8f-f11d3d6383d9,2eefa08d-07f8-545f-ad7a-899673b7b7d6,contains,Actions.sysmlx
1f8424a7-2500-583d-a15a-494fbec0beef,466e05aa-8230-576b-bc2f-7ac6c4f88967,contains,Actions.sysmlx
1f8424a7-2500-583d-a15a-494fbec0beef,466e05aa-8230-576b-bc2f-7ac6c4f88967,subsets,Actions.sysmlx
466e05aa-8230-576b-bc2f-7ac6c4f88967,3cd3b18a-02fd-5ca8-908a-9acac924a5b3,subsets,Actions.sysmlx
466e05aa-8230-576b-bc2f-7ac6c4f88967,1f8424a7-2500-583d-a15a-494fbec0beef,subsets,Actions.sysmlx
1f8424a7-2500-583d-a15a-494fbec0beef,faff429b-7411-57c2-af02-4e3bb8f7bdb0,contains,Actions.sysmlx
1f8424a7-2500-583d-a15a-494fbec0beef,faff429b-7411-57c2-af02-4e3bb8f7bdb0,subsets,Actions.sysmlx
faff429b-7411-57c2-af02-4e3bb8f7bdb0,7a441137-6036-55c3-8112-b1404ad90a5f,subsets,Actions.sysmlx
faff429b-7411-57c2-af02-4e3bb8f7bdb0,1f8424a7-2500-583d-a15a-494fbec0beef,subsets,Actions.sysmlx
1f8424a7-2500-583d-a15a-494fbec0beef,414e2804-6b63-5f01-aea6-59c478652084,contains,Actions.sysmlx
1f8424a7-2500-583d-a15a-494fbec0beef,414e2804-6b63-5f01-aea6-59c478652084,owns,Actions.sysmlx
414e2804-6b63-5f01-aea6-59c478652084,08e40661-b6e4-5083-a8a3-29d96b6876e3,contains,Actions.sysmlx
6e44fcc3-4ac4-5e93-a695-61791fa23309,b148c0bf-771c-5559-901e-fadec09947f1,contains,Actions.sysmlx
6e44fcc3-4ac4-5e93-a695-61791fa23309,b148c0bf-771c-5559-901e-fadec09947f1,has_feature,Actions.sysmlx
b148c0bf-771c-5559-901e-fadec09947f1,466488bb-11ee-51bb-8f20-4e3bff091536,contains,Actions.sysmlx
b148c0bf-771c-5559-901e-fadec09947f1,466488bb-11ee-51bb-8f20-4e3bff091536,has_action,Actions.sysmlx
466488bb-11ee-51bb-8f20-4e3bff091536,6aae7a4f-ea3c-5e83-be33-a066d5ad6bee,contains,Actions.sysmlx
466488bb-11ee-51bb-8f20-4e3bff091536,6aae7a4f-ea3c-5e83-be33-a066d5ad6bee,typed_by,Actions.sysmlx
6aae7a4f-ea3c-5e83-be33-a066d5ad6bee,466488bb-11ee-51bb-8f20-4e3bff091536,typed_by,Actions.sysmlx
466488bb-11ee-51bb-8f20-4e3bff091536,1654ad47-4143-5e7b-bc34-44ba6e0e44cb,contains,Actions.sysmlx
466488bb-11ee-51bb-8f20-4e3bff091536,1654ad47-4143-5e7b-bc34-44ba6e0e44cb,owns,Actions.sysmlx
1654ad47-4143-5e7b-bc34-44ba6e0e44cb,9f29378e-c406-590a-9f76-22f7a1aabf96,contains,Actions.sysmlx
9f29378e-c406-590a-9f76-22f7a1aabf96,e729ddbd-9ca6-546d-ab5c-1a8f3c3aae1a,contains,Actions.sysmlx
9f29378e-c406-590a-9f76-22f7a1aabf96,e729ddbd-9ca6-546d-ab5c-1a8f3c3aae1a,owns,Actions.sysmlx
e729ddbd-9ca6-546d-ab5c-1a8f3c3aae1a,1e090144-c948-5639-be29-6ff5f36dfaef,contains,Actions.sysmlx
9f29378e-c406-590a-9f76-22f7a1aabf96,0518d675-805f-5504-8add-3b9db8ad18e1,contains,Actions.sysmlx
9f29378e-c406-590a-9f76-22f7a1aabf96,0518d675-805f-5504-8add-3b9db8ad18e1,owns,Actions.sysmlx
0518d675-805f-5504-8add-3b9db8ad18e1,28e085f6-e516-5d6d-bde4-af37be760a27,contains,Actions.sysmlx
466488bb-11ee-51bb-8f20-4e3bff091536,2c3e48e4-2120-5b7c-9683-99a0a85bd284,contains,Actions.sysmlx
466488bb-11ee-51bb-8f20-4e3bff091536,2c3e48e4-2120-5b7c-9683-99a0a85bd284,subsets,Actions.sysmlx
2c3e48e4-2120-5b7c-9683-99a0a85bd284,3cd3b18a-02fd-5ca8-908a-9acac924a5b3,subsets,Actions.sysmlx
2c3e48e4-2120-5b7c-9683-99a0a85bd284,466488bb-11ee-51bb-8f20-4e3bff091536,subsets,Actions.sysmlx
466488bb-11ee-51bb-8f20-4e3bff091536,57f65809-7b5a-54b9-8f5e-9af423a7a60a,contains,Actions.sysmlx
466488bb-11ee-51bb-8f20-4e3bff091536,57f65809-7b5a-54b9-8f5e-9af423a7a60a,subsets,Actions.sysmlx
57f65809-7b5a-54b9-8f5e-9af423a7a60a,c7420de7-49ac-59b8-8ddb-65ca89bc7898,subsets,Actions.sysmlx
57f65809-7b5a-54b9-8f5e-9af423a7a60a,466488bb-11ee-51bb-8f20-4e3bff091536,subsets,Actions.sysmlx
466488bb-11ee-51bb-8f20-4e3bff091536,f6941ec8-52fb-5333-97f4-0f81977e0a0a,contains,Actions.sysmlx
466488bb-11ee-51bb-8f20-4e3bff091536,f6941ec8-52fb-5333-97f4-0f81977e0a0a,owns,Actions.sysmlx
f6941ec8-52fb-5333-97f4-0f81977e0a0a,8b84a5d7-3a1e-5493-b306-1f88d63d6153,contains,Actions.sysmlx
6e44fcc3-4ac4-5e93-a695-61791fa23309,a51fc619-fd88-5b24-b859-362371f52b53,contains,Actions.sysmlx
6e44fcc3-4ac4-5e93-a695-61791fa23309,a51fc619-fd88-5b24-b859-362371f52b53,has_feature,Actions.sysmlx
a51fc619-fd88-5b24-b859-362371f52b53,f313febd-5e7b-56b8-9cbb-9b9ec53e9e71,contains,Actions.sysmlx
a51fc619-fd88-5b24-b859-362371f52b53,f313febd-5e7b-56b8-9cbb-9b9ec53e9e71,has_action,Actions.sysmlx
f313febd-5e7b-56b8-9cbb-9b9ec53e9e71,f9e6c368-ac86-5a33-98dc-b0ed1e2901e6,contains,Actions.sysmlx
f313febd-5e7b-56b8-9cbb-9b9ec53e9e71,f9e6c368-ac86-5a33-98dc-b0ed1e2901e6,typed_by,Actions.sysmlx
f9e6c368-ac86-5a33-98dc-b0ed1e2901e6,f313febd-5e7b-56b8-9cbb-9b9ec53e9e71,typed_by,Actions.sysmlx
f313febd-5e7b-56b8-9cbb-9b9ec53e9e71,f9fe3270-bde9-51b5-90a0-5139413906f1,contains,Actions.sysmlx
f313febd-5e7b-56b8-9cbb-9b9ec53e9e71,f9fe3270-bde9-51b5-90a0-5139413906f1,owns,Actions.sysmlx
f9fe3270-bde9-51b5-90a0-5139413906f1,44e02981-94d7-55d4-969f-d546571b1d13,contains,Actions.sysmlx
44e02981-94d7-55d4-969f-d546571b1d13,a37d855a-83fe-5582-9326-db64c9fae29f,contains,Actions.sysmlx
44e02981-94d7-55d4-969f-d546571b1d13,a37d855a-83fe-5582-9326-db64c9fae29f,owns,Actions.sysmlx
a37d855a-83fe-5582-9326-db64c9fae29f,b9a7c2b3-ab00-590e-bc9a-5c784226fbae,contains,Actions.sysmlx
44e02981-94d7-55d4-969f-d546571b1d13,560c8d22-bc60-5143-ae75-6e28a2adc1a1,contains,Actions.sysmlx
44e02981-94d7-55d4-969f-d546571b1d13,560c8d22-bc60-5143-ae75-6e28a2adc1a1,owns,Actions.sysmlx
560c8d22-bc60-5143-ae75-6e28a2adc1a1,22220c01-4392-5e13-a9d6-e83a96d6f1e0,contains,Actions.sysmlx
f313febd-5e7b-56b8-9cbb-9b9ec53e9e71,6b19d43b-0a09-5c14-9152-22b141abaf80,contains,Actions.sysmlx
f313febd-5e7b-56b8-9cbb-9b9ec53e9e71,6b19d43b-0a09-5c14-9152-22b141abaf80,subsets,Actions.sysmlx
6b19d43b-0a09-5c14-9152-22b141abaf80,3cd3b18a-02fd-5ca8-908a-9acac924a5b3,subsets,Actions.sysmlx
6b19d43b-0a09-5c14-9152-22b141abaf80,f313febd-5e7b-56b8-9cbb-9b9ec53e9e71,subsets,Actions.sysmlx
f313febd-5e7b-56b8-9cbb-9b9ec53e9e71,3a3f318f-7471-5e5f-a9e7-145412142b1d,contains,Actions.sysmlx
f313febd-5e7b-56b8-9cbb-9b9ec53e9e71,3a3f318f-7471-5e5f-a9e7-145412142b1d,owns,Actions.sysmlx
3a3f318f-7471-5e5f-a9e7-145412142b1d,709b004b-ebc3-5be4-b005-8e5e9a31d753,contains,Actions.sysmlx
6e44fcc3-4ac4-5e93-a695-61791fa23309,1494fa26-1a1d-5c7c-9e9b-5d2ac08c26ac,contains,Actions.sysmlx
6e44fcc3-4ac4-5e93-a695-61791fa23309,1494fa26-1a1d-5c7c-9e9b-5d2ac08c26ac,has_feature,Actions.sysmlx
1494fa26-1a1d-5c7c-9e9b-5d2ac08c26ac,2f728323-282c-50cf-9d4f-31a8519efb01,contains,Actions.sysmlx
1494fa26-1a1d-5c7c-9e9b-5d2ac08c26ac,2f728323-282c-50cf-9d4f-31a8519efb01,has_action,Actions.sysmlx
2f728323-282c-50cf-9d4f-31a8519efb01,b3448253-f476-5d7c-82fa-15e27b539558,contains,Actions.sysmlx
2f728323-282c-50cf-9d4f-31a8519efb01,b3448253-f476-5d7c-82fa-15e27b539558,typed_by,Actions.sysmlx
b3448253-f476-5d7c-82fa-15e27b539558,2f728323-282c-50cf-9d4f-31a8519efb01,typed_by,Actions.sysmlx
2f728323-282c-50cf-9d4f-31a8519efb01,7a283689-24be-582e-aae3-e442671bb597,contains,Actions.sysmlx
2f728323-282c-50cf-9d4f-31a8519efb01,7a283689-24be-582e-aae3-e442671bb597,owns,Actions.sysmlx
7a283689-24be-582e-aae3-e442671bb597,5cda7f85-25c3-55a9-803e-abd86b35f814,contains,Actions.sysmlx
5cda7f85-25c3-55a9-803e-abd86b35f814,a141e7e1-8485-524c-a6c6-97d5be51cf08,contains,Actions.sysmlx
5cda7f85-25c3-55a9-803e-abd86b35f814,a141e7e1-8485-524c-a6c6-97d5be51cf08,owns,Actions.sysmlx
a141e7e1-8485-524c-a6c6-97d5be51cf08,90b36d69-8edc-5576-acda-e3a6d4d02448,contains,Actions.sysmlx
5cda7f85-25c3-55a9-803e-abd86b35f814,353e625c-a69d-553d-a13e-51a7143a38e3,contains,Actions.sysmlx
5cda7f85-25c3-55a9-803e-abd86b35f814,353e625c-a69d-553d-a13e-51a7143a38e3,owns,Actions.sysmlx
353e625c-a69d-553d-a13e-51a7143a38e3,0f23397c-48e4-5425-bbeb-e02c3e5433f3,contains,Actions.sysmlx
2f728323-282c-50cf-9d4f-31a8519efb01,952173e3-3529-5bcb-8e6d-4b9cb3af05ee,contains,Actions.sysmlx
2f728323-282c-50cf-9d4f-31a8519efb01,952173e3-3529-5bcb-8e6d-4b9cb3af05ee,subsets,Actions.sysmlx
952173e3-3529-5bcb-8e6d-4b9cb3af05ee,f313febd-5e7b-56b8-9cbb-9b9ec53e9e71,subsets,Actions.sysmlx
952173e3-3529-5bcb-8e6d-4b9cb3af05ee,2f728323-282c-50cf-9d4f-31a8519efb01,subsets,Actions.sysmlx
2f728323-282c-50cf-9d4f-31a8519efb01,885534b3-6016-533e-8c2d-734a02598a01,contains,Actions.sysmlx
2f728323-282c-50cf-9d4f-31a8519efb01,885534b3-6016-533e-8c2d-734a02598a01,owns,Actions.sysmlx
885534b3-6016-533e-8c2d-734a02598a01,5d49ccb4-6929-5ccb-be0f-0e4ec23bdbf8,contains,Actions.sysmlx
6e44fcc3-4ac4-5e93-a695-61791fa23309,6d120688-480e-5e00-9691-13e2fcd9303f,contains,Actions.sysmlx
6e44fcc3-4ac4-5e93-a695-61791fa23309,6d120688-480e-5e00-9691-13e2fcd9303f,has_feature,Actions.sysmlx
6d120688-480e-5e00-9691-13e2fcd9303f,b9de2d54-eb04-56e5-b91d-132ed541134e,contains,Actions.sysmlx
6d120688-480e-5e00-9691-13e2fcd9303f,b9de2d54-eb04-56e5-b91d-132ed541134e,has_action,Actions.sysmlx
b9de2d54-eb04-56e5-b91d-132ed541134e,860ebddf-dd8c-58bd-a20d-3f77cd2c1baf,contains,Actions.sysmlx
b9de2d54-eb04-56e5-b91d-132ed541134e,860ebddf-dd8c-58bd-a20d-3f77cd2c1baf,typed_by,Actions.sysmlx
860ebddf-dd8c-58bd-a20d-3f77cd2c1baf,b9de2d54-eb04-56e5-b91d-132ed541134e,typed_by,Actions.sysmlx
b9de2d54-eb04-56e5-b91d-132ed541134e,1f5b258f-dbe8-593e-8612-945ff3df6567,contains,Actions.sysmlx
b9de2d54-eb04-56e5-b91d-132ed541134e,1f5b258f-dbe8-593e-8612-945ff3df6567,subsets,Actions.sysmlx
1f5b258f-dbe8-593e-8612-945ff3df6567,f313febd-5e7b-56b8-9cbb-9b9ec53e9e71,subsets,Actions.sysmlx
1f5b258f-dbe8-593e-8612-945ff3df6567,b9de2d54-eb04-56e5-b91d-132ed541134e,subsets,Actions.sysmlx
b9de2d54-eb04-56e5-b91d-132ed541134e,6d9cef1c-6f8b-5b7b-9860-5e16b8363e1b,contains,Actions.sysmlx
b9de2d54-eb04-56e5-b91d-132ed541134e,6d9cef1c-6f8b-5b7b-9860-5e16b8363e1b,owns,Actions.sysmlx
6d9cef1c-6f8b-5b7b-9860-5e16b8363e1b,4e2f86da-77e7-52e5-8d7b-127e120cc506,contains,Actions.sysmlx
6e44fcc3-4ac4-5e93-a695-61791fa23309,f68a041b-272b-5183-a614-eb1272bc1b82,contains,Actions.sysmlx
6e44fcc3-4ac4-5e93-a695-61791fa23309,f68a041b-272b-5183-a614-eb1272bc1b82,has_feature,Actions.sysmlx
f68a041b-272b-5183-a614-eb1272bc1b82,18d95656-b8e7-5a9d-95bb-0e3e20f1e2c0,contains,Actions.sysmlx
f68a041b-272b-5183-a614-eb1272bc1b82,18d95656-b8e7-5a9d-95bb-0e3e20f1e2c0,has_action,Actions.sysmlx
18d95656-b8e7-5a9d-95bb-0e3e20f1e2c0,f92af0ce-6db0-504e-ab2e-e191a9ebec63,contains,Actions.sysmlx
18d95656-b8e7-5a9d-95bb-0e3e20f1e2c0,f92af0ce-6db0-504e-ab2e-e191a9ebec63,typed_by,Actions.sysmlx
f92af0ce-6db0-504e-ab2e-e191a9ebec63,18d95656-b8e7-5a9d-95bb-0e3e20f1e2c0,typed_by,Actions.sysmlx
18d95656-b8e7-5a9d-95bb-0e3e20f1e2c0,9ce95f59-7251-5756-b51a-d0852423b791,contains,Actions.sysmlx
18d95656-b8e7-5a9d-95bb-0e3e20f1e2c0,9ce95f59-7251-5756-b51a-d0852423b791,subsets,Actions.sysmlx
9ce95f59-7251-5756-b51a-d0852423b791,f313febd-5e7b-56b8-9cbb-9b9ec53e9e71,subsets,Actions.sysmlx
9ce95f59-7251-5756-b51a-d0852423b791,18d95656-b8e7-5a9d-95bb-0e3e20f1e2c0,subsets,Actions.sysmlx
18d95656-b8e7-5a9d-95bb-0e3e20f1e2c0,2a3418c4-23ba-5fd6-95b2-f2d317abe602,contains,Actions.sysmlx
18d95656-b8e7-5a9d-95bb-0e3e20f1e2c0,2a3418c4-23ba-5fd6-95b2-f2d317abe602,owns,Actions.sysmlx
2a3418c4-23ba-5fd6-95b2-f2d317abe602,b8628fdd-1914-5798-9e64-eab82af28326,contains,Actions.sysmlx
6e44fcc3-4ac4-5e93-a695-61791fa23309,08252b15-7746-52a0-84d7-8877ba17b3ca,contains,Actions.sysmlx
6e44fcc3-4ac4-5e93-a695-61791fa23309,08252b15-7746-52a0-84d7-8877ba17b3ca,has_feature,Actions.sysmlx
08252b15-7746-52a0-84d7-8877ba17b3ca,6362a0e5-3e1d-5646-85f5-69e3ae6bd653,contains,Actions.sysmlx
08252b15-7746-52a0-84d7-8877ba17b3ca,6362a0e5-3e1d-5646-85f5-69e3ae6bd653,has_action,Actions.sysmlx
6362a0e5-3e1d-5646-85f5-69e3ae6bd653,8fe76b94-490e-5ffa-beb0-e6756415cbeb,contains,Actions.sysmlx
6362a0e5-3e1d-5646-85f5-69e3ae6bd653,8fe76b94-490e-5ffa-beb0-e6756415cbeb,typed_by,Actions.sysmlx
8fe76b94-490e-5ffa-beb0-e6756415cbeb,6362a0e5-3e1d-5646-85f5-69e3ae6bd653,typed_by,Actions.sysmlx
6362a0e5-3e1d-5646-85f5-69e3ae6bd653,efaf9700-718b-55fd-88cf-1ce42fe92e91,contains,Actions.sysmlx
6362a0e5-3e1d-5646-85f5-69e3ae6bd653,efaf9700-718b-55fd-88cf-1ce42fe92e91,subsets,Actions.sysmlx
efaf9700-718b-55fd-88cf-1ce42fe92e91,f313febd-5e7b-56b8-9cbb-9b9ec53e9e71,subsets,Actions.sysmlx
efaf9700-718b-55fd-88cf-1ce42fe92e91,6362a0e5-3e1d-5646-85f5-69e3ae6bd653,subsets,Actions.sysmlx
6362a0e5-3e1d-5646-85f5-69e3ae6bd653,77656df4-b539-5ac2-9303-f6a3c35d6526,contains,Actions.sysmlx
6362a0e5-3e1d-5646-85f5-69e3ae6bd653,77656df4-b539-5ac2-9303-f6a3c35d6526,owns,Actions.sysmlx
77656df4-b539-5ac2-9303-f6a3c35d6526,18502627-d208-536f-afa7-6b04893a6d0c,contains,Actions.sysmlx
6e44fcc3-4ac4-5e93-a695-61791fa23309,94570336-26cc-562a-95a4-5e76306a49da,contains,Actions.sysmlx
6e44fcc3-4ac4-5e93-a695-61791fa23309,94570336-26cc-562a-95a4-5e76306a49da,has_feature,Actions.sysmlx
94570336-26cc-562a-95a4-5e76306a49da,7c45e930-5326-55e0-a1d8-f8618fdfc605,contains,Actions.sysmlx
94570336-26cc-562a-95a4-5e76306a49da,7c45e930-5326-55e0-a1d8-f8618fdfc605,has_action,Actions.sysmlx
7c45e930-5326-55e0-a1d8-f8618fdfc605,b04b8fe4-4f02-576a-9540-cee4440e4b6f,contains,Actions.sysmlx
7c45e930-5326-55e0-a1d8-f8618fdfc605,b04b8fe4-4f02-576a-9540-cee4440e4b6f,typed_by,Actions.sysmlx
b04b8fe4-4f02-576a-9540-cee4440e4b6f,7c45e930-5326-55e0-a1d8-f8618fdfc605,typed_by,Actions.sysmlx
7c45e930-5326-55e0-a1d8-f8618fdfc605,e4dd10f5-17e1-5473-9e44-c022f1c17064,contains,Actions.sysmlx
7c45e930-5326-55e0-a1d8-f8618fdfc605,e4dd10f5-17e1-5473-9e44-c022f1c17064,owns,Actions.sysmlx
e4dd10f5-17e1-5473-9e44-c022f1c17064,196ef647-70e6-5eaf-851f-3d6136dbb388,contains,Actions.sysmlx
196ef647-70e6-5eaf-851f-3d6136dbb388,7e4d900f-c725-5b60-a36e-b7e05e983983,contains,Actions.sysmlx
196ef647-70e6-5eaf-851f-3d6136dbb388,7e4d900f-c725-5b60-a36e-b7e05e983983,owns,Actions.sysmlx
7e4d900f-c725-5b60-a36e-b7e05e983983,2f6331e6-52fd-5106-a9e0-de02c2bbf720,contains,Actions.sysmlx
196ef647-70e6-5eaf-851f-3d6136dbb388,70b7a735-96d8-51c0-871d-8c7e7aabf791,contains,Actions.sysmlx
196ef647-70e6-5eaf-851f-3d6136dbb388,70b7a735-96d8-51c0-871d-8c7e7aabf791,owns,Actions.sysmlx
70b7a735-96d8-51c0-871d-8c7e7aabf791,3aefdb88-f93f-521e-af47-fed307a69788,contains,Actions.sysmlx
7c45e930-5326-55e0-a1d8-f8618fdfc605,1e9271ab-1170-59a5-bac5-906a515fa00b,contains,Actions.sysmlx
7c45e930-5326-55e0-a1d8-f8618fdfc605,1e9271ab-1170-59a5-bac5-906a515fa00b,subsets,Actions.sysmlx
1e9271ab-1170-59a5-bac5-906a515fa00b,3cd3b18a-02fd-5ca8-908a-9acac924a5b3,subsets,Actions.sysmlx
1e9271ab-1170-59a5-bac5-906a515fa00b,7c45e930-5326-55e0-a1d8-f8618fdfc605,subsets,Actions.sysmlx
7c45e930-5326-55e0-a1d8-f8618fdfc605,453c71be-74a4-5dd3-a959-099bd6ee5b76,contains,Actions.sysmlx
7c45e930-5326-55e0-a1d8-f8618fdfc605,453c71be-74a4-5dd3-a959-099bd6ee5b76,subsets,Actions.sysmlx
453c71be-74a4-5dd3-a959-099bd6ee5b76,59665626-a20d-5308-aafb-d676b210142f,subsets,Actions.sysmlx
453c71be-74a4-5dd3-a959-099bd6ee5b76,7c45e930-5326-55e0-a1d8-f8618fdfc605,subsets,Actions.sysmlx
7c45e930-5326-55e0-a1d8-f8618fdfc605,569c238d-24b0-56ab-90a0-b8a0848c5fbd,contains,Actions.sysmlx
7c45e930-5326-55e0-a1d8-f8618fdfc605,569c238d-24b0-56ab-90a0-b8a0848c5fbd,owns,Actions.sysmlx
569c238d-24b0-56ab-90a0-b8a0848c5fbd,922b1d59-d806-5d7a-a55a-3709f57fdc4c,contains,Actions.sysmlx
6e44fcc3-4ac4-5e93-a695-61791fa23309,ce1e26be-26ce-5b72-9a3e-1f940c8d35db,contains,Actions.sysmlx
6e44fcc3-4ac4-5e93-a695-61791fa23309,ce1e26be-26ce-5b72-9a3e-1f940c8d35db,has_feature,Actions.sysmlx
ce1e26be-26ce-5b72-9a3e-1f940c8d35db,384046fe-8dea-5263-bce6-36dd9a023111,contains,Actions.sysmlx
ce1e26be-26ce-5b72-9a3e-1f940c8d35db,384046fe-8dea-5263-bce6-36dd9a023111,has_action,Actions.sysmlx
384046fe-8dea-5263-bce6-36dd9a023111,aa675abe-3563-556c-a233-58717e8322ff,contains,Actions.sysmlx
384046fe-8dea-5263-bce6-36dd9a023111,aa675abe-3563-556c-a233-58717e8322ff,typed_by,Actions.sysmlx
aa675abe-3563-556c-a233-58717e8322ff,384046fe-8dea-5263-bce6-36dd9a023111,typed_by,Actions.sysmlx
384046fe-8dea-5263-bce6-36dd9a023111,a6013b4b-07b3-5223-a87a-1e127a9595c9,contains,Actions.sysmlx
384046fe-8dea-5263-bce6-36dd9a023111,a6013b4b-07b3-5223-a87a-1e127a9595c9,owns,Actions.sysmlx
a6013b4b-07b3-5223-a87a-1e127a9595c9,ef302418-bad0-5094-8d1b-7f783985bdf9,contains,Actions.sysmlx
ef302418-bad0-5094-8d1b-7f783985bdf9,b16ea169-d561-5166-8df3-7512a3bc736d,contains,Actions.sysmlx
ef302418-bad0-5094-8d1b-7f783985bdf9,b16ea169-d561-5166-8df3-7512a3bc736d,owns,Actions.sysmlx
b16ea169-d561-5166-8df3-7512a3bc736d,ead8a654-53dd-5ccd-a77f-40f436f4acc9,contains,Actions.sysmlx
ef302418-bad0-5094-8d1b-7f783985bdf9,beb1597f-262e-589c-8b8a-2c363a5880da,contains,Actions.sysmlx
ef302418-bad0-5094-8d1b-7f783985bdf9,beb1597f-262e-589c-8b8a-2c363a5880da,owns,Actions.sysmlx
beb1597f-262e-589c-8b8a-2c363a5880da,c5a2ba7e-0a18-5660-9514-c0051fb22d14,contains,Actions.sysmlx
384046fe-8dea-5263-bce6-36dd9a023111,037c0bfd-446a-5ae4-9db7-18e88850236a,contains,Actions.sysmlx
384046fe-8dea-5263-bce6-36dd9a023111,037c0bfd-446a-5ae4-9db7-18e88850236a,subsets,Actions.sysmlx
037c0bfd-446a-5ae4-9db7-18e88850236a,7c45e930-5326-55e0-a1d8-f8618fdfc605,subsets,Actions.sysmlx
037c0bfd-446a-5ae4-9db7-18e88850236a,384046fe-8dea-5263-bce6-36dd9a023111,subsets,Actions.sysmlx
384046fe-8dea-5263-bce6-36dd9a023111,f9e5d2d4-904b-50a1-a9f0-9fb95c495382,contains,Actions.sysmlx
384046fe-8dea-5263-bce6-36dd9a023111,f9e5d2d4-904b-50a1-a9f0-9fb95c495382,owns,Actions.sysmlx
f9e5d2d4-904b-50a1-a9f0-9fb95c495382,d1226b81-5aa2-53d7-b9a6-414a02abb73a,contains,Actions.sysmlx
6e44fcc3-4ac4-5e93-a695-61791fa23309,a45916ae-c41c-523a-9cb8-9ada531bb88d,contains,Actions.sysmlx
6e44fcc3-4ac4-5e93-a695-61791fa23309,a45916ae-c41c-523a-9cb8-9ada531bb88d,has_feature,Actions.sysmlx
a45916ae-c41c-523a-9cb8-9ada531bb88d,5540acce-64df-5ee7-8698-98d49dc63b88,contains,Actions.sysmlx
a45916ae-c41c-523a-9cb8-9ada531bb88d,5540acce-64df-5ee7-8698-98d49dc63b88,has_action,Actions.sysmlx
5540acce-64df-5ee7-8698-98d49dc63b88,318cbd19-bd60-523f-b9be-8f909690fa70,contains,Actions.sysmlx
5540acce-64df-5ee7-8698-98d49dc63b88,318cbd19-bd60-523f-b9be-8f909690fa70,typed_by,Actions.sysmlx
318cbd19-bd60-523f-b9be-8f909690fa70,5540acce-64df-5ee7-8698-98d49dc63b88,typed_by,Actions.sysmlx
5540acce-64df-5ee7-8698-98d49dc63b88,76d81330-6c6c-542c-ac95-1bfdcb0dc60f,contains,Actions.sysmlx
5540acce-64df-5ee7-8698-98d49dc63b88,76d81330-6c6c-542c-ac95-1bfdcb0dc60f,owns,Actions.sysmlx
76d81330-6c6c-542c-ac95-1bfdcb0dc60f,996cfe0b-fa0f-50e6-b6b3-ba3aa173c662,contains,Actions.sysmlx
996cfe0b-fa0f-50e6-b6b3-ba3aa173c662,553cecc8-d105-5b94-8081-e4b56032224a,contains,Actions.sysmlx
996cfe0b-fa0f-50e6-b6b3-ba3aa173c662,553cecc8-d105-5b94-8081-e4b56032224a,owns,Actions.sysmlx
553cecc8-d105-5b94-8081-e4b56032224a,a4b18ec5-6764-5e1d-8afe-ded541a57747,contains,Actions.sysmlx
996cfe0b-fa0f-50e6-b6b3-ba3aa173c662,10f672f5-3917-5dd0-b979-cb49d6d0a6b2,contains,Actions.sysmlx
996cfe0b-fa0f-50e6-b6b3-ba3aa173c662,10f672f5-3917-5dd0-b979-cb49d6d0a6b2,owns,Actions.sysmlx
10f672f5-3917-5dd0-b979-cb49d6d0a6b2,3cc1a7e6-2a59-5c2f-831b-a812a0711a4d,contains,Actions.sysmlx
5540acce-64df-5ee7-8698-98d49dc63b88,75814836-26bb-5a4b-a422-5555a6236b66,contains,Actions.sysmlx
5540acce-64df-5ee7-8698-98d49dc63b88,75814836-26bb-5a4b-a422-5555a6236b66,subsets,Actions.sysmlx
75814836-26bb-5a4b-a422-5555a6236b66,3cd3b18a-02fd-5ca8-908a-9acac924a5b3,subsets,Actions.sysmlx
75814836-26bb-5a4b-a422-5555a6236b66,5540acce-64df-5ee7-8698-98d49dc63b88,subsets,Actions.sysmlx
5540acce-64df-5ee7-8698-98d49dc63b88,b01672e1-bed4-5bef-93e1-a59ab3dca0f7,contains,Actions.sysmlx
5540acce-64df-5ee7-8698-98d49dc63b88,b01672e1-bed4-5bef-93e1-a59ab3dca0f7,subsets,Actions.sysmlx
b01672e1-bed4-5bef-93e1-a59ab3dca0f7,1b14aa51-f254-5242-be9c-e74ba95c6c8c,subsets,Actions.sysmlx
b01672e1-bed4-5bef-93e1-a59ab3dca0f7,5540acce-64df-5ee7-8698-98d49dc63b88,subsets,Actions.sysmlx
5540acce-64df-5ee7-8698-98d49dc63b88,3686c8b8-2a9a-58f2-bc3e-05af8fe16b83,contains,Actions.sysmlx
5540acce-64df-5ee7-8698-98d49dc63b88,3686c8b8-2a9a-58f2-bc3e-05af8fe16b83,owns,Actions.sysmlx
3686c8b8-2a9a-58f2-bc3e-05af8fe16b83,082841d8-056a-5a9d-a0e1-344a9cf05f60,contains,Actions.sysmlx
5540acce-64df-5ee7-8698-98d49dc63b88,6976afa2-1a57-5df8-b7b9-1ad81a19e63f,contains,Actions.sysmlx
5540acce-64df-5ee7-8698-98d49dc63b88,6976afa2-1a57-5df8-b7b9-1ad81a19e63f,has_feature,Actions.sysmlx
6976afa2-1a57-5df8-b7b9-1ad81a19e63f,960eac11-aa17-5c40-9871-8fed9a1f65b1,contains,Actions.sysmlx
6e44fcc3-4ac4-5e93-a695-61791fa23309,9e5c48ea-5edb-52a0-b288-3e1a2361c252,contains,Actions.sysmlx
6e44fcc3-4ac4-5e93-a695-61791fa23309,9e5c48ea-5edb-52a0-b288-3e1a2361c252,has_feature,Actions.sysmlx
9e5c48ea-5edb-52a0-b288-3e1a2361c252,59f10437-9c21-5c9f-bcb4-71e2b5c1eecc,contains,Actions.sysmlx
9e5c48ea-5edb-52a0-b288-3e1a2361c252,59f10437-9c21-5c9f-bcb4-71e2b5c1eecc,has_action,Actions.sysmlx
59f10437-9c21-5c9f-bcb4-71e2b5c1eecc,198506dc-6e8f-57a3-8789-ba239488480c,contains,Actions.sysmlx
59f10437-9c21-5c9f-bcb4-71e2b5c1eecc,198506dc-6e8f-57a3-8789-ba239488480c,typed_by,Actions.sysmlx
198506dc-6e8f-57a3-8789-ba239488480c,59f10437-9c21-5c9f-bcb4-71e2b5c1eecc,typed_by,Actions.sysmlx
59f10437-9c21-5c9f-bcb4-71e2b5c1eecc,aac28004-a56d-5b42-b6ac-7d2818cba3a1,contains,Actions.sysmlx
59f10437-9c21-5c9f-bcb4-71e2b5c1eecc,aac28004-a56d-5b42-b6ac-7d2818cba3a1,owns,Actions.sysmlx
aac28004-a56d-5b42-b6ac-7d2818cba3a1,9bca69e9-380f-5a24-a52e-46556b5fa6c6,contains,Actions.sysmlx
9bca69e9-380f-5a24-a52e-46556b5fa6c6,cb306ba9-2586-5a03-b814-0717ecc46099,contains,Actions.sysmlx
9bca69e9-380f-5a24-a52e-46556b5fa6c6,cb306ba9-2586-5a03-b814-0717ecc46099,owns,Actions.sysmlx
cb306ba9-2586-5a03-b814-0717ecc46099,e0ba5e76-f220-5a1b-b61b-209878a1e2b3,contains,Actions.sysmlx
9bca69e9-380f-5a24-a52e-46556b5fa6c6,b7d01ca6-a4fd-5254-a519-2f09f679ff2d,contains,Actions.sysmlx
9bca69e9-380f-5a24-a52e-46556b5fa6c6,b7d01ca6-a4fd-5254-a519-2f09f679ff2d,owns,Actions.sysmlx
b7d01ca6-a4fd-5254-a519-2f09f679ff2d,a1eddadc-7f87-5b06-9b72-f1be2e470646,contains,Actions.sysmlx
59f10437-9c21-5c9f-bcb4-71e2b5c1eecc,8b240bd8-7304-5da9-ba4c-f6106bd02077,contains,Actions.sysmlx
59f10437-9c21-5c9f-bcb4-71e2b5c1eecc,8b240bd8-7304-5da9-ba4c-f6106bd02077,subsets,Actions.sysmlx
8b240bd8-7304-5da9-ba4c-f6106bd02077,3cd3b18a-02fd-5ca8-908a-9acac924a5b3,subsets,Actions.sysmlx
8b240bd8-7304-5da9-ba4c-f6106bd02077,59f10437-9c21-5c9f-bcb4-71e2b5c1eecc,subsets,Actions.sysmlx
59f10437-9c21-5c9f-bcb4-71e2b5c1eecc,c46287cb-5a4e-56d2-8737-2653f6eecba2,contains,Actions.sysmlx
59f10437-9c21-5c9f-bcb4-71e2b5c1eecc,c46287cb-5a4e-56d2-8737-2653f6eecba2,subsets,Actions.sysmlx
c46287cb-5a4e-56d2-8737-2653f6eecba2,1237bb5a-3052-5fd3-9219-3b88e36af65d,subsets,Actions.sysmlx
c46287cb-5a4e-56d2-8737-2653f6eecba2,59f10437-9c21-5c9f-bcb4-71e2b5c1eecc,subsets,Actions.sysmlx
59f10437-9c21-5c9f-bcb4-71e2b5c1eecc,615ad667-348d-5939-967e-10de9fcbb28b,contains,Actions.sysmlx
59f10437-9c21-5c9f-bcb4-71e2b5c1eecc,615ad667-348d-5939-967e-10de9fcbb28b,owns,Actions.sysmlx
615ad667-348d-5939-967e-10de9fcbb28b,ced50600-4f8f-53ed-b9e5-071f51707a92,contains,Actions.sysmlx
6e44fcc3-4ac4-5e93-a695-61791fa23309,affc4756-8559-57aa-aca1-9fd5a87c2a3d,contains,Actions.sysmlx
6e44fcc3-4ac4-5e93-a695-61791fa23309,affc4756-8559-57aa-aca1-9fd5a87c2a3d,has_feature,Actions.sysmlx
affc4756-8559-57aa-aca1-9fd5a87c2a3d,ebe22fe0-ea08-54d3-84e5-95e16b0f41c8,contains,Actions.sysmlx
affc4756-8559-57aa-aca1-9fd5a87c2a3d,ebe22fe0-ea08-54d3-84e5-95e16b0f41c8,has_action,Actions.sysmlx
ebe22fe0-ea08-54d3-84e5-95e16b0f41c8,ff99f883-b830-5e15-841c-963264b7936e,contains,Actions.sysmlx
ebe22fe0-ea08-54d3-84e5-95e16b0f41c8,ff99f883-b830-5e15-841c-963264b7936e,typed_by,Actions.sysmlx
ff99f883-b830-5e15-841c-963264b7936e,ebe22fe0-ea08-54d3-84e5-95e16b0f41c8,typed_by,Actions.sysmlx
ebe22fe0-ea08-54d3-84e5-95e16b0f41c8,7621d7f6-8a2f-5e76-88dc-25a204799f9e,contains,Actions.sysmlx
ebe22fe0-ea08-54d3-84e5-95e16b0f41c8,7621d7f6-8a2f-5e76-88dc-25a204799f9e,owns,Actions.sysmlx
7621d7f6-8a2f-5e76-88dc-25a204799f9e,9fe1c8bc-88b4-5e25-836b-7e838d288d77,contains,Actions.sysmlx
9fe1c8bc-88b4-5e25-836b-7e838d288d77,b435e6ba-a49a-5468-8114-d78e77ec6aea,contains,Actions.sysmlx
9fe1c8bc-88b4-5e25-836b-7e838d288d77,b435e6ba-a49a-5468-8114-d78e77ec6aea,owns,Actions.sysmlx
b435e6ba-a49a-5468-8114-d78e77ec6aea,ea933dc5-807f-5151-88d7-c66bb237fcda,contains,Actions.sysmlx
9fe1c8bc-88b4-5e25-836b-7e838d288d77,121c1a70-737e-5b83-8e93-85270b1e7f80,contains,Actions.sysmlx
9fe1c8bc-88b4-5e25-836b-7e838d288d77,121c1a70-737e-5b83-8e93-85270b1e7f80,owns,Actions.sysmlx
121c1a70-737e-5b83-8e93-85270b1e7f80,996bd40d-612b-55e8-bca3-b9f1600b1c46,contains,Actions.sysmlx
ebe22fe0-ea08-54d3-84e5-95e16b0f41c8,74045850-14e6-5ef7-bc4a-4f6508a2f95b,contains,Actions.sysmlx
ebe22fe0-ea08-54d3-84e5-95e16b0f41c8,74045850-14e6-5ef7-bc4a-4f6508a2f95b,subsets,Actions.sysmlx
74045850-14e6-5ef7-bc4a-4f6508a2f95b,3cd3b18a-02fd-5ca8-908a-9acac924a5b3,subsets,Actions.sysmlx
74045850-14e6-5ef7-bc4a-4f6508a2f95b,ebe22fe0-ea08-54d3-84e5-95e16b0f41c8,subsets,Actions.sysmlx
ebe22fe0-ea08-54d3-84e5-95e16b0f41c8,c1fa5b38-bf5f-51f1-b185-30a495329f20,contains,Actions.sysmlx
ebe22fe0-ea08-54d3-84e5-95e16b0f41c8,c1fa5b38-bf5f-51f1-b185-30a495329f20,subsets,Actions.sysmlx
c1fa5b38-bf5f-51f1-b185-30a495329f20,5292cd57-9a90-5695-b3f4-8a1b68d31787,subsets,Actions.sysmlx
c1fa5b38-bf5f-51f1-b185-30a495329f20,ebe22fe0-ea08-54d3-84e5-95e16b0f41c8,subsets,Actions.sysmlx
ebe22fe0-ea08-54d3-84e5-95e16b0f41c8,f51ed2bb-baba-5180-951c-a8a50b29d445,contains,Actions.sysmlx
ebe22fe0-ea08-54d3-84e5-95e16b0f41c8,f51ed2bb-baba-5180-951c-a8a50b29d445,owns,Actions.sysmlx
f51ed2bb-baba-5180-951c-a8a50b29d445,9cc819b9-ae8c-56ed-a93e-75bdd7c5881d,contains,Actions.sysmlx
6e44fcc3-4ac4-5e93-a695-61791fa23309,6e9340b6-9a3a-56f9-bbfb-c42bacd192b7,contains,Actions.sysmlx
6e44fcc3-4ac4-5e93-a695-61791fa23309,6e9340b6-9a3a-56f9-bbfb-c42bacd192b7,has_feature,Actions.sysmlx
6e9340b6-9a3a-56f9-bbfb-c42bacd192b7,16b30aad-3b50-5168-b25a-cbbbe705b7af,contains,Actions.sysmlx
6e9340b6-9a3a-56f9-bbfb-c42bacd192b7,16b30aad-3b50-5168-b25a-cbbbe705b7af,has_action,Actions.sysmlx
16b30aad-3b50-5168-b25a-cbbbe705b7af,bb81570f-e337-5f19-8ac0-1269349ef0dd,contains,Actions.sysmlx
16b30aad-3b50-5168-b25a-cbbbe705b7af,bb81570f-e337-5f19-8ac0-1269349ef0dd,typed_by,Actions.sysmlx
bb81570f-e337-5f19-8ac0-1269349ef0dd,16b30aad-3b50-5168-b25a-cbbbe705b7af,typed_by,Actions.sysmlx
16b30aad-3b50-5168-b25a-cbbbe705b7af,041ae86c-9912-5f32-8450-7c24dbc7df29,contains,Actions.sysmlx
16b30aad-3b50-5168-b25a-cbbbe705b7af,041ae86c-9912-5f32-8450-7c24dbc7df29,owns,Actions.sysmlx
041ae86c-9912-5f32-8450-7c24dbc7df29,56c587a7-c119-577d-8fe2-5cf0cce2c556,contains,Actions.sysmlx
56c587a7-c119-577d-8fe2-5cf0cce2c556,ccb51dc3-31f6-5ce1-bbc0-a835944d7531,contains,Actions.sysmlx
56c587a7-c119-577d-8fe2-5cf0cce2c556,ccb51dc3-31f6-5ce1-bbc0-a835944d7531,owns,Actions.sysmlx
ccb51dc3-31f6-5ce1-bbc0-a835944d7531,dfba63f1-0389-5325-9db0-7db2e124d94c,contains,Actions.sysmlx
56c587a7-c119-577d-8fe2-5cf0cce2c556,30215379-c018-5fbc-845d-74ce4e2048ab,contains,Actions.sysmlx
56c587a7-c119-577d-8fe2-5cf0cce2c556,30215379-c018-5fbc-845d-74ce4e2048ab,owns,Actions.sysmlx
30215379-c018-5fbc-845d-74ce4e2048ab,1fef078b-d9e2-5d32-9602-6f926ae06884,contains,Actions.sysmlx
16b30aad-3b50-5168-b25a-cbbbe705b7af,453600b8-46a5-5f5e-88df-3b5ac7155143,contains,Actions.sysmlx
16b30aad-3b50-5168-b25a-cbbbe705b7af,453600b8-46a5-5f5e-88df-3b5ac7155143,subsets,Actions.sysmlx
453600b8-46a5-5f5e-88df-3b5ac7155143,ebe22fe0-ea08-54d3-84e5-95e16b0f41c8,subsets,Actions.sysmlx
453600b8-46a5-5f5e-88df-3b5ac7155143,16b30aad-3b50-5168-b25a-cbbbe705b7af,subsets,Actions.sysmlx
16b30aad-3b50-5168-b25a-cbbbe705b7af,7bc213b0-f294-58b7-b480-83cf8530dc4f,contains,Actions.sysmlx
16b30aad-3b50-5168-b25a-cbbbe705b7af,7bc213b0-f294-58b7-b480-83cf8530dc4f,subsets,Actions.sysmlx
7bc213b0-f294-58b7-b480-83cf8530dc4f,b871c9d1-9df6-5f1f-8c8b-903770181ec9,subsets,Actions.sysmlx
7bc213b0-f294-58b7-b480-83cf8530dc4f,16b30aad-3b50-5168-b25a-cbbbe705b7af,subsets,Actions.sysmlx
16b30aad-3b50-5168-b25a-cbbbe705b7af,8368d1ce-d147-5b4e-942f-be1df900297a,contains,Actions.sysmlx
16b30aad-3b50-5168-b25a-cbbbe705b7af,8368d1ce-d147-5b4e-942f-be1df900297a,owns,Actions.sysmlx
8368d1ce-d147-5b4e-942f-be1df900297a,41e68295-6496-5008-a9f4-1fc07ff7ca23,contains,Actions.sysmlx
6e44fcc3-4ac4-5e93-a695-61791fa23309,05dbafe6-01cc-51fa-ac63-962656e9da10,contains,Actions.sysmlx
6e44fcc3-4ac4-5e93-a695-61791fa23309,05dbafe6-01cc-51fa-ac63-962656e9da10,has_feature,Actions.sysmlx
05dbafe6-01cc-51fa-ac63-962656e9da10,ec247891-201e-5122-b55b-8e1ed43fc6e8,contains,Actions.sysmlx
05dbafe6-01cc-51fa-ac63-962656e9da10,ec247891-201e-5122-b55b-8e1ed43fc6e8,has_action,Actions.sysmlx
ec247891-201e-5122-b55b-8e1ed43fc6e8,8fe6bf69-71bd-5bf1-9d11-b5fc4447814c,contains,Actions.sysmlx
ec247891-201e-5122-b55b-8e1ed43fc6e8,8fe6bf69-71bd-5bf1-9d11-b5fc4447814c,typed_by,Actions.sysmlx
8fe6bf69-71bd-5bf1-9d11-b5fc4447814c,ec247891-201e-5122-b55b-8e1ed43fc6e8,typed_by,Actions.sysmlx
ec247891-201e-5122-b55b-8e1ed43fc6e8,cfc9e970-b1ef-5b12-9d76-00679a3ab65f,contains,Actions.sysmlx
ec247891-201e-5122-b55b-8e1ed43fc6e8,cfc9e970-b1ef-5b12-9d76-00679a3ab65f,owns,Actions.sysmlx
cfc9e970-b1ef-5b12-9d76-00679a3ab65f,486a3857-199f-5587-9e1d-6586b39d0239,contains,Actions.sysmlx
486a3857-199f-5587-9e1d-6586b39d0239,2f270590-abac-520b-88c7-a6064bd856c0,contains,Actions.sysmlx
486a3857-199f-5587-9e1d-6586b39d0239,2f270590-abac-520b-88c7-a6064bd856c0,owns,Actions.sysmlx
2f270590-abac-520b-88c7-a6064bd856c0,49de153a-3cf5-544c-9832-d110d5facc6a,contains,Actions.sysmlx
486a3857-199f-5587-9e1d-6586b39d0239,6aeb9d1a-fc0c-5603-abe3-55ce754b0d08,contains,Actions.sysmlx
486a3857-199f-5587-9e1d-6586b39d0239,6aeb9d1a-fc0c-5603-abe3-55ce754b0d08,owns,Actions.sysmlx
6aeb9d1a-fc0c-5603-abe3-55ce754b0d08,67008dfb-6da8-52da-ac7d-127c1c5501b6,contains,Actions.sysmlx
ec247891-201e-5122-b55b-8e1ed43fc6e8,dd2a44fd-7948-5bac-81bd-e0f5d2941e98,contains,Actions.sysmlx
ec247891-201e-5122-b55b-8e1ed43fc6e8,dd2a44fd-7948-5bac-81bd-e0f5d2941e98,subsets,Actions.sysmlx
dd2a44fd-7948-5bac-81bd-e0f5d2941e98,ebe22fe0-ea08-54d3-84e5-95e16b0f41c8,subsets,Actions.sysmlx
dd2a44fd-7948-5bac-81bd-e0f5d2941e98,ec247891-201e-5122-b55b-8e1ed43fc6e8,subsets,Actions.sysmlx
ec247891-201e-5122-b55b-8e1ed43fc6e8,808c783f-be97-5faa-8f8d-fb71cce07f7e,contains,Actions.sysmlx
ec247891-201e-5122-b55b-8e1ed43fc6e8,808c783f-be97-5faa-8f8d-fb71cce07f7e,subsets,Actions.sysmlx
808c783f-be97-5faa-8f8d-fb71cce07f7e,3074f9d7-61af-5874-9430-ec733aec8aad,subsets,Actions.sysmlx
808c783f-be97-5faa-8f8d-fb71cce07f7e,ec247891-201e-5122-b55b-8e1ed43fc6e8,subsets,Actions.sysmlx
ec247891-201e-5122-b55b-8e1ed43fc6e8,1fef2297-bffb-5df0-95e9-a3f30ba0fedf,contains,Actions.sysmlx
ec247891-201e-5122-b55b-8e1ed43fc6e8,1fef2297-bffb-5df0-95e9-a3f30ba0fedf,owns,Actions.sysmlx
1fef2297-bffb-5df0-95e9-a3f30ba0fedf,81dfa25f-03d6-578c-b347-18e4b6c87b60,contains,Actions.sysmlx
60005f8a-dbfc-599c-89b6-26ab49420da3,d3d71adc-4a51-5d64-a092-742da73fb4b9,contains,Actions.sysmlx
60005f8a-dbfc-599c-89b6-26ab49420da3,d3d71adc-4a51-5d64-a092-742da73fb4b9,owns,Actions.sysmlx
d3d71adc-4a51-5d64-a092-742da73fb4b9,0cc065ef-4e93-5aed-a3f3-5e8cbb417021,contains,Actions.sysmlx
d3d71adc-4a51-5d64-a092-742da73fb4b9,0cc065ef-4e93-5aed-a3f3-5e8cbb417021,has_action,Actions.sysmlx
0cc065ef-4e93-5aed-a3f3-5e8cbb417021,2ce3c794-af66-5b8e-a6ba-041b919e56bc,contains,Actions.sysmlx
0cc065ef-4e93-5aed-a3f3-5e8cbb417021,2ce3c794-af66-5b8e-a6ba-041b919e56bc,typed_by,Actions.sysmlx
2ce3c794-af66-5b8e-a6ba-041b919e56bc,0cc065ef-4e93-5aed-a3f3-5e8cbb417021,typed_by,Actions.sysmlx
0cc065ef-4e93-5aed-a3f3-5e8cbb417021,da42b4ed-f018-5cf9-af0d-8cecdca802fd,contains,Actions.sysmlx
0cc065ef-4e93-5aed-a3f3-5e8cbb417021,da42b4ed-f018-5cf9-af0d-8cecdca802fd,owns,Actions.sysmlx
da42b4ed-f018-5cf9-af0d-8cecdca802fd,5b1fc3a9-b32a-55d0-a7e0-620ec5ecc182,contains,Actions.sysmlx
5b1fc3a9-b32a-55d0-a7e0-620ec5ecc182,3693df05-1b47-5508-8a53-41e6c60ba08d,contains,Actions.sysmlx
5b1fc3a9-b32a-55d0-a7e0-620ec5ecc182,3693df05-1b47-5508-8a53-41e6c60ba08d,owns,Actions.sysmlx
3693df05-1b47-5508-8a53-41e6c60ba08d,09873c0a-6daf-5c63-a18f-f57aba6306d6,contains,Actions.sysmlx
5b1fc3a9-b32a-55d0-a7e0-620ec5ecc182,d6df647c-dd41-50a8-ac95-81342b7d88da,contains,Actions.sysmlx
5b1fc3a9-b32a-55d0-a7e0-620ec5ecc182,d6df647c-dd41-50a8-ac95-81342b7d88da,owns,Actions.sysmlx
d6df647c-dd41-50a8-ac95-81342b7d88da,792be7b2-b06c-5a8a-8776-d6c86ddc5350,contains,Actions.sysmlx
0cc065ef-4e93-5aed-a3f3-5e8cbb417021,dac28925-c47e-505d-ba6c-1f30b99358d0,contains,Actions.sysmlx
0cc065ef-4e93-5aed-a3f3-5e8cbb417021,dac28925-c47e-505d-ba6c-1f30b99358d0,subsets,Actions.sysmlx
dac28925-c47e-505d-ba6c-1f30b99358d0,0cc065ef-4e93-5aed-a3f3-5e8cbb417021,subsets,Actions.sysmlx
0cc065ef-4e93-5aed-a3f3-5e8cbb417021,66f3b1b1-afc6-57e8-9739-83cbb2ea1e7e,contains,Actions.sysmlx
0cc065ef-4e93-5aed-a3f3-5e8cbb417021,66f3b1b1-afc6-57e8-9739-83cbb2ea1e7e,owns,Actions.sysmlx
66f3b1b1-afc6-57e8-9739-83cbb2ea1e7e,443207d8-416c-5f07-bdc3-fcc567e70761,contains,Actions.sysmlx
60005f8a-dbfc-599c-89b6-26ab49420da3,262a587a-a501-5360-b439-4c50b5093577,contains,Actions.sysmlx
60005f8a-dbfc-599c-89b6-26ab49420da3,262a587a-a501-5360-b439-4c50b5093577,owns,Actions.sysmlx
262a587a-a501-5360-b439-4c50b5093577,be598c58-c7ef-54ae-b296-b540b9a95409,contains,Actions.sysmlx
be598c58-c7ef-54ae-b296-b540b9a95409,9fc1359a-9635-5a97-86a8-857d1a994505,contains,Actions.sysmlx
be598c58-c7ef-54ae-b296-b540b9a95409,9fc1359a-9635-5a97-86a8-857d1a994505,specializes,Actions.sysmlx
be598c58-c7ef-54ae-b296-b540b9a95409,86627520-58b0-52b3-9cad-57b32eb945a1,contains,Actions.sysmlx
be598c58-c7ef-54ae-b296-b540b9a95409,86627520-58b0-52b3-9cad-57b32eb945a1,specializes,Actions.sysmlx
be598c58-c7ef-54ae-b296-b540b9a95409,8cecb512-d8d3-52aa-abf6-213e76be0c85,contains,Actions.sysmlx
be598c58-c7ef-54ae-b296-b540b9a95409,8cecb512-d8d3-52aa-abf6-213e76be0c85,owns,Actions.sysmlx
8cecb512-d8d3-52aa-abf6-213e76be0c85,8429fe03-69b2-5e77-966a-76f96b33e894,contains,Actions.sysmlx
be598c58-c7ef-54ae-b296-b540b9a95409,f600102f-0a59-5a01-b7ca-fcc2c593af7e,contains,Actions.sysmlx
be598c58-c7ef-54ae-b296-b540b9a95409,f600102f-0a59-5a01-b7ca-fcc2c593af7e,has_feature,Actions.sysmlx
f600102f-0a59-5a01-b7ca-fcc2c593af7e,a8558e47-1012-5952-a726-cc6f69e02b9e,contains,Actions.sysmlx
a8558e47-1012-5952-a726-cc6f69e02b9e,4b1a58f8-1291-5106-a313-29c798543db2,contains,Actions.sysmlx
a8558e47-1012-5952-a726-cc6f69e02b9e,4b1a58f8-1291-5106-a313-29c798543db2,redefines,Actions.sysmlx
4b1a58f8-1291-5106-a313-29c798543db2,a8558e47-1012-5952-a726-cc6f69e02b9e,redefines,Actions.sysmlx
a8558e47-1012-5952-a726-cc6f69e02b9e,996de829-8935-565b-8a14-3f3c330609af,contains,Actions.sysmlx
a8558e47-1012-5952-a726-cc6f69e02b9e,996de829-8935-565b-8a14-3f3c330609af,owns,Actions.sysmlx
996de829-8935-565b-8a14-3f3c330609af,31467019-4182-5f06-9b7d-838e65cce1b7,contains,Actions.sysmlx
31467019-4182-5f06-9b7d-838e65cce1b7,136a105a-c6dd-5aaf-8186-8b4c9d438444,contains,Actions.sysmlx
31467019-4182-5f06-9b7d-838e65cce1b7,136a105a-c6dd-5aaf-8186-8b4c9d438444,owns,Actions.sysmlx
136a105a-c6dd-5aaf-8186-8b4c9d438444,042c1f22-6fd8-5391-a011-261e9fe08527,contains,Actions.sysmlx
31467019-4182-5f06-9b7d-838e65cce1b7,a05dc983-5b30-5352-be4f-0c0444a688e3,contains,Actions.sysmlx
31467019-4182-5f06-9b7d-838e65cce1b7,a05dc983-5b30-5352-be4f-0c0444a688e3,owns,Actions.sysmlx
a05dc983-5b30-5352-be4f-0c0444a688e3,b4cd19a1-a227-50d4-8d38-9301583f7575,contains,Actions.sysmlx
be598c58-c7ef-54ae-b296-b540b9a95409,8a60cca3-e22d-5c1a-afcd-da678cbdcad2,contains,Actions.sysmlx
be598c58-c7ef-54ae-b296-b540b9a95409,8a60cca3-e22d-5c1a-afcd-da678cbdcad2,has_feature,Actions.sysmlx
8a60cca3-e22d-5c1a-afcd-da678cbdcad2,36747daf-ca89-570d-abfb-b73771077da0,contains,Actions.sysmlx
36747daf-ca89-570d-abfb-b73771077da0,606cc349-0126-58fe-97d3-7f5410f5cf5b,contains,Actions.sysmlx
36747daf-ca89-570d-abfb-b73771077da0,606cc349-0126-58fe-97d3-7f5410f5cf5b,redefines,Actions.sysmlx
606cc349-0126-58fe-97d3-7f5410f5cf5b,36747daf-ca89-570d-abfb-b73771077da0,redefines,Actions.sysmlx
36747daf-ca89-570d-abfb-b73771077da0,20363a60-eb51-5ac4-b3b8-1258f39afdff,contains,Actions.sysmlx
36747daf-ca89-570d-abfb-b73771077da0,20363a60-eb51-5ac4-b3b8-1258f39afdff,typed_by,Actions.sysmlx
20363a60-eb51-5ac4-b3b8-1258f39afdff,36747daf-ca89-570d-abfb-b73771077da0,typed_by,Actions.sysmlx
36747daf-ca89-570d-abfb-b73771077da0,9b074f38-9abc-59c3-ab00-e4ff9b1fc861,contains,Actions.sysmlx
36747daf-ca89-570d-abfb-b73771077da0,9b074f38-9abc-59c3-ab00-e4ff9b1fc861,typed_by,Actions.sysmlx
9b074f38-9abc-59c3-ab00-e4ff9b1fc861,36747daf-ca89-570d-abfb-b73771077da0,typed_by,Actions.sysmlx
36747daf-ca89-570d-abfb-b73771077da0,ad57d8e7-6aaf-5c41-aeae-5c6e2b8b77d6,contains,Actions.sysmlx
36747daf-ca89-570d-abfb-b73771077da0,ad57d8e7-6aaf-5c41-aeae-5c6e2b8b77d6,has_feature,Actions.sysmlx
ad57d8e7-6aaf-5c41-aeae-5c6e2b8b77d6,bd10bc37-4b0d-56ed-b39c-133844dec1c5,contains,Actions.sysmlx
bd10bc37-4b0d-56ed-b39c-133844dec1c5,d1742599-f46c-53c4-baf2-0c9e88f33932,contains,Actions.sysmlx
bd10bc37-4b0d-56ed-b39c-133844dec1c5,d1742599-f46c-53c4-baf2-0c9e88f33932,redefines,Actions.sysmlx
d1742599-f46c-53c4-baf2-0c9e88f33932,bd10bc37-4b0d-56ed-b39c-133844dec1c5,redefines,Actions.sysmlx
bd10bc37-4b0d-56ed-b39c-133844dec1c5,1c792acc-0410-5ec2-9c2b-bcac09a60f4d,contains,Actions.sysmlx
bd10bc37-4b0d-56ed-b39c-133844dec1c5,1c792acc-0410-5ec2-9c2b-bcac09a60f4d,redefines,Actions.sysmlx
1c792acc-0410-5ec2-9c2b-bcac09a60f4d,bd10bc37-4b0d-56ed-b39c-133844dec1c5,redefines,Actions.sysmlx
60005f8a-dbfc-599c-89b6-26ab49420da3,b8b5b573-446c-5805-9a2b-363181bb0191,contains,Actions.sysmlx
60005f8a-dbfc-599c-89b6-26ab49420da3,b8b5b573-446c-5805-9a2b-363181bb0191,owns,Actions.sysmlx
b8b5b573-446c-5805-9a2b-363181bb0191,f2faba86-22b8-5b42-9f3e-9ce3d0e36b0d,contains,Actions.sysmlx
b8b5b573-446c-5805-9a2b-363181bb0191,f2faba86-22b8-5b42-9f3e-9ce3d0e36b0d,has_action,Actions.sysmlx
f2faba86-22b8-5b42-9f3e-9ce3d0e36b0d,41de2795-af30-5ab2-a8b7-1268a1281e55,contains,Actions.sysmlx
f2faba86-22b8-5b42-9f3e-9ce3d0e36b0d,41de2795-af30-5ab2-a8b7-1268a1281e55,typed_by,Actions.sysmlx
41de2795-af30-5ab2-a8b7-1268a1281e55,f2faba86-22b8-5b42-9f3e-9ce3d0e36b0d,typed_by,Actions.sysmlx
f2faba86-22b8-5b42-9f3e-9ce3d0e36b0d,b64dd3f1-c959-5086-a0cd-d00ec6788653,contains,Actions.sysmlx
f2faba86-22b8-5b42-9f3e-9ce3d0e36b0d,b64dd3f1-c959-5086-a0cd-d00ec6788653,owns,Actions.sysmlx
b64dd3f1-c959-5086-a0cd-d00ec6788653,f74f5405-d730-5644-ada9-8de446ab9ced,contains,Actions.sysmlx
f74f5405-d730-5644-ada9-8de446ab9ced,ba3d3fb8-90d3-5d43-8aed-ff91e988a470,contains,Actions.sysmlx
f74f5405-d730-5644-ada9-8de446ab9ced,ba3d3fb8-90d3-5d43-8aed-ff91e988a470,owns,Actions.sysmlx
ba3d3fb8-90d3-5d43-8aed-ff91e988a470,3a87963d-37da-518a-aeb4-8d65033bd0ea,contains,Actions.sysmlx
f74f5405-d730-5644-ada9-8de446ab9ced,82da3bdd-c5ab-56d7-a994-c87d3e99d35c,contains,Actions.sysmlx
f74f5405-d730-5644-ada9-8de446ab9ced,82da3bdd-c5ab-56d7-a994-c87d3e99d35c,owns,Actions.sysmlx
82da3bdd-c5ab-56d7-a994-c87d3e99d35c,d791c9df-f581-5c59-9843-7b4c7e29e6db,contains,Actions.sysmlx
f2faba86-22b8-5b42-9f3e-9ce3d0e36b0d,2d19ee04-9e00-532c-93d4-acef9ddbbcb6,contains,Actions.sysmlx
f2faba86-22b8-5b42-9f3e-9ce3d0e36b0d,2d19ee04-9e00-532c-93d4-acef9ddbbcb6,subsets,Actions.sysmlx
2d19ee04-9e00-532c-93d4-acef9ddbbcb6,0cc065ef-4e93-5aed-a3f3-5e8cbb417021,subsets,Actions.sysmlx
2d19ee04-9e00-532c-93d4-acef9ddbbcb6,f2faba86-22b8-5b42-9f3e-9ce3d0e36b0d,subsets,Actions.sysmlx
f2faba86-22b8-5b42-9f3e-9ce3d0e36b0d,bc61edd2-9065-5839-ad8b-d7be3c1784be,contains,Actions.sysmlx
f2faba86-22b8-5b42-9f3e-9ce3d0e36b0d,bc61edd2-9065-5839-ad8b-d7be3c1784be,subsets,Actions.sysmlx
bc61edd2-9065-5839-ad8b-d7be3c1784be,f2faba86-22b8-5b42-9f3e-9ce3d0e36b0d,subsets,Actions.sysmlx
f2faba86-22b8-5b42-9f3e-9ce3d0e36b0d,8fe4d5f2-0e0b-5c29-8b04-d3cf77e1ed41,contains,Actions.sysmlx
f2faba86-22b8-5b42-9f3e-9ce3d0e36b0d,8fe4d5f2-0e0b-5c29-8b04-d3cf77e1ed41,owns,Actions.sysmlx
8fe4d5f2-0e0b-5c29-8b04-d3cf77e1ed41,45de506e-84c5-5def-a409-a0fc6f1f8c14,contains,Actions.sysmlx
60005f8a-dbfc-599c-89b6-26ab49420da3,587bb8cf-4637-50c3-a1b2-94859cfef2b9,contains,Actions.sysmlx
60005f8a-dbfc-599c-89b6-26ab49420da3,587bb8cf-4637-50c3-a1b2-94859cfef2b9,owns,Actions.sysmlx
587bb8cf-4637-50c3-a1b2-94859cfef2b9,edae48f0-3f6d-581d-acc3-b611a1ca8b8f,contains,Actions.sysmlx
edae48f0-3f6d-581d-acc3-b611a1ca8b8f,234383bf-bcc1-5b45-b04a-42ff7616e3e8,contains,Actions.sysmlx
edae48f0-3f6d-581d-acc3-b611a1ca8b8f,234383bf-bcc1-5b45-b04a-42ff7616e3e8,specializes,Actions.sysmlx
edae48f0-3f6d-581d-acc3-b611a1ca8b8f,7df92bf9-ec48-5ec7-84fa-265281d322dc,contains,Actions.sysmlx
edae48f0-3f6d-581d-acc3-b611a1ca8b8f,7df92bf9-ec48-5ec7-84fa-265281d322dc,specializes,Actions.sysmlx
edae48f0-3f6d-581d-acc3-b611a1ca8b8f,c2a687fa-53ea-509c-a395-d013586adc4e,contains,Actions.sysmlx
edae48f0-3f6d-581d-acc3-b611a1ca8b8f,c2a687fa-53ea-509c-a395-d013586adc4e,owns,Actions.sysmlx
c2a687fa-53ea-509c-a395-d013586adc4e,f6cf9bf5-4a3a-5434-adca-14ee56a8f6b6,contains,Actions.sysmlx
edae48f0-3f6d-581d-acc3-b611a1ca8b8f,98858d88-3938-5175-b27c-c8074e35d281,contains,Actions.sysmlx
edae48f0-3f6d-581d-acc3-b611a1ca8b8f,98858d88-3938-5175-b27c-c8074e35d281,has_feature,Actions.sysmlx
98858d88-3938-5175-b27c-c8074e35d281,780fbe59-dd70-56b5-bbd2-3d2f904daff3,contains,Actions.sysmlx
780fbe59-dd70-56b5-bbd2-3d2f904daff3,819b6115-ea6c-5e5f-8b1f-ff86bdc2b3ca,contains,Actions.sysmlx
780fbe59-dd70-56b5-bbd2-3d2f904daff3,819b6115-ea6c-5e5f-8b1f-ff86bdc2b3ca,redefines,Actions.sysmlx
819b6115-ea6c-5e5f-8b1f-ff86bdc2b3ca,780fbe59-dd70-56b5-bbd2-3d2f904daff3,redefines,Actions.sysmlx
edae48f0-3f6d-581d-acc3-b611a1ca8b8f,f6a1f0a8-ee9b-5198-9f1f-9d0736318cfe,contains,Actions.sysmlx
edae48f0-3f6d-581d-acc3-b611a1ca8b8f,f6a1f0a8-ee9b-5198-9f1f-9d0736318cfe,has_feature,Actions.sysmlx
f6a1f0a8-ee9b-5198-9f1f-9d0736318cfe,0cc74c6c-5ebd-5659-8f7e-28f566628d37,contains,Actions.sysmlx
0cc74c6c-5ebd-5659-8f7e-28f566628d37,9ebdbc0d-f862-5c23-9d25-f4ec6d47bdc7,contains,Actions.sysmlx
0cc74c6c-5ebd-5659-8f7e-28f566628d37,9ebdbc0d-f862-5c23-9d25-f4ec6d47bdc7,redefines,Actions.sysmlx
9ebdbc0d-f862-5c23-9d25-f4ec6d47bdc7,0cc74c6c-5ebd-5659-8f7e-28f566628d37,redefines,Actions.sysmlx
0cc74c6c-5ebd-5659-8f7e-28f566628d37,66db056f-8a4e-57d8-8894-37200cc4540a,contains,Actions.sysmlx
0cc74c6c-5ebd-5659-8f7e-28f566628d37,66db056f-8a4e-57d8-8894-37200cc4540a,typed_by,Actions.sysmlx
66db056f-8a4e-57d8-8894-37200cc4540a,0cc74c6c-5ebd-5659-8f7e-28f566628d37,typed_by,Actions.sysmlx
0cc74c6c-5ebd-5659-8f7e-28f566628d37,9794d790-5745-5260-8400-211a67679125,contains,Actions.sysmlx
0cc74c6c-5ebd-5659-8f7e-28f566628d37,9794d790-5745-5260-8400-211a67679125,typed_by,Actions.sysmlx
9794d790-5745-5260-8400-211a67679125,0cc74c6c-5ebd-5659-8f7e-28f566628d37,typed_by,Actions.sysmlx
0cc74c6c-5ebd-5659-8f7e-28f566628d37,41565792-aa5f-55f1-9f46-0bd41cf07946,contains,Actions.sysmlx
0cc74c6c-5ebd-5659-8f7e-28f566628d37,41565792-aa5f-55f1-9f46-0bd41cf07946,has_feature,Actions.sysmlx
41565792-aa5f-55f1-9f46-0bd41cf07946,018c0683-66b3-5c38-a3d1-368ee41ae77b,contains,Actions.sysmlx
018c0683-66b3-5c38-a3d1-368ee41ae77b,765657ce-0568-55fe-be27-ba397f769851,contains,Actions.sysmlx
018c0683-66b3-5c38-a3d1-368ee41ae77b,765657ce-0568-55fe-be27-ba397f769851,redefines,Actions.sysmlx
765657ce-0568-55fe-be27-ba397f769851,018c0683-66b3-5c38-a3d1-368ee41ae77b,redefines,Actions.sysmlx
018c0683-66b3-5c38-a3d1-368ee41ae77b,91bebbd4-92be-50c9-8c94-4ee7b5843f2a,contains,Actions.sysmlx
018c0683-66b3-5c38-a3d1-368ee41ae77b,91bebbd4-92be-50c9-8c94-4ee7b5843f2a,redefines,Actions.sysmlx
91bebbd4-92be-50c9-8c94-4ee7b5843f2a,018c0683-66b3-5c38-a3d1-368ee41ae77b,redefines,Actions.sysmlx
60005f8a-dbfc-599c-89b6-26ab49420da3,375b4630-6aae-52b6-8f5f-84421cfc3b5e,contains,Actions.sysmlx
60005f8a-dbfc-599c-89b6-26ab49420da3,375b4630-6aae-52b6-8f5f-84421cfc3b5e,owns,Actions.sysmlx
375b4630-6aae-52b6-8f5f-84421cfc3b5e,f0ed0255-bfa2-5997-91bb-f195558e84cc,contains,Actions.sysmlx
f0ed0255-bfa2-5997-91bb-f195558e84cc,9a5b2e04-550c-5678-a476-4f7fbde321ec,contains,Actions.sysmlx
f0ed0255-bfa2-5997-91bb-f195558e84cc,9a5b2e04-550c-5678-a476-4f7fbde321ec,specializes,Actions.sysmlx
f0ed0255-bfa2-5997-91bb-f195558e84cc,ffd0c14a-6dc8-5320-aa40-8414624f2f7d,contains,Actions.sysmlx
f0ed0255-bfa2-5997-91bb-f195558e84cc,ffd0c14a-6dc8-5320-aa40-8414624f2f7d,owns,Actions.sysmlx
ffd0c14a-6dc8-5320-aa40-8414624f2f7d,984ff828-cef7-534a-b197-50f8307c46ea,contains,Actions.sysmlx
f0ed0255-bfa2-5997-91bb-f195558e84cc,f767187c-dad8-58d1-a0bc-ca008456d2f1,contains,Actions.sysmlx
f0ed0255-bfa2-5997-91bb-f195558e84cc,f767187c-dad8-58d1-a0bc-ca008456d2f1,has_feature,Actions.sysmlx
f767187c-dad8-58d1-a0bc-ca008456d2f1,0fbdb22e-cefa-57c2-a157-383acb18d36d,contains,Actions.sysmlx
0fbdb22e-cefa-57c2-a157-383acb18d36d,1b04d4d2-d135-58b8-b3ec-65f0a19942fe,contains,Actions.sysmlx
0fbdb22e-cefa-57c2-a157-383acb18d36d,1b04d4d2-d135-58b8-b3ec-65f0a19942fe,redefines,Actions.sysmlx
1b04d4d2-d135-58b8-b3ec-65f0a19942fe,0fbdb22e-cefa-57c2-a157-383acb18d36d,redefines,Actions.sysmlx
1b04d4d2-d135-58b8-b3ec-65f0a19942fe,0cc74c6c-5ebd-5659-8f7e-28f566628d37,redefines,Actions.sysmlx
0fbdb22e-cefa-57c2-a157-383acb18d36d,8df023f8-3457-5ed2-a04b-c7efd52e9d92,contains,Actions.sysmlx
0fbdb22e-cefa-57c2-a157-383acb18d36d,8df023f8-3457-5ed2-a04b-c7efd52e9d92,has_value,Actions.sysmlx
8df023f8-3457-5ed2-a04b-c7efd52e9d92,f4466254-a8a7-5c5c-ad97-77ed3eb09f11,contains,Actions.sysmlx
8df023f8-3457-5ed2-a04b-c7efd52e9d92,f4466254-a8a7-5c5c-ad97-77ed3eb09f11,chains,Actions.sysmlx
f4466254-a8a7-5c5c-ad97-77ed3eb09f11,f14c3b1b-06b5-5f83-8b1b-f8d567328177,contains,Actions.sysmlx
f4466254-a8a7-5c5c-ad97-77ed3eb09f11,f14c3b1b-06b5-5f83-8b1b-f8d567328177,has_parameter,Actions.sysmlx
f14c3b1b-06b5-5f83-8b1b-f8d567328177,2076e7b0-2902-5505-ba85-2901f2193353,contains,Actions.sysmlx
2076e7b0-2902-5505-ba85-2901f2193353,19b02baa-561c-522b-8e49-260fe6c18305,contains,Actions.sysmlx
2076e7b0-2902-5505-ba85-2901f2193353,19b02baa-561c-522b-8e49-260fe6c18305,has_value,Actions.sysmlx
19b02baa-561c-522b-8e49-260fe6c18305,8b5865b8-81a1-5309-b446-ecd4bc024770,contains,Actions.sysmlx
19b02baa-561c-522b-8e49-260fe6c18305,8b5865b8-81a1-5309-b446-ecd4bc024770,references,Actions.sysmlx
8b5865b8-81a1-5309-b446-ecd4bc024770,01a1eb3d-9928-5cc3-b266-4ecf8bb1583b,contains,Actions.sysmlx
8b5865b8-81a1-5309-b446-ecd4bc024770,01a1eb3d-9928-5cc3-b266-4ecf8bb1583b,has_member,Actions.sysmlx
01a1eb3d-9928-5cc3-b266-4ecf8bb1583b,79b0159f-acf6-577c-b27b-80373769a05e,has_member,Actions.sysmlx
8b5865b8-81a1-5309-b446-ecd4bc024770,453a7c09-7e2f-5f7b-a5a3-376c52d79922,contains,Actions.sysmlx
8b5865b8-81a1-5309-b446-ecd4bc024770,453a7c09-7e2f-5f7b-a5a3-376c52d79922,has_return_parameter,Actions.sysmlx
453a7c09-7e2f-5f7b-a5a3-376c52d79922,79f09597-3fa9-50d3-a366-242f0bbbb55a,contains,Actions.sysmlx
2076e7b0-2902-5505-ba85-2901f2193353,87142465-7feb-539e-9a69-127e1341963c,contains,Actions.sysmlx
2076e7b0-2902-5505-ba85-2901f2193353,87142465-7feb-539e-9a69-127e1341963c,has_feature,Actions.sysmlx
87142465-7feb-539e-9a69-127e1341963c,9ce076e7-3940-5bf9-925a-5143adbd449a,contains,Actions.sysmlx
f4466254-a8a7-5c5c-ad97-77ed3eb09f11,21ee8c46-84d8-544f-b521-55f9dda899ca,contains,Actions.sysmlx
f4466254-a8a7-5c5c-ad97-77ed3eb09f11,21ee8c46-84d8-544f-b521-55f9dda899ca,owns,Actions.sysmlx
21ee8c46-84d8-544f-b521-55f9dda899ca,6292386f-8b30-5880-b6d0-ab68f8483516,contains,Actions.sysmlx
6292386f-8b30-5880-b6d0-ab68f8483516,981db622-76d9-52e5-9565-b83fac9cdb42,contains,Actions.sysmlx
6292386f-8b30-5880-b6d0-ab68f8483516,981db622-76d9-52e5-9565-b83fac9cdb42,chains,Actions.sysmlx
981db622-76d9-52e5-9565-b83fac9cdb42,3947d2d3-a4c4-5736-bdc0-1ac7b696e61a,has_feature,Actions.sysmlx
6292386f-8b30-5880-b6d0-ab68f8483516,a2b399c1-bbac-5976-9bb9-3d73855b2e24,contains,Actions.sysmlx
6292386f-8b30-5880-b6d0-ab68f8483516,a2b399c1-bbac-5976-9bb9-3d73855b2e24,chains,Actions.sysmlx
a2b399c1-bbac-5976-9bb9-3d73855b2e24,03407f60-eb51-55e4-8dc8-c8f76a684e9e,has_feature,Actions.sysmlx
6292386f-8b30-5880-b6d0-ab68f8483516,64dd0267-4238-516b-bdff-f70691609e0c,contains,Actions.sysmlx
6292386f-8b30-5880-b6d0-ab68f8483516,64dd0267-4238-516b-bdff-f70691609e0c,chains,Actions.sysmlx
64dd0267-4238-516b-bdff-f70691609e0c,0cc74c6c-5ebd-5659-8f7e-28f566628d37,has_feature,Actions.sysmlx
f4466254-a8a7-5c5c-ad97-77ed3eb09f11,86445c6f-e330-56c6-aa0f-a498cc8b47fe,contains,Actions.sysmlx
f4466254-a8a7-5c5c-ad97-77ed3eb09f11,86445c6f-e330-56c6-aa0f-a498cc8b47fe,has_return_parameter,Actions.sysmlx
86445c6f-e330-56c6-aa0f-a498cc8b47fe,1c6d5100-401c-5902-8d6b-867507baabcd,contains,Actions.sysmlx
f0ed0255-bfa2-5997-91bb-f195558e84cc,d04ee0d9-c15d-5799-91d3-32b56ce0875a,contains,Actions.sysmlx
f0ed0255-bfa2-5997-91bb-f195558e84cc,d04ee0d9-c15d-5799-91d3-32b56ce0875a,has_feature,Actions.sysmlx
d04ee0d9-c15d-5799-91d3-32b56ce0875a,79b0159f-acf6-577c-b27b-80373769a05e,contains,Actions.sysmlx
d04ee0d9-c15d-5799-91d3-32b56ce0875a,79b0159f-acf6-577c-b27b-80373769a05e,has_state,Actions.sysmlx
79b0159f-acf6-577c-b27b-80373769a05e,369394bd-1465-5320-b909-07ecc2fe5735,contains,Actions.sysmlx
79b0159f-acf6-577c-b27b-80373769a05e,369394bd-1465-5320-b909-07ecc2fe5735,has_feature,Actions.sysmlx
369394bd-1465-5320-b909-07ecc2fe5735,3947d2d3-a4c4-5736-bdc0-1ac7b696e61a,contains,Actions.sysmlx
369394bd-1465-5320-b909-07ecc2fe5735,3947d2d3-a4c4-5736-bdc0-1ac7b696e61a,has_transition,Actions.sysmlx
3947d2d3-a4c4-5736-bdc0-1ac7b696e61a,08ec4163-7099-5920-9cc6-ca92872df28d,contains,Actions.sysmlx
3947d2d3-a4c4-5736-bdc0-1ac7b696e61a,08ec4163-7099-5920-9cc6-ca92872df28d,has_member,Actions.sysmlx
3947d2d3-a4c4-5736-bdc0-1ac7b696e61a,348d3aa6-e7ac-5004-9c07-2ef2f5e33e5f,contains,Actions.sysmlx
3947d2d3-a4c4-5736-bdc0-1ac7b696e61a,348d3aa6-e7ac-5004-9c07-2ef2f5e33e5f,has_parameter,Actions.sysmlx
348d3aa6-e7ac-5004-9c07-2ef2f5e33e5f,6cff4c6b-2647-56d6-aa6f-00a44a064d4b,contains,Actions.sysmlx
3947d2d3-a4c4-5736-bdc0-1ac7b696e61a,1f39d882-239b-5bdf-beb6-1b5fedde664d,contains,Actions.sysmlx
3947d2d3-a4c4-5736-bdc0-1ac7b696e61a,1f39d882-239b-5bdf-beb6-1b5fedde664d,has_parameter,Actions.sysmlx
1f39d882-239b-5bdf-beb6-1b5fedde664d,e5c34302-378c-5995-a6e3-443bb92bb661,contains,Actions.sysmlx
3947d2d3-a4c4-5736-bdc0-1ac7b696e61a,f39ab5e1-baf7-57b3-8de3-e50f4ed8d6eb,contains,Actions.sysmlx
f39ab5e1-baf7-57b3-8de3-e50f4ed8d6eb,03407f60-eb51-55e4-8dc8-c8f76a684e9e,contains,Actions.sysmlx
f39ab5e1-baf7-57b3-8de3-e50f4ed8d6eb,03407f60-eb51-55e4-8dc8-c8f76a684e9e,has_accept_action,Actions.sysmlx
03407f60-eb51-55e4-8dc8-c8f76a684e9e,204460ab-b5f8-5aa7-b5cd-3bd4a9c498ec,contains,Actions.sysmlx
03407f60-eb51-55e4-8dc8-c8f76a684e9e,204460ab-b5f8-5aa7-b5cd-3bd4a9c498ec,has_parameter,Actions.sysmlx
204460ab-b5f8-5aa7-b5cd-3bd4a9c498ec,1ad293f4-befa-542a-ae51-bf05ca220fc8,contains,Actions.sysmlx
1ad293f4-befa-542a-ae51-bf05ca220fc8,b29c535a-9e70-5053-852f-003d8f0e514a,contains,Actions.sysmlx
1ad293f4-befa-542a-ae51-bf05ca220fc8,b29c535a-9e70-5053-852f-003d8f0e514a,typed_by,Actions.sysmlx
b29c535a-9e70-5053-852f-003d8f0e514a,1ad293f4-befa-542a-ae51-bf05ca220fc8,typed_by,Actions.sysmlx
03407f60-eb51-55e4-8dc8-c8f76a684e9e,8fdfb1b9-3809-598e-b131-62f7efee70be,contains,Actions.sysmlx
03407f60-eb51-55e4-8dc8-c8f76a684e9e,8fdfb1b9-3809-598e-b131-62f7efee70be,has_parameter,Actions.sysmlx
8fdfb1b9-3809-598e-b131-62f7efee70be,9df7cc94-240f-558d-a2b8-b2c418de58c7,contains,Actions.sysmlx
9df7cc94-240f-558d-a2b8-b2c418de58c7,530befc4-88f0-5c64-923a-6439543b271d,contains,Actions.sysmlx
9df7cc94-240f-558d-a2b8-b2c418de58c7,530befc4-88f0-5c64-923a-6439543b271d,has_value,Actions.sysmlx
530befc4-88f0-5c64-923a-6439543b271d,a3cb185b-37e1-54e8-99d6-7f749cc77732,contains,Actions.sysmlx
530befc4-88f0-5c64-923a-6439543b271d,a3cb185b-37e1-54e8-99d6-7f749cc77732,references,Actions.sysmlx
a3cb185b-37e1-54e8-99d6-7f749cc77732,a3320b04-33ae-54d6-a155-6212201f8dfb,contains,Actions.sysmlx
a3cb185b-37e1-54e8-99d6-7f749cc77732,a3320b04-33ae-54d6-a155-6212201f8dfb,has_member,Actions.sysmlx
a3320b04-33ae-54d6-a155-6212201f8dfb,9df7cc94-240f-558d-a2b8-b2c418de58c7,has_member,Actions.sysmlx
a3cb185b-37e1-54e8-99d6-7f749cc77732,c78fb0a3-e569-5beb-af49-f5eafda39341,contains,Actions.sysmlx
a3cb185b-37e1-54e8-99d6-7f749cc77732,c78fb0a3-e569-5beb-af49-f5eafda39341,has_return_parameter,Actions.sysmlx
c78fb0a3-e569-5beb-af49-f5eafda39341,b64d73b0-ee08-5d02-b9a0-0c8d88a117d2,contains,Actions.sysmlx
3947d2d3-a4c4-5736-bdc0-1ac7b696e61a,2ef72b7f-37d6-588d-8e6d-6621b9fc8286,contains,Actions.sysmlx
3947d2d3-a4c4-5736-bdc0-1ac7b696e61a,2ef72b7f-37d6-588d-8e6d-6621b9fc8286,owns,Actions.sysmlx
2ef72b7f-37d6-588d-8e6d-6621b9fc8286,f48abcae-76ea-5805-9210-ec4571dd0285,contains,Actions.sysmlx
2ef72b7f-37d6-588d-8e6d-6621b9fc8286,f48abcae-76ea-5805-9210-ec4571dd0285,precedes,Actions.sysmlx
f48abcae-76ea-5805-9210-ec4571dd0285,8ad4867f-8376-55db-ba14-d0540220bf3c,contains,Actions.sysmlx
f48abcae-76ea-5805-9210-ec4571dd0285,8ad4867f-8376-55db-ba14-d0540220bf3c,has_end,Actions.sysmlx
8ad4867f-8376-55db-ba14-d0540220bf3c,628fe57f-8dbb-59b0-abda-d5b4756ae143,contains,Actions.sysmlx
628fe57f-8dbb-59b0-abda-d5b4756ae143,acbebbb6-d7c7-50c1-bd79-90424b396240,contains,Actions.sysmlx
628fe57f-8dbb-59b0-abda-d5b4756ae143,acbebbb6-d7c7-50c1-bd79-90424b396240,owns,Actions.sysmlx
acbebbb6-d7c7-50c1-bd79-90424b396240,697cce01-bbe5-5d48-acb1-b9d62be40766,contains,Actions.sysmlx
f48abcae-76ea-5805-9210-ec4571dd0285,514b5a56-5dab-592e-aed1-62760d60da0b,contains,Actions.sysmlx
f48abcae-76ea-5805-9210-ec4571dd0285,514b5a56-5dab-592e-aed1-62760d60da0b,has_end,Actions.sysmlx
514b5a56-5dab-592e-aed1-62760d60da0b,58d00976-6dc5-514c-bb41-e677e3001d5e,contains,Actions.sysmlx
58d00976-6dc5-514c-bb41-e677e3001d5e,4e0f7d0c-5044-5bbe-a293-453d8089da2d,contains,Actions.sysmlx
58d00976-6dc5-514c-bb41-e677e3001d5e,4e0f7d0c-5044-5bbe-a293-453d8089da2d,subsets,Actions.sysmlx
58d00976-6dc5-514c-bb41-e677e3001d5e,40bb8750-1bd8-5d9a-892d-6cd796b524f6,contains,Actions.sysmlx
58d00976-6dc5-514c-bb41-e677e3001d5e,40bb8750-1bd8-5d9a-892d-6cd796b524f6,owns,Actions.sysmlx
40bb8750-1bd8-5d9a-892d-6cd796b524f6,283ea249-b9ca-58b6-b076-1f7483eaef51,contains,Actions.sysmlx
3947d2d3-a4c4-5736-bdc0-1ac7b696e61a,859f4d2a-d2aa-53ff-ba76-62329c5ed76c,contains,Actions.sysmlx
3947d2d3-a4c4-5736-bdc0-1ac7b696e61a,859f4d2a-d2aa-53ff-ba76-62329c5ed76c,has_feature,Actions.sysmlx
859f4d2a-d2aa-53ff-ba76-62329c5ed76c,0efd6561-d125-5ab5-952e-69127962e9df,contains,Actions.sysmlx
f0ed0255-bfa2-5997-91bb-f195558e84cc,55a328e0-ccbe-58c2-8474-95718ca64754,contains,Actions.sysmlx
f0ed0255-bfa2-5997-91bb-f195558e84cc,55a328e0-ccbe-58c2-8474-95718ca64754,has_feature,Actions.sysmlx
55a328e0-ccbe-58c2-8474-95718ca64754,fe1f139d-dde2-5eca-93ff-744a4b328b5c,contains,Actions.sysmlx
55a328e0-ccbe-58c2-8474-95718ca64754,fe1f139d-dde2-5eca-93ff-744a4b328b5c,connects,Actions.sysmlx
fe1f139d-dde2-5eca-93ff-744a4b328b5c,85e6838e-4d6b-5ca6-b6fa-1c4554492fff,contains,Actions.sysmlx
fe1f139d-dde2-5eca-93ff-744a4b328b5c,85e6838e-4d6b-5ca6-b6fa-1c4554492fff,has_end,Actions.sysmlx
85e6838e-4d6b-5ca6-b6fa-1c4554492fff,8bc5f523-8b89-56c7-b431-2e6bab94fd9f,contains,Actions.sysmlx
8bc5f523-8b89-56c7-b431-2e6bab94fd9f,b4445d4b-69a8-5cf4-ba60-78da03643808,contains,Actions.sysmlx
8bc5f523-8b89-56c7-b431-2e6bab94fd9f,b4445d4b-69a8-5cf4-ba60-78da03643808,subsets,Actions.sysmlx
b4445d4b-69a8-5cf4-ba60-78da03643808,780fbe59-dd70-56b5-bbd2-3d2f904daff3,has_feature,Actions.sysmlx
8bc5f523-8b89-56c7-b431-2e6bab94fd9f,d615433a-d52c-5fb1-a11f-09b2cdac5b6d,contains,Actions.sysmlx
8bc5f523-8b89-56c7-b431-2e6bab94fd9f,d615433a-d52c-5fb1-a11f-09b2cdac5b6d,owns,Actions.sysmlx
d615433a-d52c-5fb1-a11f-09b2cdac5b6d,ce44a921-2075-5818-aded-ab37b7595c53,contains,Actions.sysmlx
fe1f139d-dde2-5eca-93ff-744a4b328b5c,d340ad1e-2c0d-5ca1-a303-5b544cf90757,contains,Actions.sysmlx
fe1f139d-dde2-5eca-93ff-744a4b328b5c,d340ad1e-2c0d-5ca1-a303-5b544cf90757,has_end,Actions.sysmlx
d340ad1e-2c0d-5ca1-a303-5b544cf90757,f136ad53-fb5b-5ec3-8861-e6841c5fc6d8,contains,Actions.sysmlx
f136ad53-fb5b-5ec3-8861-e6841c5fc6d8,cb530a48-5140-555f-8cfb-f551a517ea67,contains,Actions.sysmlx
f136ad53-fb5b-5ec3-8861-e6841c5fc6d8,cb530a48-5140-555f-8cfb-f551a517ea67,subsets,Actions.sysmlx
cb530a48-5140-555f-8cfb-f551a517ea67,fb422c40-0978-57a5-aab4-bb7eb9d37349,has_feature,Actions.sysmlx
cb530a48-5140-555f-8cfb-f551a517ea67,fb422c40-0978-57a5-aab4-bb7eb9d37349,contains,Actions.sysmlx
fb422c40-0978-57a5-aab4-bb7eb9d37349,2d86f0b7-4917-53ec-8aa0-08f4eaa68e1f,contains,Actions.sysmlx
fb422c40-0978-57a5-aab4-bb7eb9d37349,2d86f0b7-4917-53ec-8aa0-08f4eaa68e1f,chains,Actions.sysmlx
2d86f0b7-4917-53ec-8aa0-08f4eaa68e1f,79b0159f-acf6-577c-b27b-80373769a05e,has_feature,Actions.sysmlx
fb422c40-0978-57a5-aab4-bb7eb9d37349,9141fbb4-ed95-590d-a9d3-d8e2eb202604,contains,Actions.sysmlx
fb422c40-0978-57a5-aab4-bb7eb9d37349,9141fbb4-ed95-590d-a9d3-d8e2eb202604,chains,Actions.sysmlx
9141fbb4-ed95-590d-a9d3-d8e2eb202604,3947d2d3-a4c4-5736-bdc0-1ac7b696e61a,has_feature,Actions.sysmlx
fb422c40-0978-57a5-aab4-bb7eb9d37349,8b090783-0795-5d80-af2d-d8a105d95793,contains,Actions.sysmlx
fb422c40-0978-57a5-aab4-bb7eb9d37349,8b090783-0795-5d80-af2d-d8a105d95793,chains,Actions.sysmlx
8b090783-0795-5d80-af2d-d8a105d95793,e5c34302-378c-5995-a6e3-443bb92bb661,has_feature,Actions.sysmlx
f136ad53-fb5b-5ec3-8861-e6841c5fc6d8,f8ad2cd2-9a1f-5dff-b4e6-51851fd75af9,contains,Actions.sysmlx
f136ad53-fb5b-5ec3-8861-e6841c5fc6d8,f8ad2cd2-9a1f-5dff-b4e6-51851fd75af9,owns,Actions.sysmlx
f8ad2cd2-9a1f-5dff-b4e6-51851fd75af9,fba031bf-c849-5914-9515-fc4d0fc26565,contains,Actions.sysmlx
60005f8a-dbfc-599c-89b6-26ab49420da3,ab5b740e-0cac-5368-9d38-4151d6f2086c,contains,Actions.sysmlx
60005f8a-dbfc-599c-89b6-26ab49420da3,ab5b740e-0cac-5368-9d38-4151d6f2086c,owns,Actions.sysmlx
ab5b740e-0cac-5368-9d38-4151d6f2086c,7a441137-6036-55c3-8112-b1404ad90a5f,contains,Actions.sysmlx
ab5b740e-0cac-5368-9d38-4151d6f2086c,7a441137-6036-55c3-8112-b1404ad90a5f,has_action,Actions.sysmlx
7a441137-6036-55c3-8112-b1404ad90a5f,4d59c665-a78a-5041-a6bb-c729b43adf74,contains,Actions.sysmlx
7a441137-6036-55c3-8112-b1404ad90a5f,4d59c665-a78a-5041-a6bb-c729b43adf74,typed_by,Actions.sysmlx
4d59c665-a78a-5041-a6bb-c729b43adf74,7a441137-6036-55c3-8112-b1404ad90a5f,typed_by,Actions.sysmlx
7a441137-6036-55c3-8112-b1404ad90a5f,0fa2e720-c7c1-5759-9a15-acc10ec1cbf7,contains,Actions.sysmlx
7a441137-6036-55c3-8112-b1404ad90a5f,0fa2e720-c7c1-5759-9a15-acc10ec1cbf7,owns,Actions.sysmlx
0fa2e720-c7c1-5759-9a15-acc10ec1cbf7,d4f95d7d-11fc-5498-b2c2-29fba90bd5cd,contains,Actions.sysmlx
d4f95d7d-11fc-5498-b2c2-29fba90bd5cd,8b349287-083c-587c-98d7-d626fa1d53c6,contains,Actions.sysmlx
d4f95d7d-11fc-5498-b2c2-29fba90bd5cd,8b349287-083c-587c-98d7-d626fa1d53c6,owns,Actions.sysmlx
8b349287-083c-587c-98d7-d626fa1d53c6,5803421b-a35b-55aa-9b84-f627e0c1be2c,contains,Actions.sysmlx
d4f95d7d-11fc-5498-b2c2-29fba90bd5cd,6ec83b3a-d204-5870-bca3-c9644c9df4b4,contains,Actions.sysmlx
d4f95d7d-11fc-5498-b2c2-29fba90bd5cd,6ec83b3a-d204-5870-bca3-c9644c9df4b4,owns,Actions.sysmlx
6ec83b3a-d204-5870-bca3-c9644c9df4b4,43ffaa5f-7844-5fc5-a6df-424704097998,contains,Actions.sysmlx
7a441137-6036-55c3-8112-b1404ad90a5f,8ccaa19e-3ce7-5d1a-9852-494fd12d1004,contains,Actions.sysmlx
7a441137-6036-55c3-8112-b1404ad90a5f,8ccaa19e-3ce7-5d1a-9852-494fd12d1004,subsets,Actions.sysmlx
8ccaa19e-3ce7-5d1a-9852-494fd12d1004,0cc065ef-4e93-5aed-a3f3-5e8cbb417021,subsets,Actions.sysmlx
8ccaa19e-3ce7-5d1a-9852-494fd12d1004,7a441137-6036-55c3-8112-b1404ad90a5f,subsets,Actions.sysmlx
7a441137-6036-55c3-8112-b1404ad90a5f,a8d7a886-a7ea-51a9-86aa-77a41dc72247,contains,Actions.sysmlx
7a441137-6036-55c3-8112-b1404ad90a5f,a8d7a886-a7ea-51a9-86aa-77a41dc72247,subsets,Actions.sysmlx
a8d7a886-a7ea-51a9-86aa-77a41dc72247,7a441137-6036-55c3-8112-b1404ad90a5f,subsets,Actions.sysmlx
7a441137-6036-55c3-8112-b1404ad90a5f,5bfc8467-ffcb-5d16-965b-d17e10e4b196,contains,Actions.sysmlx
7a441137-6036-55c3-8112-b1404ad90a5f,5bfc8467-ffcb-5d16-965b-d17e10e4b196,owns,Actions.sysmlx
5bfc8467-ffcb-5d16-965b-d17e10e4b196,7bccfbd3-e669-5c4a-8407-ba74ad2d826e,contains,Actions.sysmlx
60005f8a-dbfc-599c-89b6-26ab49420da3,1f416d23-a19d-5ea4-97d4-0948dab16186,contains,Actions.sysmlx
60005f8a-dbfc-599c-89b6-26ab49420da3,1f416d23-a19d-5ea4-97d4-0948dab16186,owns,Actions.sysmlx
1f416d23-a19d-5ea4-97d4-0948dab16186,2e957915-c5c6-50e2-906c-f71f8623f20b,contains,Actions.sysmlx
2e957915-c5c6-50e2-906c-f71f8623f20b,b968f8f1-5c5a-5651-b042-3e89e414379f,contains,Actions.sysmlx
2e957915-c5c6-50e2-906c-f71f8623f20b,b968f8f1-5c5a-5651-b042-3e89e414379f,specializes,Actions.sysmlx
2e957915-c5c6-50e2-906c-f71f8623f20b,f338e095-7603-531b-9542-75d3c0c52399,contains,Actions.sysmlx
2e957915-c5c6-50e2-906c-f71f8623f20b,f338e095-7603-531b-9542-75d3c0c52399,owns,Actions.sysmlx
f338e095-7603-531b-9542-75d3c0c52399,c2d3b82d-e6de-5e0b-b2e0-83793bb920c0,contains,Actions.sysmlx
2e957915-c5c6-50e2-906c-f71f8623f20b,cb235b29-790b-5e55-bc62-999a98ba3110,contains,Actions.sysmlx
2e957915-c5c6-50e2-906c-f71f8623f20b,cb235b29-790b-5e55-bc62-999a98ba3110,has_feature,Actions.sysmlx
cb235b29-790b-5e55-bc62-999a98ba3110,3ad70fce-d442-5718-916f-1dc39ab1fc61,contains,Actions.sysmlx
cb235b29-790b-5e55-bc62-999a98ba3110,3ad70fce-d442-5718-916f-1dc39ab1fc61,has_occurrence,Actions.sysmlx
3ad70fce-d442-5718-916f-1dc39ab1fc61,25ef4a17-0c16-578f-b127-b32a26810c21,contains,Actions.sysmlx
3ad70fce-d442-5718-916f-1dc39ab1fc61,25ef4a17-0c16-578f-b127-b32a26810c21,owns,Actions.sysmlx
25ef4a17-0c16-578f-b127-b32a26810c21,3ed9c622-5c20-56e8-bdb0-e77670ddf6c8,contains,Actions.sysmlx
3ed9c622-5c20-56e8-bdb0-e77670ddf6c8,652dde62-5631-5219-ac40-2ce47704bc91,contains,Actions.sysmlx
3ed9c622-5c20-56e8-bdb0-e77670ddf6c8,652dde62-5631-5219-ac40-2ce47704bc91,owns,Actions.sysmlx
652dde62-5631-5219-ac40-2ce47704bc91,66d157d3-85c9-5276-820c-4956f109f9c3,contains,Actions.sysmlx
3ad70fce-d442-5718-916f-1dc39ab1fc61,d75d7639-e18f-5a93-bb9e-da9501333eb3,contains,Actions.sysmlx
3ad70fce-d442-5718-916f-1dc39ab1fc61,d75d7639-e18f-5a93-bb9e-da9501333eb3,owns,Actions.sysmlx
d75d7639-e18f-5a93-bb9e-da9501333eb3,9fe5cd27-2523-57ff-a806-a0eb28d09581,contains,Actions.sysmlx
2e957915-c5c6-50e2-906c-f71f8623f20b,e77cb955-2b6a-5bbe-aef5-df0fd5a96848,contains,Actions.sysmlx
2e957915-c5c6-50e2-906c-f71f8623f20b,e77cb955-2b6a-5bbe-aef5-df0fd5a96848,has_feature,Actions.sysmlx
e77cb955-2b6a-5bbe-aef5-df0fd5a96848,340446dd-81dc-5089-9369-9ee7a9ae6499,contains,Actions.sysmlx
e77cb955-2b6a-5bbe-aef5-df0fd5a96848,340446dd-81dc-5089-9369-9ee7a9ae6499,has_action,Actions.sysmlx
340446dd-81dc-5089-9369-9ee7a9ae6499,758b9b05-eec0-5d2a-83fc-64be50349ed7,contains,Actions.sysmlx
340446dd-81dc-5089-9369-9ee7a9ae6499,758b9b05-eec0-5d2a-83fc-64be50349ed7,typed_by,Actions.sysmlx
758b9b05-eec0-5d2a-83fc-64be50349ed7,340446dd-81dc-5089-9369-9ee7a9ae6499,typed_by,Actions.sysmlx
340446dd-81dc-5089-9369-9ee7a9ae6499,0d087107-b721-5419-bd87-263936fca943,contains,Actions.sysmlx
340446dd-81dc-5089-9369-9ee7a9ae6499,0d087107-b721-5419-bd87-263936fca943,owns,Actions.sysmlx
0d087107-b721-5419-bd87-263936fca943,ab089277-91a9-5fc6-b43a-95b48c3ed143,contains,Actions.sysmlx
ab089277-91a9-5fc6-b43a-95b48c3ed143,d5d7dc1d-dd76-5876-b0cc-0ffa86b3c3d6,contains,Actions.sysmlx
ab089277-91a9-5fc6-b43a-95b48c3ed143,d5d7dc1d-dd76-5876-b0cc-0ffa86b3c3d6,owns,Actions.sysmlx
d5d7dc1d-dd76-5876-b0cc-0ffa86b3c3d6,1efc0d5c-428c-522a-80ae-cf0ccf822507,contains,Actions.sysmlx
340446dd-81dc-5089-9369-9ee7a9ae6499,e7043259-e607-57e3-98c6-511139c59bb2,contains,Actions.sysmlx
340446dd-81dc-5089-9369-9ee7a9ae6499,e7043259-e607-57e3-98c6-511139c59bb2,has_feature,Actions.sysmlx
e7043259-e607-57e3-98c6-511139c59bb2,f687bbf1-7e2a-563c-a937-add100a95d34,contains,Actions.sysmlx
f687bbf1-7e2a-563c-a937-add100a95d34,75fd4576-f3f0-5696-a512-fe7f60af1186,contains,Actions.sysmlx
f687bbf1-7e2a-563c-a937-add100a95d34,75fd4576-f3f0-5696-a512-fe7f60af1186,has_value,Actions.sysmlx
75fd4576-f3f0-5696-a512-fe7f60af1186,5f13831e-2eab-5380-b8a8-3967555d780d,contains,Actions.sysmlx
75fd4576-f3f0-5696-a512-fe7f60af1186,5f13831e-2eab-5380-b8a8-3967555d780d,references,Actions.sysmlx
5f13831e-2eab-5380-b8a8-3967555d780d,2bd480f6-f7f8-5f2f-89fd-3cfdf79489c1,contains,Actions.sysmlx
5f13831e-2eab-5380-b8a8-3967555d780d,2bd480f6-f7f8-5f2f-89fd-3cfdf79489c1,has_member,Actions.sysmlx
2bd480f6-f7f8-5f2f-89fd-3cfdf79489c1,3ad70fce-d442-5718-916f-1dc39ab1fc61,has_member,Actions.sysmlx
5f13831e-2eab-5380-b8a8-3967555d780d,87eee632-152e-5b18-97e8-94a921bc7506,contains,Actions.sysmlx
5f13831e-2eab-5380-b8a8-3967555d780d,87eee632-152e-5b18-97e8-94a921bc7506,has_return_parameter,Actions.sysmlx
87eee632-152e-5b18-97e8-94a921bc7506,b792e08b-b9c2-5125-991a-955350b7e134,contains,Actions.sysmlx
60005f8a-dbfc-599c-89b6-26ab49420da3,ca1e3a20-de2c-57dc-829b-3f827d9f9a4c,contains,Actions.sysmlx
60005f8a-dbfc-599c-89b6-26ab49420da3,ca1e3a20-de2c-57dc-829b-3f827d9f9a4c,owns,Actions.sysmlx
ca1e3a20-de2c-57dc-829b-3f827d9f9a4c,c7420de7-49ac-59b8-8ddb-65ca89bc7898,contains,Actions.sysmlx
ca1e3a20-de2c-57dc-829b-3f827d9f9a4c,c7420de7-49ac-59b8-8ddb-65ca89bc7898,has_action,Actions.sysmlx
c7420de7-49ac-59b8-8ddb-65ca89bc7898,66ba5eee-7cbb-5b3f-85aa-382ffcdcc383,contains,Actions.sysmlx
c7420de7-49ac-59b8-8ddb-65ca89bc7898,66ba5eee-7cbb-5b3f-85aa-382ffcdcc383,typed_by,Actions.sysmlx
66ba5eee-7cbb-5b3f-85aa-382ffcdcc383,c7420de7-49ac-59b8-8ddb-65ca89bc7898,typed_by,Actions.sysmlx
c7420de7-49ac-59b8-8ddb-65ca89bc7898,4b04798d-3067-5049-9397-d01f110680aa,contains,Actions.sysmlx
c7420de7-49ac-59b8-8ddb-65ca89bc7898,4b04798d-3067-5049-9397-d01f110680aa,owns,Actions.sysmlx
4b04798d-3067-5049-9397-d01f110680aa,d4277840-a54e-5689-a35e-824b6fe0d7c8,contains,Actions.sysmlx
d4277840-a54e-5689-a35e-824b6fe0d7c8,fcc2368b-f0e9-5e5b-90eb-901f7f73d457,contains,Actions.sysmlx
d4277840-a54e-5689-a35e-824b6fe0d7c8,fcc2368b-f0e9-5e5b-90eb-901f7f73d457,owns,Actions.sysmlx
fcc2368b-f0e9-5e5b-90eb-901f7f73d457,84c7f4fc-a917-55f4-a929-27c508ffb8ae,contains,Actions.sysmlx
d4277840-a54e-5689-a35e-824b6fe0d7c8,3f988a7f-c1c7-5f26-86e7-e3a42dbea2eb,contains,Actions.sysmlx
d4277840-a54e-5689-a35e-824b6fe0d7c8,3f988a7f-c1c7-5f26-86e7-e3a42dbea2eb,owns,Actions.sysmlx
3f988a7f-c1c7-5f26-86e7-e3a42dbea2eb,a6ac6fce-5672-5129-b45b-b7c4377423dc,contains,Actions.sysmlx
c7420de7-49ac-59b8-8ddb-65ca89bc7898,961dbade-ef2f-5158-9b67-dea683be607a,contains,Actions.sysmlx
c7420de7-49ac-59b8-8ddb-65ca89bc7898,961dbade-ef2f-5158-9b67-dea683be607a,subsets,Actions.sysmlx
961dbade-ef2f-5158-9b67-dea683be607a,0cc065ef-4e93-5aed-a3f3-5e8cbb417021,subsets,Actions.sysmlx
961dbade-ef2f-5158-9b67-dea683be607a,c7420de7-49ac-59b8-8ddb-65ca89bc7898,subsets,Actions.sysmlx
c7420de7-49ac-59b8-8ddb-65ca89bc7898,55b04ce2-0d9d-55ff-a536-410e66c37974,contains,Actions.sysmlx
c7420de7-49ac-59b8-8ddb-65ca89bc7898,55b04ce2-0d9d-55ff-a536-410e66c37974,owns,Actions.sysmlx
55b04ce2-0d9d-55ff-a536-410e66c37974,28179ef1-ec1c-58d7-8a02-44239b56c469,contains,Actions.sysmlx
c7420de7-49ac-59b8-8ddb-65ca89bc7898,7f728d2f-987b-5569-ba0c-3ac5bbf4380e,contains,Actions.sysmlx
c7420de7-49ac-59b8-8ddb-65ca89bc7898,7f728d2f-987b-5569-ba0c-3ac5bbf4380e,has_feature,Actions.sysmlx
7f728d2f-987b-5569-ba0c-3ac5bbf4380e,b1b769d4-59f2-593a-9acc-fe021b921f5b,contains,Actions.sysmlx
7f728d2f-987b-5569-ba0c-3ac5bbf4380e,b1b769d4-59f2-593a-9acc-fe021b921f5b,has_occurrence,Actions.sysmlx
b1b769d4-59f2-593a-9acc-fe021b921f5b,783b4fc4-7d21-5fc1-a804-30542abf4f2c,contains,Actions.sysmlx
b1b769d4-59f2-593a-9acc-fe021b921f5b,783b4fc4-7d21-5fc1-a804-30542abf4f2c,has_value,Actions.sysmlx
783b4fc4-7d21-5fc1-a804-30542abf4f2c,b317cb8f-c6c0-5ae5-8312-7044a5a9f44d,contains,Actions.sysmlx
783b4fc4-7d21-5fc1-a804-30542abf4f2c,b317cb8f-c6c0-5ae5-8312-7044a5a9f44d,has_operator,Actions.sysmlx
b317cb8f-c6c0-5ae5-8312-7044a5a9f44d,c192b919-553a-5628-8f11-d15fb8c222a1,contains,Actions.sysmlx
b317cb8f-c6c0-5ae5-8312-7044a5a9f44d,c192b919-553a-5628-8f11-d15fb8c222a1,has_parameter,Actions.sysmlx
c192b919-553a-5628-8f11-d15fb8c222a1,548e63b8-9514-5625-a364-73dde4ee89f3,contains,Actions.sysmlx
548e63b8-9514-5625-a364-73dde4ee89f3,d3408776-5604-52e7-804b-d48b49f57ad0,contains,Actions.sysmlx
548e63b8-9514-5625-a364-73dde4ee89f3,d3408776-5604-52e7-804b-d48b49f57ad0,has_value,Actions.sysmlx
d3408776-5604-52e7-804b-d48b49f57ad0,12d24030-5cdf-59d0-87ee-4ee8c010d0ca,contains,Actions.sysmlx
d3408776-5604-52e7-804b-d48b49f57ad0,12d24030-5cdf-59d0-87ee-4ee8c010d0ca,references,Actions.sysmlx
12d24030-5cdf-59d0-87ee-4ee8c010d0ca,06f01a43-27d0-58e5-91b0-47bdab03cab0,contains,Actions.sysmlx
12d24030-5cdf-59d0-87ee-4ee8c010d0ca,06f01a43-27d0-58e5-91b0-47bdab03cab0,has_member,Actions.sysmlx
12d24030-5cdf-59d0-87ee-4ee8c010d0ca,90b02c32-1c3e-5670-9680-bc310bacd9a8,contains,Actions.sysmlx
12d24030-5cdf-59d0-87ee-4ee8c010d0ca,90b02c32-1c3e-5670-9680-bc310bacd9a8,has_return_parameter,Actions.sysmlx
90b02c32-1c3e-5670-9680-bc310bacd9a8,ed15ea6b-c3d8-562c-ba4c-c53604e0cb31,contains,Actions.sysmlx
b317cb8f-c6c0-5ae5-8312-7044a5a9f44d,2ebae54e-4eed-5d5a-b609-7f5b0558a5f8,contains,Actions.sysmlx
b317cb8f-c6c0-5ae5-8312-7044a5a9f44d,2ebae54e-4eed-5d5a-b609-7f5b0558a5f8,has_return_parameter,Actions.sysmlx
2ebae54e-4eed-5d5a-b609-7f5b0558a5f8,773f8ad5-97c2-5d74-be50-5dfabb6ec790,contains,Actions.sysmlx
773f8ad5-97c2-5d74-be50-5dfabb6ec790,d6991229-0eff-569c-b782-7be93a161977,contains,Actions.sysmlx
773f8ad5-97c2-5d74-be50-5dfabb6ec790,d6991229-0eff-569c-b782-7be93a161977,typed_by,Actions.sysmlx
d6991229-0eff-569c-b782-7be93a161977,773f8ad5-97c2-5d74-be50-5dfabb6ec790,typed_by,Actions.sysmlx
b1b769d4-59f2-593a-9acc-fe021b921f5b,b94621f6-d4f6-5616-b03c-376918282d01,contains,Actions.sysmlx
b1b769d4-59f2-593a-9acc-fe021b921f5b,b94621f6-d4f6-5616-b03c-376918282d01,owns,Actions.sysmlx
b94621f6-d4f6-5616-b03c-376918282d01,5b18f05d-ab72-54ff-87e4-3c2c5adb0bbb,contains,Actions.sysmlx
60005f8a-dbfc-599c-89b6-26ab49420da3,bfb0e474-4033-56a9-8ddb-1b5be9a67efa,contains,Actions.sysmlx
60005f8a-dbfc-599c-89b6-26ab49420da3,bfb0e474-4033-56a9-8ddb-1b5be9a67efa,owns,Actions.sysmlx
bfb0e474-4033-56a9-8ddb-1b5be9a67efa,8990a422-72e0-5f57-9257-0f4be60027b9,contains,Actions.sysmlx
8990a422-72e0-5f57-9257-0f4be60027b9,f04b373b-1d61-5767-8413-a58f44c38c3e,contains,Actions.sysmlx
8990a422-72e0-5f57-9257-0f4be60027b9,f04b373b-1d61-5767-8413-a58f44c38c3e,specializes,Actions.sysmlx
8990a422-72e0-5f57-9257-0f4be60027b9,80b6e5a4-e255-53b0-a207-4a98192fcfdb,contains,Actions.sysmlx
8990a422-72e0-5f57-9257-0f4be60027b9,80b6e5a4-e255-53b0-a207-4a98192fcfdb,owns,Actions.sysmlx
80b6e5a4-e255-53b0-a207-4a98192fcfdb,56968c1a-ce43-5c8e-8774-bf034ec9089c,contains,Actions.sysmlx
8990a422-72e0-5f57-9257-0f4be60027b9,068d83dc-ef3b-5ba2-9004-26b43e0671d4,contains,Actions.sysmlx
8990a422-72e0-5f57-9257-0f4be60027b9,068d83dc-ef3b-5ba2-9004-26b43e0671d4,has_feature,Actions.sysmlx
068d83dc-ef3b-5ba2-9004-26b43e0671d4,17a8f973-d69f-5986-a062-24484b12d5a3,contains,Actions.sysmlx
068d83dc-ef3b-5ba2-9004-26b43e0671d4,17a8f973-d69f-5986-a062-24484b12d5a3,connects,Actions.sysmlx
17a8f973-d69f-5986-a062-24484b12d5a3,d14425a5-1ae9-5c08-b82d-ba8f77ee3068,contains,Actions.sysmlx
17a8f973-d69f-5986-a062-24484b12d5a3,d14425a5-1ae9-5c08-b82d-ba8f77ee3068,has_end,Actions.sysmlx
d14425a5-1ae9-5c08-b82d-ba8f77ee3068,fdd7a103-08b1-534b-8eeb-51bd5cf66d80,contains,Actions.sysmlx
fdd7a103-08b1-534b-8eeb-51bd5cf66d80,bf0c31fd-8bdd-56ba-96b6-43467c0a9f46,contains,Actions.sysmlx
fdd7a103-08b1-534b-8eeb-51bd5cf66d80,bf0c31fd-8bdd-56ba-96b6-43467c0a9f46,subsets,Actions.sysmlx
bf0c31fd-8bdd-56ba-96b6-43467c0a9f46,9a0d2905-0f9c-5bb4-af74-9780d6db1817,has_feature,Actions.sysmlx
fdd7a103-08b1-534b-8eeb-51bd5cf66d80,309cc81f-9e82-5679-8b1a-cbd4f0303a8b,contains,Actions.sysmlx
fdd7a103-08b1-534b-8eeb-51bd5cf66d80,309cc81f-9e82-5679-8b1a-cbd4f0303a8b,owns,Actions.sysmlx
309cc81f-9e82-5679-8b1a-cbd4f0303a8b,9a9d4232-e404-500e-bc7b-e10ec353805f,contains,Actions.sysmlx
17a8f973-d69f-5986-a062-24484b12d5a3,14da8668-097a-5b4d-a155-7e7add00765d,contains,Actions.sysmlx
17a8f973-d69f-5986-a062-24484b12d5a3,14da8668-097a-5b4d-a155-7e7add00765d,has_end,Actions.sysmlx
14da8668-097a-5b4d-a155-7e7add00765d,7059d687-96e0-5c66-870d-fc7107f268fb,contains,Actions.sysmlx
7059d687-96e0-5c66-870d-fc7107f268fb,5ab40e82-1b55-5e55-9097-473e0f272b8c,contains,Actions.sysmlx
7059d687-96e0-5c66-870d-fc7107f268fb,5ab40e82-1b55-5e55-9097-473e0f272b8c,subsets,Actions.sysmlx
5ab40e82-1b55-5e55-9097-473e0f272b8c,0cdc3cd3-b06c-5c32-beda-0cf4ba164a64,has_feature,Actions.sysmlx
7059d687-96e0-5c66-870d-fc7107f268fb,3b304501-a491-5f8c-8e0f-6257fc560141,contains,Actions.sysmlx
7059d687-96e0-5c66-870d-fc7107f268fb,3b304501-a491-5f8c-8e0f-6257fc560141,owns,Actions.sysmlx
3b304501-a491-5f8c-8e0f-6257fc560141,3cca1180-cec7-5fbc-aeb3-409d4992fe73,contains,Actions.sysmlx
17a8f973-d69f-5986-a062-24484b12d5a3,83c5eac4-d218-5c70-bbc0-f49027955784,contains,Actions.sysmlx
17a8f973-d69f-5986-a062-24484b12d5a3,83c5eac4-d218-5c70-bbc0-f49027955784,owns,Actions.sysmlx
83c5eac4-d218-5c70-bbc0-f49027955784,47606d0c-c627-569b-b458-d544cf6db20c,contains,Actions.sysmlx
60005f8a-dbfc-599c-89b6-26ab49420da3,25de434f-e0b6-5292-acac-776cdf3cf493,contains,Actions.sysmlx
60005f8a-dbfc-599c-89b6-26ab49420da3,25de434f-e0b6-5292-acac-776cdf3cf493,owns,Actions.sysmlx
25de434f-e0b6-5292-acac-776cdf3cf493,c56d5da7-24ec-5d6e-9a8f-50ba1c4d7752,contains,Actions.sysmlx
c56d5da7-24ec-5d6e-9a8f-50ba1c4d7752,13bc69b9-b0cc-5a64-9254-76b28b514ef9,contains,Actions.sysmlx
c56d5da7-24ec-5d6e-9a8f-50ba1c4d7752,13bc69b9-b0cc-5a64-9254-76b28b514ef9,specializes,Actions.sysmlx
c56d5da7-24ec-5d6e-9a8f-50ba1c4d7752,1be6b192-7d19-52d3-80f7-03d812fc06ac,contains,Actions.sysmlx
c56d5da7-24ec-5d6e-9a8f-50ba1c4d7752,1be6b192-7d19-52d3-80f7-03d812fc06ac,specializes,Actions.sysmlx
c56d5da7-24ec-5d6e-9a8f-50ba1c4d7752,5185f8b4-0c3c-5c22-abd9-f64ac5fe75bd,contains,Actions.sysmlx
c56d5da7-24ec-5d6e-9a8f-50ba1c4d7752,5185f8b4-0c3c-5c22-abd9-f64ac5fe75bd,owns,Actions.sysmlx
5185f8b4-0c3c-5c22-abd9-f64ac5fe75bd,bbbd423e-8aa2-52d8-8cb1-acffff49a97e,contains,Actions.sysmlx
60005f8a-dbfc-599c-89b6-26ab49420da3,00e0b269-18c3-561d-a1bb-d61fbe3605ff,contains,Actions.sysmlx
60005f8a-dbfc-599c-89b6-26ab49420da3,00e0b269-18c3-561d-a1bb-d61fbe3605ff,owns,Actions.sysmlx
00e0b269-18c3-561d-a1bb-d61fbe3605ff,cd140ab0-b5bb-59de-bde4-e44df6d215fb,contains,Actions.sysmlx
cd140ab0-b5bb-59de-bde4-e44df6d215fb,04f019d0-3d14-5919-8a71-69e7f833149f,contains,Actions.sysmlx
cd140ab0-b5bb-59de-bde4-e44df6d215fb,04f019d0-3d14-5919-8a71-69e7f833149f,specializes,Actions.sysmlx
cd140ab0-b5bb-59de-bde4-e44df6d215fb,b27921a1-b93a-55b6-8609-21fd5664deb5,contains,Actions.sysmlx
cd140ab0-b5bb-59de-bde4-e44df6d215fb,b27921a1-b93a-55b6-8609-21fd5664deb5,specializes,Actions.sysmlx
cd140ab0-b5bb-59de-bde4-e44df6d215fb,9b135020-6390-531b-a695-5e13daecd942,contains,Actions.sysmlx
cd140ab0-b5bb-59de-bde4-e44df6d215fb,9b135020-6390-531b-a695-5e13daecd942,owns,Actions.sysmlx
9b135020-6390-531b-a695-5e13daecd942,27f13ca8-f922-51d1-8a2a-6d3fd139a662,contains,Actions.sysmlx
60005f8a-dbfc-599c-89b6-26ab49420da3,1bb2986c-fe60-5236-b852-d9227cd3efe9,contains,Actions.sysmlx
60005f8a-dbfc-599c-89b6-26ab49420da3,1bb2986c-fe60-5236-b852-d9227cd3efe9,owns,Actions.sysmlx
1bb2986c-fe60-5236-b852-d9227cd3efe9,8b31211f-c2df-5c27-a252-b8382345b2c1,contains,Actions.sysmlx
8b31211f-c2df-5c27-a252-b8382345b2c1,2ac11f63-32a1-5db2-bef6-ce67484c9173,contains,Actions.sysmlx
8b31211f-c2df-5c27-a252-b8382345b2c1,2ac11f63-32a1-5db2-bef6-ce67484c9173,specializes,Actions.sysmlx
8b31211f-c2df-5c27-a252-b8382345b2c1,b22e3d8c-2397-50dc-a176-82db06406636,contains,Actions.sysmlx
8b31211f-c2df-5c27-a252-b8382345b2c1,b22e3d8c-2397-50dc-a176-82db06406636,owns,Actions.sysmlx
b22e3d8c-2397-50dc-a176-82db06406636,d8ef07a4-5013-51f0-bef0-d48c18cdefae,contains,Actions.sysmlx
60005f8a-dbfc-599c-89b6-26ab49420da3,2304340e-2999-5be0-9572-2fbdd95af3d5,contains,Actions.sysmlx
60005f8a-dbfc-599c-89b6-26ab49420da3,2304340e-2999-5be0-9572-2fbdd95af3d5,owns,Actions.sysmlx
2304340e-2999-5be0-9572-2fbdd95af3d5,cfe47f21-7904-52eb-a43a-1a4ab6f12009,contains,Actions.sysmlx
cfe47f21-7904-52eb-a43a-1a4ab6f12009,bff709d3-b687-592e-96cb-c934a681892a,contains,Actions.sysmlx
cfe47f21-7904-52eb-a43a-1a4ab6f12009,bff709d3-b687-592e-96cb-c934a681892a,specializes,Actions.sysmlx
cfe47f21-7904-52eb-a43a-1a4ab6f12009,667fd0b6-2daf-5d8f-8898-1375f9d6f1e5,contains,Actions.sysmlx
cfe47f21-7904-52eb-a43a-1a4ab6f12009,667fd0b6-2daf-5d8f-8898-1375f9d6f1e5,owns,Actions.sysmlx
667fd0b6-2daf-5d8f-8898-1375f9d6f1e5,7cea396d-9145-5689-87d0-307c2eee9a50,contains,Actions.sysmlx
60005f8a-dbfc-599c-89b6-26ab49420da3,369be3de-70cb-5e0f-8cd2-3f95ac5932ca,contains,Actions.sysmlx
60005f8a-dbfc-599c-89b6-26ab49420da3,369be3de-70cb-5e0f-8cd2-3f95ac5932ca,owns,Actions.sysmlx
369be3de-70cb-5e0f-8cd2-3f95ac5932ca,58c43dc4-64d0-5b23-a9ad-f1014e6f94e4,contains,Actions.sysmlx
58c43dc4-64d0-5b23-a9ad-f1014e6f94e4,c03b6eb7-d163-58bf-a5b5-d7210d646278,contains,Actions.sysmlx
58c43dc4-64d0-5b23-a9ad-f1014e6f94e4,c03b6eb7-d163-58bf-a5b5-d7210d646278,specializes,Actions.sysmlx
58c43dc4-64d0-5b23-a9ad-f1014e6f94e4,68f25ec3-a669-5b41-85f8-86eec5eab507,contains,Actions.sysmlx
58c43dc4-64d0-5b23-a9ad-f1014e6f94e4,68f25ec3-a669-5b41-85f8-86eec5eab507,specializes,Actions.sysmlx
58c43dc4-64d0-5b23-a9ad-f1014e6f94e4,da20aaa6-d04e-56b9-9731-0df49d66852f,contains,Actions.sysmlx
58c43dc4-64d0-5b23-a9ad-f1014e6f94e4,da20aaa6-d04e-56b9-9731-0df49d66852f,owns,Actions.sysmlx
da20aaa6-d04e-56b9-9731-0df49d66852f,e9acb92d-8c36-52d2-b137-a9609139ec30,contains,Actions.sysmlx
58c43dc4-64d0-5b23-a9ad-f1014e6f94e4,8f3cfaf0-8903-5110-8bb0-b670b332674d,contains,Actions.sysmlx
58c43dc4-64d0-5b23-a9ad-f1014e6f94e4,8f3cfaf0-8903-5110-8bb0-b670b332674d,has_feature,Actions.sysmlx
8f3cfaf0-8903-5110-8bb0-b670b332674d,79252dcf-845e-5151-a0e9-28ee09987171,contains,Actions.sysmlx
79252dcf-845e-5151-a0e9-28ee09987171,872a8952-4009-5627-bd75-26967efc11d3,contains,Actions.sysmlx
79252dcf-845e-5151-a0e9-28ee09987171,872a8952-4009-5627-bd75-26967efc11d3,typed_by,Actions.sysmlx
872a8952-4009-5627-bd75-26967efc11d3,79252dcf-845e-5151-a0e9-28ee09987171,typed_by,Actions.sysmlx
79252dcf-845e-5151-a0e9-28ee09987171,44508af8-843f-5c24-9e42-401e3881e4d9,contains,Actions.sysmlx
79252dcf-845e-5151-a0e9-28ee09987171,44508af8-843f-5c24-9e42-401e3881e4d9,redefines,Actions.sysmlx
44508af8-843f-5c24-9e42-401e3881e4d9,79252dcf-845e-5151-a0e9-28ee09987171,redefines,Actions.sysmlx
58c43dc4-64d0-5b23-a9ad-f1014e6f94e4,2d121d0c-afdc-5fab-b28d-d7df876d5b80,contains,Actions.sysmlx
58c43dc4-64d0-5b23-a9ad-f1014e6f94e4,2d121d0c-afdc-5fab-b28d-d7df876d5b80,has_feature,Actions.sysmlx
2d121d0c-afdc-5fab-b28d-d7df876d5b80,6774627f-ed05-5fd3-b0ca-b613a904ef02,contains,Actions.sysmlx
6774627f-ed05-5fd3-b0ca-b613a904ef02,afdfebcc-15ce-5a5d-8495-46b0ecab4246,contains,Actions.sysmlx
6774627f-ed05-5fd3-b0ca-b613a904ef02,afdfebcc-15ce-5a5d-8495-46b0ecab4246,typed_by,Actions.sysmlx
afdfebcc-15ce-5a5d-8495-46b0ecab4246,6774627f-ed05-5fd3-b0ca-b613a904ef02,typed_by,Actions.sysmlx
6774627f-ed05-5fd3-b0ca-b613a904ef02,a1505e7d-c19a-5126-add6-88f2606fd007,contains,Actions.sysmlx
6774627f-ed05-5fd3-b0ca-b613a904ef02,a1505e7d-c19a-5126-add6-88f2606fd007,typed_by,Actions.sysmlx
a1505e7d-c19a-5126-add6-88f2606fd007,6774627f-ed05-5fd3-b0ca-b613a904ef02,typed_by,Actions.sysmlx
6774627f-ed05-5fd3-b0ca-b613a904ef02,72adbcd0-8575-52b2-9dc6-b40ce0d3db5f,contains,Actions.sysmlx
6774627f-ed05-5fd3-b0ca-b613a904ef02,72adbcd0-8575-52b2-9dc6-b40ce0d3db5f,redefines,Actions.sysmlx
72adbcd0-8575-52b2-9dc6-b40ce0d3db5f,6774627f-ed05-5fd3-b0ca-b613a904ef02,redefines,Actions.sysmlx
6774627f-ed05-5fd3-b0ca-b613a904ef02,efb6b6d5-0180-50e1-9442-54eb1cb11e7c,contains,Actions.sysmlx
6774627f-ed05-5fd3-b0ca-b613a904ef02,efb6b6d5-0180-50e1-9442-54eb1cb11e7c,has_feature,Actions.sysmlx
efb6b6d5-0180-50e1-9442-54eb1cb11e7c,2af356bc-3077-5a56-9390-06dde4c1d52b,contains,Actions.sysmlx
2af356bc-3077-5a56-9390-06dde4c1d52b,89d54bd3-9c75-5c8c-ac3e-4d8dc105179b,contains,Actions.sysmlx
2af356bc-3077-5a56-9390-06dde4c1d52b,89d54bd3-9c75-5c8c-ac3e-4d8dc105179b,redefines,Actions.sysmlx
89d54bd3-9c75-5c8c-ac3e-4d8dc105179b,2af356bc-3077-5a56-9390-06dde4c1d52b,redefines,Actions.sysmlx
2af356bc-3077-5a56-9390-06dde4c1d52b,7510f8cd-e533-562a-84a8-9301842659c8,contains,Actions.sysmlx
2af356bc-3077-5a56-9390-06dde4c1d52b,7510f8cd-e533-562a-84a8-9301842659c8,redefines,Actions.sysmlx
7510f8cd-e533-562a-84a8-9301842659c8,2af356bc-3077-5a56-9390-06dde4c1d52b,redefines,Actions.sysmlx
58c43dc4-64d0-5b23-a9ad-f1014e6f94e4,b23a2e8a-b298-5ac3-bc63-9d66860db483,contains,Actions.sysmlx
58c43dc4-64d0-5b23-a9ad-f1014e6f94e4,b23a2e8a-b298-5ac3-bc63-9d66860db483,has_feature,Actions.sysmlx
b23a2e8a-b298-5ac3-bc63-9d66860db483,71d15c8b-2451-5636-a005-b62abcae8b5a,contains,Actions.sysmlx
71d15c8b-2451-5636-a005-b62abcae8b5a,032b98ce-6cd7-5150-a4e6-7f3b587de1cc,contains,Actions.sysmlx
71d15c8b-2451-5636-a005-b62abcae8b5a,032b98ce-6cd7-5150-a4e6-7f3b587de1cc,redefines,Actions.sysmlx
032b98ce-6cd7-5150-a4e6-7f3b587de1cc,71d15c8b-2451-5636-a005-b62abcae8b5a,redefines,Actions.sysmlx
58c43dc4-64d0-5b23-a9ad-f1014e6f94e4,41481653-7ce1-5f13-a2cc-428079fc519d,contains,Actions.sysmlx
58c43dc4-64d0-5b23-a9ad-f1014e6f94e4,41481653-7ce1-5f13-a2cc-428079fc519d,has_feature,Actions.sysmlx
41481653-7ce1-5f13-a2cc-428079fc519d,2cdca507-48f3-5f52-ac1f-d8a7535d92c4,contains,Actions.sysmlx
41481653-7ce1-5f13-a2cc-428079fc519d,2cdca507-48f3-5f52-ac1f-d8a7535d92c4,has_action,Actions.sysmlx
2cdca507-48f3-5f52-ac1f-d8a7535d92c4,65bcb1f1-78ac-5dd2-8506-a607db57223c,contains,Actions.sysmlx
2cdca507-48f3-5f52-ac1f-d8a7535d92c4,65bcb1f1-78ac-5dd2-8506-a607db57223c,typed_by,Actions.sysmlx
65bcb1f1-78ac-5dd2-8506-a607db57223c,2cdca507-48f3-5f52-ac1f-d8a7535d92c4,typed_by,Actions.sysmlx
2cdca507-48f3-5f52-ac1f-d8a7535d92c4,05b67c50-f564-5049-b8b0-d5cc8522bf07,contains,Actions.sysmlx
2cdca507-48f3-5f52-ac1f-d8a7535d92c4,05b67c50-f564-5049-b8b0-d5cc8522bf07,redefines,Actions.sysmlx
05b67c50-f564-5049-b8b0-d5cc8522bf07,2cdca507-48f3-5f52-ac1f-d8a7535d92c4,redefines,Actions.sysmlx
58c43dc4-64d0-5b23-a9ad-f1014e6f94e4,27ab833b-b219-524e-b7a7-de4c7cb1c036,contains,Actions.sysmlx
58c43dc4-64d0-5b23-a9ad-f1014e6f94e4,27ab833b-b219-524e-b7a7-de4c7cb1c036,has_feature,Actions.sysmlx
27ab833b-b219-524e-b7a7-de4c7cb1c036,d00ebb2c-f1ff-5ab4-8401-34ea2a61da80,contains,Actions.sysmlx
27ab833b-b219-524e-b7a7-de4c7cb1c036,d00ebb2c-f1ff-5ab4-8401-34ea2a61da80,connects,Actions.sysmlx
d00ebb2c-f1ff-5ab4-8401-34ea2a61da80,530c39e5-316b-5535-9e23-fee6d32d873f,contains,Actions.sysmlx
d00ebb2c-f1ff-5ab4-8401-34ea2a61da80,530c39e5-316b-5535-9e23-fee6d32d873f,has_end,Actions.sysmlx
530c39e5-316b-5535-9e23-fee6d32d873f,0293f6c8-8f3d-59a5-a02f-8cab62020492,contains,Actions.sysmlx
0293f6c8-8f3d-59a5-a02f-8cab62020492,40d6eb56-9f96-55d4-b2eb-bd388ebe83cb,contains,Actions.sysmlx
0293f6c8-8f3d-59a5-a02f-8cab62020492,40d6eb56-9f96-55d4-b2eb-bd388ebe83cb,subsets,Actions.sysmlx
40d6eb56-9f96-55d4-b2eb-bd388ebe83cb,71d15c8b-2451-5636-a005-b62abcae8b5a,has_feature,Actions.sysmlx
0293f6c8-8f3d-59a5-a02f-8cab62020492,e6c78b75-dd7b-570a-8157-0bb02e043839,contains,Actions.sysmlx
0293f6c8-8f3d-59a5-a02f-8cab62020492,e6c78b75-dd7b-570a-8157-0bb02e043839,owns,Actions.sysmlx
e6c78b75-dd7b-570a-8157-0bb02e043839,bef539ca-0d44-55c4-88ad-05624d255080,contains,Actions.sysmlx
d00ebb2c-f1ff-5ab4-8401-34ea2a61da80,a1e878a2-ad0b-53fc-9954-f9fb905f9717,contains,Actions.sysmlx
d00ebb2c-f1ff-5ab4-8401-34ea2a61da80,a1e878a2-ad0b-53fc-9954-f9fb905f9717,has_end,Actions.sysmlx
a1e878a2-ad0b-53fc-9954-f9fb905f9717,82582361-131c-51dd-b549-bcab3ecc661f,contains,Actions.sysmlx
82582361-131c-51dd-b549-bcab3ecc661f,8052c22f-8532-5acc-a277-932c78746b7e,contains,Actions.sysmlx
82582361-131c-51dd-b549-bcab3ecc661f,8052c22f-8532-5acc-a277-932c78746b7e,subsets,Actions.sysmlx
8052c22f-8532-5acc-a277-932c78746b7e,4c9cfee0-9dc0-5d78-90d0-5b0fa4bfa6d9,has_feature,Actions.sysmlx
8052c22f-8532-5acc-a277-932c78746b7e,4c9cfee0-9dc0-5d78-90d0-5b0fa4bfa6d9,contains,Actions.sysmlx
4c9cfee0-9dc0-5d78-90d0-5b0fa4bfa6d9,4c5a4f47-3581-5d06-880e-af7807b5419d,contains,Actions.sysmlx
4c9cfee0-9dc0-5d78-90d0-5b0fa4bfa6d9,4c5a4f47-3581-5d06-880e-af7807b5419d,chains,Actions.sysmlx
4c5a4f47-3581-5d06-880e-af7807b5419d,2cdca507-48f3-5f52-ac1f-d8a7535d92c4,has_feature,Actions.sysmlx
4c9cfee0-9dc0-5d78-90d0-5b0fa4bfa6d9,2627b5c0-0d19-56a2-9434-c2d6fc3e08cb,contains,Actions.sysmlx
4c9cfee0-9dc0-5d78-90d0-5b0fa4bfa6d9,2627b5c0-0d19-56a2-9434-c2d6fc3e08cb,chains,Actions.sysmlx
82582361-131c-51dd-b549-bcab3ecc661f,04ed6cb7-5351-5cbd-b72b-bea2b4062e69,contains,Actions.sysmlx
82582361-131c-51dd-b549-bcab3ecc661f,04ed6cb7-5351-5cbd-b72b-bea2b4062e69,owns,Actions.sysmlx
04ed6cb7-5351-5cbd-b72b-bea2b4062e69,b745ded4-7745-5473-850a-c1d35fce4d15,contains,Actions.sysmlx
58c43dc4-64d0-5b23-a9ad-f1014e6f94e4,19d12f42-74b7-5c2a-966f-104eb73fcd77,contains,Actions.sysmlx
58c43dc4-64d0-5b23-a9ad-f1014e6f94e4,19d12f42-74b7-5c2a-966f-104eb73fcd77,has_feature,Actions.sysmlx
19d12f42-74b7-5c2a-966f-104eb73fcd77,788f6f53-8776-5c8e-94ac-d00e75b41efd,contains,Actions.sysmlx
19d12f42-74b7-5c2a-966f-104eb73fcd77,788f6f53-8776-5c8e-94ac-d00e75b41efd,connects,Actions.sysmlx
788f6f53-8776-5c8e-94ac-d00e75b41efd,9e7fb557-12f5-5e49-ade2-1bf383caa0ce,contains,Actions.sysmlx
788f6f53-8776-5c8e-94ac-d00e75b41efd,9e7fb557-12f5-5e49-ade2-1bf383caa0ce,has_end,Actions.sysmlx
9e7fb557-12f5-5e49-ade2-1bf383caa0ce,7c236681-1a32-52a6-9579-4b9b65365da8,contains,Actions.sysmlx
7c236681-1a32-52a6-9579-4b9b65365da8,5fd865b9-ee4e-53e8-90f9-8b35475d2b95,contains,Actions.sysmlx
7c236681-1a32-52a6-9579-4b9b65365da8,5fd865b9-ee4e-53e8-90f9-8b35475d2b95,subsets,Actions.sysmlx
5fd865b9-ee4e-53e8-90f9-8b35475d2b95,6774627f-ed05-5fd3-b0ca-b613a904ef02,has_feature,Actions.sysmlx
7c236681-1a32-52a6-9579-4b9b65365da8,b3d7cdb0-e884-52e4-ae61-3e386ef16a76,contains,Actions.sysmlx
7c236681-1a32-52a6-9579-4b9b65365da8,b3d7cdb0-e884-52e4-ae61-3e386ef16a76,owns,Actions.sysmlx
b3d7cdb0-e884-52e4-ae61-3e386ef16a76,37478772-a8a6-5a75-a5dd-aa115249e9a5,contains,Actions.sysmlx
788f6f53-8776-5c8e-94ac-d00e75b41efd,2a5864aa-6f95-5231-8287-4800d5fda9a4,contains,Actions.sysmlx
788f6f53-8776-5c8e-94ac-d00e75b41efd,2a5864aa-6f95-5231-8287-4800d5fda9a4,has_end,Actions.sysmlx
2a5864aa-6f95-5231-8287-4800d5fda9a4,c5839a6c-bcd6-5973-9b2f-38c5616ab223,contains,Actions.sysmlx
c5839a6c-bcd6-5973-9b2f-38c5616ab223,f8cc52eb-ccbf-537e-a3c3-cdb0c41990a5,contains,Actions.sysmlx
c5839a6c-bcd6-5973-9b2f-38c5616ab223,f8cc52eb-ccbf-537e-a3c3-cdb0c41990a5,subsets,Actions.sysmlx
f8cc52eb-ccbf-537e-a3c3-cdb0c41990a5,ba25f72c-837e-5507-8bd3-e1785cbab41c,has_feature,Actions.sysmlx
f8cc52eb-ccbf-537e-a3c3-cdb0c41990a5,ba25f72c-837e-5507-8bd3-e1785cbab41c,contains,Actions.sysmlx
ba25f72c-837e-5507-8bd3-e1785cbab41c,bd24809c-6325-55ec-8f24-55b2a7d24e6d,contains,Actions.sysmlx
ba25f72c-837e-5507-8bd3-e1785cbab41c,bd24809c-6325-55ec-8f24-55b2a7d24e6d,chains,Actions.sysmlx
bd24809c-6325-55ec-8f24-55b2a7d24e6d,2cdca507-48f3-5f52-ac1f-d8a7535d92c4,has_feature,Actions.sysmlx
ba25f72c-837e-5507-8bd3-e1785cbab41c,c6d0892b-16bb-51ce-ab05-8493117e2de3,contains,Actions.sysmlx
ba25f72c-837e-5507-8bd3-e1785cbab41c,c6d0892b-16bb-51ce-ab05-8493117e2de3,chains,Actions.sysmlx
c6d0892b-16bb-51ce-ab05-8493117e2de3,0cc74c6c-5ebd-5659-8f7e-28f566628d37,has_feature,Actions.sysmlx
c5839a6c-bcd6-5973-9b2f-38c5616ab223,94694698-ab7a-5077-956b-f7c440d80791,contains,Actions.sysmlx
c5839a6c-bcd6-5973-9b2f-38c5616ab223,94694698-ab7a-5077-956b-f7c440d80791,owns,Actions.sysmlx
94694698-ab7a-5077-956b-f7c440d80791,2fee6ccd-8544-556c-a65b-5a07341a03aa,contains,Actions.sysmlx
58c43dc4-64d0-5b23-a9ad-f1014e6f94e4,7b73e543-16d1-5ad6-841b-42bafb46fc08,contains,Actions.sysmlx
58c43dc4-64d0-5b23-a9ad-f1014e6f94e4,7b73e543-16d1-5ad6-841b-42bafb46fc08,has_feature,Actions.sysmlx
7b73e543-16d1-5ad6-841b-42bafb46fc08,4123a337-5b30-5a00-92fa-f940056c8d7f,contains,Actions.sysmlx
7b73e543-16d1-5ad6-841b-42bafb46fc08,4123a337-5b30-5a00-92fa-f940056c8d7f,has_action,Actions.sysmlx
4123a337-5b30-5a00-92fa-f940056c8d7f,db6c6f14-ee69-5462-b935-2b5e80d47e37,contains,Actions.sysmlx
4123a337-5b30-5a00-92fa-f940056c8d7f,db6c6f14-ee69-5462-b935-2b5e80d47e37,typed_by,Actions.sysmlx
db6c6f14-ee69-5462-b935-2b5e80d47e37,4123a337-5b30-5a00-92fa-f940056c8d7f,typed_by,Actions.sysmlx
4123a337-5b30-5a00-92fa-f940056c8d7f,4eb22ed2-e9ec-5d15-909d-b691215ea977,contains,Actions.sysmlx
4123a337-5b30-5a00-92fa-f940056c8d7f,4eb22ed2-e9ec-5d15-909d-b691215ea977,redefines,Actions.sysmlx
4eb22ed2-e9ec-5d15-909d-b691215ea977,4123a337-5b30-5a00-92fa-f940056c8d7f,redefines,Actions.sysmlx
60005f8a-dbfc-599c-89b6-26ab49420da3,7e6a7cc9-148e-55a5-b62f-bb4f8d780595,contains,Actions.sysmlx
60005f8a-dbfc-599c-89b6-26ab49420da3,7e6a7cc9-148e-55a5-b62f-bb4f8d780595,owns,Actions.sysmlx
7e6a7cc9-148e-55a5-b62f-bb4f8d780595,42bc4689-29d7-5d36-87e5-0d23b59fe1d5,contains,Actions.sysmlx
42bc4689-29d7-5d36-87e5-0d23b59fe1d5,532251a4-444a-525a-af9c-5302133cee5d,contains,Actions.sysmlx
42bc4689-29d7-5d36-87e5-0d23b59fe1d5,532251a4-444a-525a-af9c-5302133cee5d,specializes,Actions.sysmlx
42bc4689-29d7-5d36-87e5-0d23b59fe1d5,cddbe986-3a6f-5df6-bea8-2983b5e9fff3,contains,Actions.sysmlx
42bc4689-29d7-5d36-87e5-0d23b59fe1d5,cddbe986-3a6f-5df6-bea8-2983b5e9fff3,specializes,Actions.sysmlx
42bc4689-29d7-5d36-87e5-0d23b59fe1d5,3c887232-fd09-5adf-aa4a-9b978fff354a,contains,Actions.sysmlx
42bc4689-29d7-5d36-87e5-0d23b59fe1d5,3c887232-fd09-5adf-aa4a-9b978fff354a,owns,Actions.sysmlx
3c887232-fd09-5adf-aa4a-9b978fff354a,a0fc6122-61ce-5d00-8165-830047438332,contains,Actions.sysmlx
42bc4689-29d7-5d36-87e5-0d23b59fe1d5,15e0ce5e-0910-56f3-b1da-a722afb91d5c,contains,Actions.sysmlx
42bc4689-29d7-5d36-87e5-0d23b59fe1d5,15e0ce5e-0910-56f3-b1da-a722afb91d5c,has_feature,Actions.sysmlx
15e0ce5e-0910-56f3-b1da-a722afb91d5c,49776d79-40df-5c19-827e-33570d871dc8,contains,Actions.sysmlx
15e0ce5e-0910-56f3-b1da-a722afb91d5c,49776d79-40df-5c19-827e-33570d871dc8,has_action,Actions.sysmlx
49776d79-40df-5c19-827e-33570d871dc8,d3b1b4eb-a5e5-5802-a32a-33cb01f33846,contains,Actions.sysmlx
49776d79-40df-5c19-827e-33570d871dc8,d3b1b4eb-a5e5-5802-a32a-33cb01f33846,redefines,Actions.sysmlx
d3b1b4eb-a5e5-5802-a32a-33cb01f33846,49776d79-40df-5c19-827e-33570d871dc8,redefines,Actions.sysmlx
d3b1b4eb-a5e5-5802-a32a-33cb01f33846,2cdca507-48f3-5f52-ac1f-d8a7535d92c4,redefines,Actions.sysmlx
49776d79-40df-5c19-827e-33570d871dc8,820358a8-0916-5231-abe9-4db296093515,contains,Actions.sysmlx
49776d79-40df-5c19-827e-33570d871dc8,820358a8-0916-5231-abe9-4db296093515,owns,Actions.sysmlx
820358a8-0916-5231-abe9-4db296093515,cd0e4966-1d78-5769-b4d9-52d627ac2df5,contains,Actions.sysmlx
cd0e4966-1d78-5769-b4d9-52d627ac2df5,79d3656f-eaaf-55c5-afbd-53a4f745e92d,contains,Actions.sysmlx
cd0e4966-1d78-5769-b4d9-52d627ac2df5,79d3656f-eaaf-55c5-afbd-53a4f745e92d,owns,Actions.sysmlx
79d3656f-eaaf-55c5-afbd-53a4f745e92d,67d6be05-a02e-58dc-ae95-e24293443d1a,contains,Actions.sysmlx
cd0e4966-1d78-5769-b4d9-52d627ac2df5,310fa653-5444-537a-8d9a-9796e77e14ed,contains,Actions.sysmlx
cd0e4966-1d78-5769-b4d9-52d627ac2df5,310fa653-5444-537a-8d9a-9796e77e14ed,owns,Actions.sysmlx
310fa653-5444-537a-8d9a-9796e77e14ed,ef05f428-6267-5a37-886e-7ac9e69eaa63,contains,Actions.sysmlx
42bc4689-29d7-5d36-87e5-0d23b59fe1d5,585a6657-7b55-5ae9-bd29-bbb21d659950,contains,Actions.sysmlx
42bc4689-29d7-5d36-87e5-0d23b59fe1d5,585a6657-7b55-5ae9-bd29-bbb21d659950,has_feature,Actions.sysmlx
585a6657-7b55-5ae9-bd29-bbb21d659950,e6b7d9f6-5c9f-56ea-87a5-4d161a0b10a5,contains,Actions.sysmlx
585a6657-7b55-5ae9-bd29-bbb21d659950,e6b7d9f6-5c9f-56ea-87a5-4d161a0b10a5,has_action,Actions.sysmlx
e6b7d9f6-5c9f-56ea-87a5-4d161a0b10a5,572c745b-0ae4-57c1-8cac-361e27aeb3e0,contains,Actions.sysmlx
e6b7d9f6-5c9f-56ea-87a5-4d161a0b10a5,572c745b-0ae4-57c1-8cac-361e27aeb3e0,redefines,Actions.sysmlx
572c745b-0ae4-57c1-8cac-361e27aeb3e0,e6b7d9f6-5c9f-56ea-87a5-4d161a0b10a5,redefines,Actions.sysmlx
572c745b-0ae4-57c1-8cac-361e27aeb3e0,4123a337-5b30-5a00-92fa-f940056c8d7f,redefines,Actions.sysmlx
e6b7d9f6-5c9f-56ea-87a5-4d161a0b10a5,3c88da52-0346-5450-9658-0fe5e416345f,contains,Actions.sysmlx
e6b7d9f6-5c9f-56ea-87a5-4d161a0b10a5,3c88da52-0346-5450-9658-0fe5e416345f,owns,Actions.sysmlx
3c88da52-0346-5450-9658-0fe5e416345f,ea282234-a5b6-5a20-876a-0f9dfcb21048,contains,Actions.sysmlx
ea282234-a5b6-5a20-876a-0f9dfcb21048,3d49163b-212c-53e7-b0c9-39e88c174b47,contains,Actions.sysmlx
ea282234-a5b6-5a20-876a-0f9dfcb21048,3d49163b-212c-53e7-b0c9-39e88c174b47,owns,Actions.sysmlx
3d49163b-212c-53e7-b0c9-39e88c174b47,6be14d9f-55ff-5840-af4f-c55d5c82ab93,contains,Actions.sysmlx
ea282234-a5b6-5a20-876a-0f9dfcb21048,8ca8860d-7340-5b1e-92d3-60cfb57ca2ef,contains,Actions.sysmlx
ea282234-a5b6-5a20-876a-0f9dfcb21048,8ca8860d-7340-5b1e-92d3-60cfb57ca2ef,owns,Actions.sysmlx
8ca8860d-7340-5b1e-92d3-60cfb57ca2ef,733aa353-f299-53b4-ab98-5fa4ebfd7c6c,contains,Actions.sysmlx
60005f8a-dbfc-599c-89b6-26ab49420da3,b575b1d3-3400-556b-b434-0b5aa75ac4e0,contains,Actions.sysmlx
60005f8a-dbfc-599c-89b6-26ab49420da3,b575b1d3-3400-556b-b434-0b5aa75ac4e0,owns,Actions.sysmlx
b575b1d3-3400-556b-b434-0b5aa75ac4e0,59665626-a20d-5308-aafb-d676b210142f,contains,Actions.sysmlx
b575b1d3-3400-556b-b434-0b5aa75ac4e0,59665626-a20d-5308-aafb-d676b210142f,has_action,Actions.sysmlx
59665626-a20d-5308-aafb-d676b210142f,81e93857-4ff9-56bf-8ef1-9c96c29a9370,contains,Actions.sysmlx
59665626-a20d-5308-aafb-d676b210142f,81e93857-4ff9-56bf-8ef1-9c96c29a9370,typed_by,Actions.sysmlx
81e93857-4ff9-56bf-8ef1-9c96c29a9370,59665626-a20d-5308-aafb-d676b210142f,typed_by,Actions.sysmlx
59665626-a20d-5308-aafb-d676b210142f,d38a47ed-775d-547f-8b5b-81cc0c49b883,contains,Actions.sysmlx
59665626-a20d-5308-aafb-d676b210142f,d38a47ed-775d-547f-8b5b-81cc0c49b883,owns,Actions.sysmlx
d38a47ed-775d-547f-8b5b-81cc0c49b883,b60174c5-5e46-5751-be28-0c1cafdf312c,contains,Actions.sysmlx
b60174c5-5e46-5751-be28-0c1cafdf312c,c0390ef1-9959-5a5e-94de-e834eefbd903,contains,Actions.sysmlx
b60174c5-5e46-5751-be28-0c1cafdf312c,c0390ef1-9959-5a5e-94de-e834eefbd903,owns,Actions.sysmlx
c0390ef1-9959-5a5e-94de-e834eefbd903,74cf8fed-c554-5a5e-9d7d-a1c2942afa11,contains,Actions.sysmlx
b60174c5-5e46-5751-be28-0c1cafdf312c,15c1c73c-7309-5abf-bd67-7b84696838a9,contains,Actions.sysmlx
b60174c5-5e46-5751-be28-0c1cafdf312c,15c1c73c-7309-5abf-bd67-7b84696838a9,owns,Actions.sysmlx
15c1c73c-7309-5abf-bd67-7b84696838a9,644c224d-d688-585e-b12b-599e6ee90697,contains,Actions.sysmlx
59665626-a20d-5308-aafb-d676b210142f,8908269d-f33d-5e3a-a293-2ad6b817c390,contains,Actions.sysmlx
59665626-a20d-5308-aafb-d676b210142f,8908269d-f33d-5e3a-a293-2ad6b817c390,subsets,Actions.sysmlx
8908269d-f33d-5e3a-a293-2ad6b817c390,0cc065ef-4e93-5aed-a3f3-5e8cbb417021,subsets,Actions.sysmlx
8908269d-f33d-5e3a-a293-2ad6b817c390,59665626-a20d-5308-aafb-d676b210142f,subsets,Actions.sysmlx
59665626-a20d-5308-aafb-d676b210142f,a65aa224-15a8-525a-a142-135d8ce4d87a,contains,Actions.sysmlx
59665626-a20d-5308-aafb-d676b210142f,a65aa224-15a8-525a-a142-135d8ce4d87a,owns,Actions.sysmlx
a65aa224-15a8-525a-a142-135d8ce4d87a,fd9083ce-3b0d-5dc8-a878-8516b793f11f,contains,Actions.sysmlx
60005f8a-dbfc-599c-89b6-26ab49420da3,3930f2a3-98d8-5726-84c6-aa55110c71e8,contains,Actions.sysmlx
60005f8a-dbfc-599c-89b6-26ab49420da3,3930f2a3-98d8-5726-84c6-aa55110c71e8,owns,Actions.sysmlx
3930f2a3-98d8-5726-84c6-aa55110c71e8,4632b6d3-020b-55af-9beb-d456e62698ae,contains,Actions.sysmlx
4632b6d3-020b-55af-9beb-d456e62698ae,1d117179-8b6f-5f18-ad50-be9410fc5339,contains,Actions.sysmlx
4632b6d3-020b-55af-9beb-d456e62698ae,1d117179-8b6f-5f18-ad50-be9410fc5339,specializes,Actions.sysmlx
4632b6d3-020b-55af-9beb-d456e62698ae,b2470f76-ce6c-5e77-a95e-ce9fd13ec374,contains,Actions.sysmlx
4632b6d3-020b-55af-9beb-d456e62698ae,b2470f76-ce6c-5e77-a95e-ce9fd13ec374,specializes,Actions.sysmlx
4632b6d3-020b-55af-9beb-d456e62698ae,ca629259-baca-5ca8-8330-7dea3dc142a1,contains,Actions.sysmlx
4632b6d3-020b-55af-9beb-d456e62698ae,ca629259-baca-5ca8-8330-7dea3dc142a1,owns,Actions.sysmlx
ca629259-baca-5ca8-8330-7dea3dc142a1,7f4837f1-70e1-56e1-a1e5-96f8a2798e9c,contains,Actions.sysmlx
4632b6d3-020b-55af-9beb-d456e62698ae,de578313-0e47-527c-a13f-94f725e0097d,contains,Actions.sysmlx
4632b6d3-020b-55af-9beb-d456e62698ae,de578313-0e47-527c-a13f-94f725e0097d,has_feature,Actions.sysmlx
de578313-0e47-527c-a13f-94f725e0097d,c781625c-d8d9-59d6-a499-dadc818c6338,contains,Actions.sysmlx
c781625c-d8d9-59d6-a499-dadc818c6338,13302a79-e3ce-5688-b988-ca5aebbddf23,contains,Actions.sysmlx
c781625c-d8d9-59d6-a499-dadc818c6338,13302a79-e3ce-5688-b988-ca5aebbddf23,typed_by,Actions.sysmlx
13302a79-e3ce-5688-b988-ca5aebbddf23,c781625c-d8d9-59d6-a499-dadc818c6338,typed_by,Actions.sysmlx
c781625c-d8d9-59d6-a499-dadc818c6338,10a9f761-ad47-5520-837a-4cfea0175d60,contains,Actions.sysmlx
c781625c-d8d9-59d6-a499-dadc818c6338,10a9f761-ad47-5520-837a-4cfea0175d60,owns,Actions.sysmlx
10a9f761-ad47-5520-837a-4cfea0175d60,11c5948f-b3e5-5aa5-b52e-79a66a106c05,contains,Actions.sysmlx
11c5948f-b3e5-5aa5-b52e-79a66a106c05,792efd19-71a3-5308-a04b-ff7bc5abbe95,contains,Actions.sysmlx
11c5948f-b3e5-5aa5-b52e-79a66a106c05,792efd19-71a3-5308-a04b-ff7bc5abbe95,owns,Actions.sysmlx
792efd19-71a3-5308-a04b-ff7bc5abbe95,1711671b-961a-5730-ae05-ea7321eb9833,contains,Actions.sysmlx
4632b6d3-020b-55af-9beb-d456e62698ae,6cb192dc-8d6b-56eb-9886-74677c0111c0,contains,Actions.sysmlx
4632b6d3-020b-55af-9beb-d456e62698ae,6cb192dc-8d6b-56eb-9886-74677c0111c0,has_feature,Actions.sysmlx
6cb192dc-8d6b-56eb-9886-74677c0111c0,27025e7e-55dd-5470-865f-e429943e8dae,contains,Actions.sysmlx
27025e7e-55dd-5470-865f-e429943e8dae,6b5b3ba7-bfe6-53d1-b02a-2e97c47fd9f5,contains,Actions.sysmlx
27025e7e-55dd-5470-865f-e429943e8dae,6b5b3ba7-bfe6-53d1-b02a-2e97c47fd9f5,typed_by,Actions.sysmlx
6b5b3ba7-bfe6-53d1-b02a-2e97c47fd9f5,27025e7e-55dd-5470-865f-e429943e8dae,typed_by,Actions.sysmlx
27025e7e-55dd-5470-865f-e429943e8dae,15c0a917-d69d-5913-b53e-e53640920d18,contains,Actions.sysmlx
27025e7e-55dd-5470-865f-e429943e8dae,15c0a917-d69d-5913-b53e-e53640920d18,owns,Actions.sysmlx
15c0a917-d69d-5913-b53e-e53640920d18,b03c20dc-5f05-5d47-90c4-3efa67c78e9c,contains,Actions.sysmlx
b03c20dc-5f05-5d47-90c4-3efa67c78e9c,e10db61f-9fda-5fbf-9ef2-8b174e20b0c8,contains,Actions.sysmlx
b03c20dc-5f05-5d47-90c4-3efa67c78e9c,e10db61f-9fda-5fbf-9ef2-8b174e20b0c8,owns,Actions.sysmlx
e10db61f-9fda-5fbf-9ef2-8b174e20b0c8,54aa07ba-742d-5727-9413-7a929228b25a,contains,Actions.sysmlx
b03c20dc-5f05-5d47-90c4-3efa67c78e9c,915b7c7b-9853-5c73-bd49-a311a5277ca9,contains,Actions.sysmlx
b03c20dc-5f05-5d47-90c4-3efa67c78e9c,915b7c7b-9853-5c73-bd49-a311a5277ca9,owns,Actions.sysmlx
915b7c7b-9853-5c73-bd49-a311a5277ca9,09b1b311-8bae-52ae-af91-fb8b610518be,contains,Actions.sysmlx
60005f8a-dbfc-599c-89b6-26ab49420da3,75598ec4-38ea-5df2-9105-85e7c1d0db78,contains,Actions.sysmlx
60005f8a-dbfc-599c-89b6-26ab49420da3,75598ec4-38ea-5df2-9105-85e7c1d0db78,owns,Actions.sysmlx
75598ec4-38ea-5df2-9105-85e7c1d0db78,1b14aa51-f254-5242-be9c-e74ba95c6c8c,contains,Actions.sysmlx
75598ec4-38ea-5df2-9105-85e7c1d0db78,1b14aa51-f254-5242-be9c-e74ba95c6c8c,has_action,Actions.sysmlx
1b14aa51-f254-5242-be9c-e74ba95c6c8c,66fb5d75-d4da-5e4c-99f2-8584165e78ab,contains,Actions.sysmlx
1b14aa51-f254-5242-be9c-e74ba95c6c8c,66fb5d75-d4da-5e4c-99f2-8584165e78ab,typed_by,Actions.sysmlx
66fb5d75-d4da-5e4c-99f2-8584165e78ab,1b14aa51-f254-5242-be9c-e74ba95c6c8c,typed_by,Actions.sysmlx
1b14aa51-f254-5242-be9c-e74ba95c6c8c,5e45c02f-446f-5d10-8400-a2a72d1d06ca,contains,Actions.sysmlx
1b14aa51-f254-5242-be9c-e74ba95c6c8c,5e45c02f-446f-5d10-8400-a2a72d1d06ca,owns,Actions.sysmlx
5e45c02f-446f-5d10-8400-a2a72d1d06ca,f68ff539-8d81-565c-8105-62db2561b836,contains,Actions.sysmlx
f68ff539-8d81-565c-8105-62db2561b836,358aec7b-132c-5adc-b5de-2b3e74ff4806,contains,Actions.sysmlx
f68ff539-8d81-565c-8105-62db2561b836,358aec7b-132c-5adc-b5de-2b3e74ff4806,owns,Actions.sysmlx
358aec7b-132c-5adc-b5de-2b3e74ff4806,681610f2-870d-5e0c-84e9-1a9bf0bd3de1,contains,Actions.sysmlx
f68ff539-8d81-565c-8105-62db2561b836,e66332a5-2705-54fe-ad96-42046028a2de,contains,Actions.sysmlx
f68ff539-8d81-565c-8105-62db2561b836,e66332a5-2705-54fe-ad96-42046028a2de,owns,Actions.sysmlx
e66332a5-2705-54fe-ad96-42046028a2de,7d0d211c-48c9-5d92-a421-cd6f0df87e97,contains,Actions.sysmlx
1b14aa51-f254-5242-be9c-e74ba95c6c8c,fc8c0331-726a-5ef8-9f1b-b2126ba63eac,contains,Actions.sysmlx
1b14aa51-f254-5242-be9c-e74ba95c6c8c,fc8c0331-726a-5ef8-9f1b-b2126ba63eac,subsets,Actions.sysmlx
fc8c0331-726a-5ef8-9f1b-b2126ba63eac,0cc065ef-4e93-5aed-a3f3-5e8cbb417021,subsets,Actions.sysmlx
fc8c0331-726a-5ef8-9f1b-b2126ba63eac,1b14aa51-f254-5242-be9c-e74ba95c6c8c,subsets,Actions.sysmlx
1b14aa51-f254-5242-be9c-e74ba95c6c8c,5075f1f5-3314-51f4-9ff6-142c8e12bd75,contains,Actions.sysmlx
1b14aa51-f254-5242-be9c-e74ba95c6c8c,5075f1f5-3314-51f4-9ff6-142c8e12bd75,owns,Actions.sysmlx
5075f1f5-3314-51f4-9ff6-142c8e12bd75,21849c0b-052e-5361-9e6e-f6a34878fc11,contains,Actions.sysmlx
1b14aa51-f254-5242-be9c-e74ba95c6c8c,dbe39657-08f4-53b6-a9c4-da8e8970fa0a,contains,Actions.sysmlx
1b14aa51-f254-5242-be9c-e74ba95c6c8c,dbe39657-08f4-53b6-a9c4-da8e8970fa0a,has_feature,Actions.sysmlx
dbe39657-08f4-53b6-a9c4-da8e8970fa0a,b5a83421-c8a1-5d9e-b7ec-4a415b52ee85,contains,Actions.sysmlx
b5a83421-c8a1-5d9e-b7ec-4a415b52ee85,d7687322-4ad2-5d11-af7e-9f6d636b9a0a,contains,Actions.sysmlx
b5a83421-c8a1-5d9e-b7ec-4a415b52ee85,d7687322-4ad2-5d11-af7e-9f6d636b9a0a,typed_by,Actions.sysmlx
d7687322-4ad2-5d11-af7e-9f6d636b9a0a,b5a83421-c8a1-5d9e-b7ec-4a415b52ee85,typed_by,Actions.sysmlx
b5a83421-c8a1-5d9e-b7ec-4a415b52ee85,70f0e3b4-6d60-54ce-b89a-1c6814670c20,contains,Actions.sysmlx
b5a83421-c8a1-5d9e-b7ec-4a415b52ee85,70f0e3b4-6d60-54ce-b89a-1c6814670c20,owns,Actions.sysmlx
70f0e3b4-6d60-54ce-b89a-1c6814670c20,380b1d31-2214-55f3-a4e8-c379cb66260f,contains,Actions.sysmlx
380b1d31-2214-55f3-a4e8-c379cb66260f,4d577c31-1cfe-5ae5-a904-ab48c718f55f,contains,Actions.sysmlx
380b1d31-2214-55f3-a4e8-c379cb66260f,4d577c31-1cfe-5ae5-a904-ab48c718f55f,owns,Actions.sysmlx
4d577c31-1cfe-5ae5-a904-ab48c718f55f,b615fb99-3188-54e9-b253-3f87a3a31cc3,contains,Actions.sysmlx
b5a83421-c8a1-5d9e-b7ec-4a415b52ee85,b09709fd-90f5-507b-8026-0ed9baed1932,contains,Actions.sysmlx
b5a83421-c8a1-5d9e-b7ec-4a415b52ee85,b09709fd-90f5-507b-8026-0ed9baed1932,has_value,Actions.sysmlx
b09709fd-90f5-507b-8026-0ed9baed1932,523ecbe7-d19f-5d29-bd01-39a36c49f7c3,contains,Actions.sysmlx
b09709fd-90f5-507b-8026-0ed9baed1932,523ecbe7-d19f-5d29-bd01-39a36c49f7c3,has_operator,Actions.sysmlx
523ecbe7-d19f-5d29-bd01-39a36c49f7c3,8eb5d5be-a991-56c8-8e6c-8bae6bb7c4dd,contains,Actions.sysmlx
523ecbe7-d19f-5d29-bd01-39a36c49f7c3,8eb5d5be-a991-56c8-8e6c-8bae6bb7c4dd,has_parameter,Actions.sysmlx
8eb5d5be-a991-56c8-8e6c-8bae6bb7c4dd,95d950c7-f1ba-5c55-8231-ce8f2472e2a3,contains,Actions.sysmlx
95d950c7-f1ba-5c55-8231-ce8f2472e2a3,9f04cf1c-52fd-5f54-b573-f6b0a2e9e4fd,contains,Actions.sysmlx
95d950c7-f1ba-5c55-8231-ce8f2472e2a3,9f04cf1c-52fd-5f54-b573-f6b0a2e9e4fd,has_value,Actions.sysmlx
9f04cf1c-52fd-5f54-b573-f6b0a2e9e4fd,f20f53f6-36e2-5c5d-8cd7-2ffa878e8966,contains,Actions.sysmlx
9f04cf1c-52fd-5f54-b573-f6b0a2e9e4fd,f20f53f6-36e2-5c5d-8cd7-2ffa878e8966,references,Actions.sysmlx
f20f53f6-36e2-5c5d-8cd7-2ffa878e8966,e2b93350-b8ea-58af-9789-1beb20a4a3d6,contains,Actions.sysmlx
f20f53f6-36e2-5c5d-8cd7-2ffa878e8966,e2b93350-b8ea-58af-9789-1beb20a4a3d6,has_member,Actions.sysmlx
f20f53f6-36e2-5c5d-8cd7-2ffa878e8966,a6172327-4e94-5540-b8d1-6c906694eee0,contains,Actions.sysmlx
f20f53f6-36e2-5c5d-8cd7-2ffa878e8966,a6172327-4e94-5540-b8d1-6c906694eee0,has_return_parameter,Actions.sysmlx
a6172327-4e94-5540-b8d1-6c906694eee0,f6331e9f-f622-5587-bfbf-85d6d7d8ab4a,contains,Actions.sysmlx
523ecbe7-d19f-5d29-bd01-39a36c49f7c3,2396eb83-6bb5-54f8-be14-8db9a19cec56,contains,Actions.sysmlx
523ecbe7-d19f-5d29-bd01-39a36c49f7c3,2396eb83-6bb5-54f8-be14-8db9a19cec56,has_return_parameter,Actions.sysmlx
2396eb83-6bb5-54f8-be14-8db9a19cec56,af7beecf-a6a8-597b-8641-ccba6e03dad1,contains,Actions.sysmlx
af7beecf-a6a8-597b-8641-ccba6e03dad1,ab09be4e-66af-5064-bc5d-f2b993899ae1,contains,Actions.sysmlx
af7beecf-a6a8-597b-8641-ccba6e03dad1,ab09be4e-66af-5064-bc5d-f2b993899ae1,typed_by,Actions.sysmlx
ab09be4e-66af-5064-bc5d-f2b993899ae1,af7beecf-a6a8-597b-8641-ccba6e03dad1,typed_by,Actions.sysmlx
b5a83421-c8a1-5d9e-b7ec-4a415b52ee85,dba66732-08b7-5f59-9b5b-8fa31aea4a32,contains,Actions.sysmlx
b5a83421-c8a1-5d9e-b7ec-4a415b52ee85,dba66732-08b7-5f59-9b5b-8fa31aea4a32,owns,Actions.sysmlx
dba66732-08b7-5f59-9b5b-8fa31aea4a32,33a47099-5b24-5638-b7a7-2a69944d40ba,contains,Actions.sysmlx
60005f8a-dbfc-599c-89b6-26ab49420da3,ed6d8847-6268-5b41-8b85-b60092b1a0be,contains,Actions.sysmlx
60005f8a-dbfc-599c-89b6-26ab49420da3,ed6d8847-6268-5b41-8b85-b60092b1a0be,owns,Actions.sysmlx
ed6d8847-6268-5b41-8b85-b60092b1a0be,86c380e3-fb78-55b3-975d-413bd2a3aa0c,contains,Actions.sysmlx
86c380e3-fb78-55b3-975d-413bd2a3aa0c,146850bc-2147-540f-adde-8e5a71365783,contains,Actions.sysmlx
86c380e3-fb78-55b3-975d-413bd2a3aa0c,146850bc-2147-540f-adde-8e5a71365783,specializes,Actions.sysmlx
86c380e3-fb78-55b3-975d-413bd2a3aa0c,b86727d5-3184-58dd-83e5-7c3e912fedef,contains,Actions.sysmlx
86c380e3-fb78-55b3-975d-413bd2a3aa0c,b86727d5-3184-58dd-83e5-7c3e912fedef,specializes,Actions.sysmlx
86c380e3-fb78-55b3-975d-413bd2a3aa0c,d680a40e-529f-5172-adef-3cd4d6ba5031,contains,Actions.sysmlx
86c380e3-fb78-55b3-975d-413bd2a3aa0c,d680a40e-529f-5172-adef-3cd4d6ba5031,owns,Actions.sysmlx
d680a40e-529f-5172-adef-3cd4d6ba5031,03afd0d3-dfed-57d7-9b8d-e3b916d3f1c3,contains,Actions.sysmlx
86c380e3-fb78-55b3-975d-413bd2a3aa0c,116c9612-6523-59b3-b8d8-81b989a557aa,contains,Actions.sysmlx
86c380e3-fb78-55b3-975d-413bd2a3aa0c,116c9612-6523-59b3-b8d8-81b989a557aa,has_feature,Actions.sysmlx
116c9612-6523-59b3-b8d8-81b989a557aa,cbac3309-8b22-5851-8adb-fd210d990d99,contains,Actions.sysmlx
cbac3309-8b22-5851-8adb-fd210d990d99,220cbc0b-cb5d-5c91-a17b-0e8bef168530,contains,Actions.sysmlx
cbac3309-8b22-5851-8adb-fd210d990d99,220cbc0b-cb5d-5c91-a17b-0e8bef168530,owns,Actions.sysmlx
220cbc0b-cb5d-5c91-a17b-0e8bef168530,6aaaedfe-ea84-50a2-b04b-4edd85d5390a,contains,Actions.sysmlx
6aaaedfe-ea84-50a2-b04b-4edd85d5390a,69fcc31a-65eb-5e17-9f5b-d980eb2c6d51,contains,Actions.sysmlx
6aaaedfe-ea84-50a2-b04b-4edd85d5390a,69fcc31a-65eb-5e17-9f5b-d980eb2c6d51,owns,Actions.sysmlx
69fcc31a-65eb-5e17-9f5b-d980eb2c6d51,1a0d8bfb-e0d2-5447-b78b-bdd8faf9de59,contains,Actions.sysmlx
86c380e3-fb78-55b3-975d-413bd2a3aa0c,924c823c-0e53-5d23-b0a6-1f0685fadbc9,contains,Actions.sysmlx
86c380e3-fb78-55b3-975d-413bd2a3aa0c,924c823c-0e53-5d23-b0a6-1f0685fadbc9,has_feature,Actions.sysmlx
924c823c-0e53-5d23-b0a6-1f0685fadbc9,75e16812-c1c3-50f4-8f17-a07a639fdbda,contains,Actions.sysmlx
924c823c-0e53-5d23-b0a6-1f0685fadbc9,75e16812-c1c3-50f4-8f17-a07a639fdbda,has_action,Actions.sysmlx
75e16812-c1c3-50f4-8f17-a07a639fdbda,101e4798-750a-5c84-a6ad-62226dd54900,contains,Actions.sysmlx
75e16812-c1c3-50f4-8f17-a07a639fdbda,101e4798-750a-5c84-a6ad-62226dd54900,owns,Actions.sysmlx
101e4798-750a-5c84-a6ad-62226dd54900,8bf3b401-497c-5511-8c2a-7e5c5cdc9218,contains,Actions.sysmlx
8bf3b401-497c-5511-8c2a-7e5c5cdc9218,02129f49-9dd0-5cf4-a2eb-c5391b1da71b,contains,Actions.sysmlx
8bf3b401-497c-5511-8c2a-7e5c5cdc9218,02129f49-9dd0-5cf4-a2eb-c5391b1da71b,owns,Actions.sysmlx
02129f49-9dd0-5cf4-a2eb-c5391b1da71b,330141b6-6d94-5758-9b7e-54eddb277991,contains,Actions.sysmlx
8bf3b401-497c-5511-8c2a-7e5c5cdc9218,d657e49a-4047-5aab-945d-97cafdfc7aad,contains,Actions.sysmlx
8bf3b401-497c-5511-8c2a-7e5c5cdc9218,d657e49a-4047-5aab-945d-97cafdfc7aad,owns,Actions.sysmlx
d657e49a-4047-5aab-945d-97cafdfc7aad,32d110fb-00b3-5fb2-aae2-f5c479d1bf3c,contains,Actions.sysmlx
60005f8a-dbfc-599c-89b6-26ab49420da3,5699db48-a525-59b9-ad4f-5f214102d631,contains,Actions.sysmlx
60005f8a-dbfc-599c-89b6-26ab49420da3,5699db48-a525-59b9-ad4f-5f214102d631,owns,Actions.sysmlx
5699db48-a525-59b9-ad4f-5f214102d631,fe23868c-9461-522a-b59d-c13ecde2616f,contains,Actions.sysmlx
fe23868c-9461-522a-b59d-c13ecde2616f,accf8a33-580e-5e5a-b111-4925d766e3c8,contains,Actions.sysmlx
fe23868c-9461-522a-b59d-c13ecde2616f,accf8a33-580e-5e5a-b111-4925d766e3c8,specializes,Actions.sysmlx
fe23868c-9461-522a-b59d-c13ecde2616f,3460173d-3bd9-51c8-b7d0-8528158ed86b,contains,Actions.sysmlx
fe23868c-9461-522a-b59d-c13ecde2616f,3460173d-3bd9-51c8-b7d0-8528158ed86b,specializes,Actions.sysmlx
fe23868c-9461-522a-b59d-c13ecde2616f,5388206e-4fa6-589e-a4d3-70f5275ff172,contains,Actions.sysmlx
fe23868c-9461-522a-b59d-c13ecde2616f,5388206e-4fa6-589e-a4d3-70f5275ff172,owns,Actions.sysmlx
5388206e-4fa6-589e-a4d3-70f5275ff172,008f3501-a818-535f-b280-1d7260c2a9d3,contains,Actions.sysmlx
fe23868c-9461-522a-b59d-c13ecde2616f,50f4a201-b87b-5e71-ae46-c88f49465569,contains,Actions.sysmlx
fe23868c-9461-522a-b59d-c13ecde2616f,50f4a201-b87b-5e71-ae46-c88f49465569,has_feature,Actions.sysmlx
50f4a201-b87b-5e71-ae46-c88f49465569,7512548c-daf2-553a-8fc7-bbdc2532bf73,contains,Actions.sysmlx
7512548c-daf2-553a-8fc7-bbdc2532bf73,4d16dd9b-49f8-5b9b-8d1b-11d09d646450,contains,Actions.sysmlx
7512548c-daf2-553a-8fc7-bbdc2532bf73,4d16dd9b-49f8-5b9b-8d1b-11d09d646450,owns,Actions.sysmlx
4d16dd9b-49f8-5b9b-8d1b-11d09d646450,e4f954d1-6c26-5faa-9df7-be4b9f59bfe0,contains,Actions.sysmlx
e4f954d1-6c26-5faa-9df7-be4b9f59bfe0,bec2da05-1627-5e22-ba6a-9743b066697a,contains,Actions.sysmlx
e4f954d1-6c26-5faa-9df7-be4b9f59bfe0,bec2da05-1627-5e22-ba6a-9743b066697a,owns,Actions.sysmlx
bec2da05-1627-5e22-ba6a-9743b066697a,15fd5881-1cc0-5817-bb21-b270160a223b,contains,Actions.sysmlx
fe23868c-9461-522a-b59d-c13ecde2616f,2c4be8d1-1deb-5edc-afb1-a125cd43408d,contains,Actions.sysmlx
fe23868c-9461-522a-b59d-c13ecde2616f,2c4be8d1-1deb-5edc-afb1-a125cd43408d,has_feature,Actions.sysmlx
2c4be8d1-1deb-5edc-afb1-a125cd43408d,e43901d2-7dc5-5ad7-bb84-7a8868525dfe,contains,Actions.sysmlx
2c4be8d1-1deb-5edc-afb1-a125cd43408d,e43901d2-7dc5-5ad7-bb84-7a8868525dfe,has_action,Actions.sysmlx
e43901d2-7dc5-5ad7-bb84-7a8868525dfe,82024668-10af-562e-a0af-d2f52c14f2fe,contains,Actions.sysmlx
e43901d2-7dc5-5ad7-bb84-7a8868525dfe,82024668-10af-562e-a0af-d2f52c14f2fe,owns,Actions.sysmlx
82024668-10af-562e-a0af-d2f52c14f2fe,264923c3-daad-5184-9ed9-b71cb26d0890,contains,Actions.sysmlx
264923c3-daad-5184-9ed9-b71cb26d0890,6873b0ac-8c2b-56f4-8dad-2087e4e0b3c3,contains,Actions.sysmlx
264923c3-daad-5184-9ed9-b71cb26d0890,6873b0ac-8c2b-56f4-8dad-2087e4e0b3c3,owns,Actions.sysmlx
6873b0ac-8c2b-56f4-8dad-2087e4e0b3c3,124aba94-3732-5d10-bf38-e9ca7aa8bd0b,contains,Actions.sysmlx
264923c3-daad-5184-9ed9-b71cb26d0890,5494a7a0-1dcf-5a06-b2b0-4fcf3451ddf8,contains,Actions.sysmlx
264923c3-daad-5184-9ed9-b71cb26d0890,5494a7a0-1dcf-5a06-b2b0-4fcf3451ddf8,owns,Actions.sysmlx
5494a7a0-1dcf-5a06-b2b0-4fcf3451ddf8,9184d643-6624-55ff-b61a-1cd3b7632d12,contains,Actions.sysmlx
fe23868c-9461-522a-b59d-c13ecde2616f,de709407-8999-54cf-9069-1103aed4765d,contains,Actions.sysmlx
fe23868c-9461-522a-b59d-c13ecde2616f,de709407-8999-54cf-9069-1103aed4765d,has_feature,Actions.sysmlx
de709407-8999-54cf-9069-1103aed4765d,0e864641-5b69-50c5-90a1-d14188ef33fb,contains,Actions.sysmlx
de709407-8999-54cf-9069-1103aed4765d,0e864641-5b69-50c5-90a1-d14188ef33fb,has_action,Actions.sysmlx
0e864641-5b69-50c5-90a1-d14188ef33fb,c751d2f1-8d99-53d0-bef0-ec8171bc6587,contains,Actions.sysmlx
0e864641-5b69-50c5-90a1-d14188ef33fb,c751d2f1-8d99-53d0-bef0-ec8171bc6587,owns,Actions.sysmlx
c751d2f1-8d99-53d0-bef0-ec8171bc6587,fc400a77-ad59-5746-8fc4-aa7c8368cfec,contains,Actions.sysmlx
fc400a77-ad59-5746-8fc4-aa7c8368cfec,42850c34-1d56-51fc-8109-43eecdeb9cb4,contains,Actions.sysmlx
fc400a77-ad59-5746-8fc4-aa7c8368cfec,42850c34-1d56-51fc-8109-43eecdeb9cb4,owns,Actions.sysmlx
42850c34-1d56-51fc-8109-43eecdeb9cb4,980819e6-7bf7-5aac-9246-99c05d6a0fcd,contains,Actions.sysmlx
fc400a77-ad59-5746-8fc4-aa7c8368cfec,cd50736e-e691-5abe-9c42-6396bf8f6f97,contains,Actions.sysmlx
fc400a77-ad59-5746-8fc4-aa7c8368cfec,cd50736e-e691-5abe-9c42-6396bf8f6f97,owns,Actions.sysmlx
cd50736e-e691-5abe-9c42-6396bf8f6f97,ae23b401-8a2d-5d0f-93ed-d62c6f6b0653,contains,Actions.sysmlx
60005f8a-dbfc-599c-89b6-26ab49420da3,d6c576f5-50a3-5767-99ec-83f36b9e6f4e,contains,Actions.sysmlx
60005f8a-dbfc-599c-89b6-26ab49420da3,d6c576f5-50a3-5767-99ec-83f36b9e6f4e,owns,Actions.sysmlx
d6c576f5-50a3-5767-99ec-83f36b9e6f4e,1237bb5a-3052-5fd3-9219-3b88e36af65d,contains,Actions.sysmlx
d6c576f5-50a3-5767-99ec-83f36b9e6f4e,1237bb5a-3052-5fd3-9219-3b88e36af65d,has_action,Actions.sysmlx
1237bb5a-3052-5fd3-9219-3b88e36af65d,3a71a175-7f78-5053-90fb-b540a0831822,contains,Actions.sysmlx
1237bb5a-3052-5fd3-9219-3b88e36af65d,3a71a175-7f78-5053-90fb-b540a0831822,typed_by,Actions.sysmlx
3a71a175-7f78-5053-90fb-b540a0831822,1237bb5a-3052-5fd3-9219-3b88e36af65d,typed_by,Actions.sysmlx
1237bb5a-3052-5fd3-9219-3b88e36af65d,f51c1dec-e5d1-508d-aeee-219d1b60f1d7,contains,Actions.sysmlx
1237bb5a-3052-5fd3-9219-3b88e36af65d,f51c1dec-e5d1-508d-aeee-219d1b60f1d7,owns,Actions.sysmlx
f51c1dec-e5d1-508d-aeee-219d1b60f1d7,c82f3170-1e2d-5d9b-839a-f8725f5bb769,contains,Actions.sysmlx
c82f3170-1e2d-5d9b-839a-f8725f5bb769,70e45729-317d-5ae4-879c-8618b23432c5,contains,Actions.sysmlx
c82f3170-1e2d-5d9b-839a-f8725f5bb769,70e45729-317d-5ae4-879c-8618b23432c5,owns,Actions.sysmlx
70e45729-317d-5ae4-879c-8618b23432c5,40f899c4-5490-5762-ba63-7f6d7826f517,contains,Actions.sysmlx
c82f3170-1e2d-5d9b-839a-f8725f5bb769,0e9fc389-e11f-515f-ad56-60c862b19a0e,contains,Actions.sysmlx
c82f3170-1e2d-5d9b-839a-f8725f5bb769,0e9fc389-e11f-515f-ad56-60c862b19a0e,owns,Actions.sysmlx
0e9fc389-e11f-515f-ad56-60c862b19a0e,3333317a-7723-5669-b408-d80b3db332d1,contains,Actions.sysmlx
1237bb5a-3052-5fd3-9219-3b88e36af65d,62f91c00-3f38-5a02-a5b7-5b3db8c88df4,contains,Actions.sysmlx
1237bb5a-3052-5fd3-9219-3b88e36af65d,62f91c00-3f38-5a02-a5b7-5b3db8c88df4,subsets,Actions.sysmlx
62f91c00-3f38-5a02-a5b7-5b3db8c88df4,0cc065ef-4e93-5aed-a3f3-5e8cbb417021,subsets,Actions.sysmlx
62f91c00-3f38-5a02-a5b7-5b3db8c88df4,1237bb5a-3052-5fd3-9219-3b88e36af65d,subsets,Actions.sysmlx
1237bb5a-3052-5fd3-9219-3b88e36af65d,c01c3d2e-38d2-58bf-bee6-9ef7c920c5a6,contains,Actions.sysmlx
1237bb5a-3052-5fd3-9219-3b88e36af65d,c01c3d2e-38d2-58bf-bee6-9ef7c920c5a6,owns,Actions.sysmlx
c01c3d2e-38d2-58bf-bee6-9ef7c920c5a6,b0ce7dd4-3c6d-5ae3-bc1e-396b957a0dbe,contains,Actions.sysmlx
60005f8a-dbfc-599c-89b6-26ab49420da3,7a78f9f3-c6c3-5221-a49a-9abd5a1d18ec,contains,Actions.sysmlx
60005f8a-dbfc-599c-89b6-26ab49420da3,7a78f9f3-c6c3-5221-a49a-9abd5a1d18ec,owns,Actions.sysmlx
7a78f9f3-c6c3-5221-a49a-9abd5a1d18ec,38770a72-2539-5047-9872-0f6fc6a6e6cd,contains,Actions.sysmlx
7a78f9f3-c6c3-5221-a49a-9abd5a1d18ec,38770a72-2539-5047-9872-0f6fc6a6e6cd,has_action,Actions.sysmlx
38770a72-2539-5047-9872-0f6fc6a6e6cd,c77b5e44-ded6-54e0-add9-b981a994676e,contains,Actions.sysmlx
38770a72-2539-5047-9872-0f6fc6a6e6cd,c77b5e44-ded6-54e0-add9-b981a994676e,typed_by,Actions.sysmlx
c77b5e44-ded6-54e0-add9-b981a994676e,38770a72-2539-5047-9872-0f6fc6a6e6cd,typed_by,Actions.sysmlx
38770a72-2539-5047-9872-0f6fc6a6e6cd,0211ae14-d4d4-5e61-9ac9-9006eca1aaf8,contains,Actions.sysmlx
38770a72-2539-5047-9872-0f6fc6a6e6cd,0211ae14-d4d4-5e61-9ac9-9006eca1aaf8,owns,Actions.sysmlx
0211ae14-d4d4-5e61-9ac9-9006eca1aaf8,f9735a45-ed8f-56f0-ba45-d652bced0fc4,contains,Actions.sysmlx
f9735a45-ed8f-56f0-ba45-d652bced0fc4,49e838f6-e1f6-5d8c-9f9f-d1c599b2000a,contains,Actions.sysmlx
f9735a45-ed8f-56f0-ba45-d652bced0fc4,49e838f6-e1f6-5d8c-9f9f-d1c599b2000a,owns,Actions.sysmlx
49e838f6-e1f6-5d8c-9f9f-d1c599b2000a,ae7bc8d4-7de2-5ae5-8233-0bc89be07507,contains,Actions.sysmlx
f9735a45-ed8f-56f0-ba45-d652bced0fc4,151f8c99-501d-56d5-bfc6-986be7ecb490,contains,Actions.sysmlx
f9735a45-ed8f-56f0-ba45-d652bced0fc4,151f8c99-501d-56d5-bfc6-986be7ecb490,owns,Actions.sysmlx
151f8c99-501d-56d5-bfc6-986be7ecb490,26684b8f-ab9c-5d9b-97b7-048a2726adb1,contains,Actions.sysmlx
38770a72-2539-5047-9872-0f6fc6a6e6cd,d0072b9f-a56e-57ec-b4e5-7ba6c1d14c08,contains,Actions.sysmlx
38770a72-2539-5047-9872-0f6fc6a6e6cd,d0072b9f-a56e-57ec-b4e5-7ba6c1d14c08,subsets,Actions.sysmlx
d0072b9f-a56e-57ec-b4e5-7ba6c1d14c08,0cc065ef-4e93-5aed-a3f3-5e8cbb417021,subsets,Actions.sysmlx
d0072b9f-a56e-57ec-b4e5-7ba6c1d14c08,38770a72-2539-5047-9872-0f6fc6a6e6cd,subsets,Actions.sysmlx
38770a72-2539-5047-9872-0f6fc6a6e6cd,cccc6077-d150-55d3-a57f-f3ff1f697774,contains,Actions.sysmlx
38770a72-2539-5047-9872-0f6fc6a6e6cd,cccc6077-d150-55d3-a57f-f3ff1f697774,owns,Actions.sysmlx
cccc6077-d150-55d3-a57f-f3ff1f697774,776c9a5a-97ca-534d-98dd-0d1d6df72f56,contains,Actions.sysmlx
60005f8a-dbfc-599c-89b6-26ab49420da3,0dacb4d8-03bf-5a3c-b9b9-f63f4a1ddb8e,contains,Actions.sysmlx
60005f8a-dbfc-599c-89b6-26ab49420da3,0dacb4d8-03bf-5a3c-b9b9-f63f4a1ddb8e,owns,Actions.sysmlx
0dacb4d8-03bf-5a3c-b9b9-f63f4a1ddb8e,1db46609-daaf-546d-8d4a-8a9c6062a4b7,contains,Actions.sysmlx
1db46609-daaf-546d-8d4a-8a9c6062a4b7,e3669079-42c3-5246-8866-64fadfc7951d,contains,Actions.sysmlx
1db46609-daaf-546d-8d4a-8a9c6062a4b7,e3669079-42c3-5246-8866-64fadfc7951d,specializes,Actions.sysmlx
1db46609-daaf-546d-8d4a-8a9c6062a4b7,bcca88f2-bc18-53b4-b9ed-6656d2c6f1a8,contains,Actions.sysmlx
1db46609-daaf-546d-8d4a-8a9c6062a4b7,bcca88f2-bc18-53b4-b9ed-6656d2c6f1a8,owns,Actions.sysmlx
bcca88f2-bc18-53b4-b9ed-6656d2c6f1a8,1d641ba7-d383-5b85-b06c-a4e267297da0,contains,Actions.sysmlx
1db46609-daaf-546d-8d4a-8a9c6062a4b7,e36995a2-aa6c-5929-b38b-0b86865bb447,contains,Actions.sysmlx
1db46609-daaf-546d-8d4a-8a9c6062a4b7,e36995a2-aa6c-5929-b38b-0b86865bb447,has_feature,Actions.sysmlx
e36995a2-aa6c-5929-b38b-0b86865bb447,de578d72-897c-5f6d-9c6e-6d2ee0c3accd,contains,Actions.sysmlx
1db46609-daaf-546d-8d4a-8a9c6062a4b7,8c11f73a-2c2d-5576-b90a-213b83ee2224,contains,Actions.sysmlx
1db46609-daaf-546d-8d4a-8a9c6062a4b7,8c11f73a-2c2d-5576-b90a-213b83ee2224,has_feature,Actions.sysmlx
8c11f73a-2c2d-5576-b90a-213b83ee2224,7ca003ec-ca57-58a3-b64b-1268adea1e35,contains,Actions.sysmlx
8c11f73a-2c2d-5576-b90a-213b83ee2224,7ca003ec-ca57-58a3-b64b-1268adea1e35,has_action,Actions.sysmlx
7ca003ec-ca57-58a3-b64b-1268adea1e35,53649dc4-fdd4-5fdd-aee7-d5fc611b5a06,contains,Actions.sysmlx
7ca003ec-ca57-58a3-b64b-1268adea1e35,53649dc4-fdd4-5fdd-aee7-d5fc611b5a06,owns,Actions.sysmlx
53649dc4-fdd4-5fdd-aee7-d5fc611b5a06,fd405145-23d5-5965-8780-e49b85c476b8,contains,Actions.sysmlx
fd405145-23d5-5965-8780-e49b85c476b8,22535bdf-f201-5179-9469-fe0fca46d0e0,contains,Actions.sysmlx
fd405145-23d5-5965-8780-e49b85c476b8,22535bdf-f201-5179-9469-fe0fca46d0e0,owns,Actions.sysmlx
22535bdf-f201-5179-9469-fe0fca46d0e0,d01a1841-8b81-56f6-b5d3-e1e2367e7e75,contains,Actions.sysmlx
fd405145-23d5-5965-8780-e49b85c476b8,d7467eb2-6687-5519-b9c9-d921441bc049,contains,Actions.sysmlx
fd405145-23d5-5965-8780-e49b85c476b8,d7467eb2-6687-5519-b9c9-d921441bc049,owns,Actions.sysmlx
d7467eb2-6687-5519-b9c9-d921441bc049,d8d374ca-45e2-5b67-83ed-52f40e922a64,contains,Actions.sysmlx
7ca003ec-ca57-58a3-b64b-1268adea1e35,13a1984d-0069-5c7d-b7c6-c58d0dca5c21,contains,Actions.sysmlx
7ca003ec-ca57-58a3-b64b-1268adea1e35,13a1984d-0069-5c7d-b7c6-c58d0dca5c21,owns,Actions.sysmlx
13a1984d-0069-5c7d-b7c6-c58d0dca5c21,4ec882a2-8caa-5ece-9c27-bd5be601c935,contains,Actions.sysmlx
60005f8a-dbfc-599c-89b6-26ab49420da3,6f46f247-2333-512e-9cef-042f14fe59bb,contains,Actions.sysmlx
60005f8a-dbfc-599c-89b6-26ab49420da3,6f46f247-2333-512e-9cef-042f14fe59bb,owns,Actions.sysmlx
6f46f247-2333-512e-9cef-042f14fe59bb,b1c17b76-83d7-55eb-ad2e-12aa5e33f498,contains,Actions.sysmlx
b1c17b76-83d7-55eb-ad2e-12aa5e33f498,7ba62770-7899-5af5-8db2-b77ff6dfea5b,contains,Actions.sysmlx
b1c17b76-83d7-55eb-ad2e-12aa5e33f498,7ba62770-7899-5af5-8db2-b77ff6dfea5b,specializes,Actions.sysmlx
b1c17b76-83d7-55eb-ad2e-12aa5e33f498,f28fb743-447b-5c79-a8bf-7b78e35ff1bc,contains,Actions.sysmlx
b1c17b76-83d7-55eb-ad2e-12aa5e33f498,f28fb743-447b-5c79-a8bf-7b78e35ff1bc,specializes,Actions.sysmlx
b1c17b76-83d7-55eb-ad2e-12aa5e33f498,08e4ea39-60e6-53a0-aba9-a2bec3f6299e,contains,Actions.sysmlx
b1c17b76-83d7-55eb-ad2e-12aa5e33f498,08e4ea39-60e6-53a0-aba9-a2bec3f6299e,owns,Actions.sysmlx
08e4ea39-60e6-53a0-aba9-a2bec3f6299e,e764787c-cde8-51a1-ac47-a4f89f3bfd85,contains,Actions.sysmlx
b1c17b76-83d7-55eb-ad2e-12aa5e33f498,4b028512-b910-5493-b7f9-0746293b831c,contains,Actions.sysmlx
b1c17b76-83d7-55eb-ad2e-12aa5e33f498,4b028512-b910-5493-b7f9-0746293b831c,has_feature,Actions.sysmlx
4b028512-b910-5493-b7f9-0746293b831c,59595d9f-7fcc-5ee0-ab28-1ab3bd86b392,contains,Actions.sysmlx
59595d9f-7fcc-5ee0-ab28-1ab3bd86b392,0c77ae5e-048b-558d-928a-9b6694b890ce,contains,Actions.sysmlx
59595d9f-7fcc-5ee0-ab28-1ab3bd86b392,0c77ae5e-048b-558d-928a-9b6694b890ce,has_value,Actions.sysmlx
0c77ae5e-048b-558d-928a-9b6694b890ce,59eccfa6-2d2e-504c-8f09-3d00a9432e1a,contains,Actions.sysmlx
0c77ae5e-048b-558d-928a-9b6694b890ce,59eccfa6-2d2e-504c-8f09-3d00a9432e1a,references,Actions.sysmlx
59eccfa6-2d2e-504c-8f09-3d00a9432e1a,24892b54-dc4b-56a2-8f5e-82d353522f12,contains,Actions.sysmlx
59eccfa6-2d2e-504c-8f09-3d00a9432e1a,24892b54-dc4b-56a2-8f5e-82d353522f12,has_feature,Actions.sysmlx
24892b54-dc4b-56a2-8f5e-82d353522f12,b63ce0ee-be1a-519c-83c1-cc012eb57c3d,contains,Actions.sysmlx
b63ce0ee-be1a-519c-83c1-cc012eb57c3d,52308017-0073-5358-bfda-6e66f0dbe238,contains,Actions.sysmlx
b63ce0ee-be1a-519c-83c1-cc012eb57c3d,52308017-0073-5358-bfda-6e66f0dbe238,has_result,Actions.sysmlx
52308017-0073-5358-bfda-6e66f0dbe238,bfb39d38-853a-501e-a000-78854392691c,contains,Actions.sysmlx
59eccfa6-2d2e-504c-8f09-3d00a9432e1a,9ac693b5-18b4-5f5b-a983-01c5c9a3cf27,contains,Actions.sysmlx
59eccfa6-2d2e-504c-8f09-3d00a9432e1a,9ac693b5-18b4-5f5b-a983-01c5c9a3cf27,has_return_parameter,Actions.sysmlx
9ac693b5-18b4-5f5b-a983-01c5c9a3cf27,5bb240da-4653-5a41-9247-6cf654b98563,contains,Actions.sysmlx
59595d9f-7fcc-5ee0-ab28-1ab3bd86b392,6b960207-a4a1-50e1-aacb-70e8c69c42d6,contains,Actions.sysmlx
59595d9f-7fcc-5ee0-ab28-1ab3bd86b392,6b960207-a4a1-50e1-aacb-70e8c69c42d6,owns,Actions.sysmlx
6b960207-a4a1-50e1-aacb-70e8c69c42d6,2c548f37-85f2-5515-a1cb-000da0f53a7c,contains,Actions.sysmlx
b1c17b76-83d7-55eb-ad2e-12aa5e33f498,08fe33af-6f5d-5e37-ac5c-b6fbc9f0cdab,contains,Actions.sysmlx
b1c17b76-83d7-55eb-ad2e-12aa5e33f498,08fe33af-6f5d-5e37-ac5c-b6fbc9f0cdab,has_feature,Actions.sysmlx
08fe33af-6f5d-5e37-ac5c-b6fbc9f0cdab,aa3797cd-47d4-5174-a3e9-dc4a70ad8890,contains,Actions.sysmlx
08fe33af-6f5d-5e37-ac5c-b6fbc9f0cdab,aa3797cd-47d4-5174-a3e9-dc4a70ad8890,has_action,Actions.sysmlx
aa3797cd-47d4-5174-a3e9-dc4a70ad8890,25a27f5e-196f-560a-9254-930fa5d525c4,contains,Actions.sysmlx
aa3797cd-47d4-5174-a3e9-dc4a70ad8890,25a27f5e-196f-560a-9254-930fa5d525c4,owns,Actions.sysmlx
25a27f5e-196f-560a-9254-930fa5d525c4,0a232988-2a64-56ee-8268-3436cc1c14fb,contains,Actions.sysmlx
b1c17b76-83d7-55eb-ad2e-12aa5e33f498,1df76fef-5bf0-5cd1-9356-b85a982fdab4,contains,Actions.sysmlx
b1c17b76-83d7-55eb-ad2e-12aa5e33f498,1df76fef-5bf0-5cd1-9356-b85a982fdab4,has_feature,Actions.sysmlx
1df76fef-5bf0-5cd1-9356-b85a982fdab4,bd963803-339b-5725-830b-c025dad99fea,contains,Actions.sysmlx
bd963803-339b-5725-830b-c025dad99fea,05b7e096-bfcd-5e97-a5eb-7c186b3d5a4b,contains,Actions.sysmlx
bd963803-339b-5725-830b-c025dad99fea,05b7e096-bfcd-5e97-a5eb-7c186b3d5a4b,has_value,Actions.sysmlx
05b7e096-bfcd-5e97-a5eb-7c186b3d5a4b,b7d79e1b-facc-5e01-9752-e39bacce6068,contains,Actions.sysmlx
05b7e096-bfcd-5e97-a5eb-7c186b3d5a4b,b7d79e1b-facc-5e01-9752-e39bacce6068,references,Actions.sysmlx
b7d79e1b-facc-5e01-9752-e39bacce6068,e1ed2110-ddb3-52c8-a174-eefbb52755f1,contains,Actions.sysmlx
b7d79e1b-facc-5e01-9752-e39bacce6068,e1ed2110-ddb3-52c8-a174-eefbb52755f1,has_feature,Actions.sysmlx
e1ed2110-ddb3-52c8-a174-eefbb52755f1,1f49696c-0b2c-553d-ac8e-68258203277d,contains,Actions.sysmlx
1f49696c-0b2c-553d-ac8e-68258203277d,6ccba2f6-2278-58ce-80d3-dbfbcc49c26c,contains,Actions.sysmlx
1f49696c-0b2c-553d-ac8e-68258203277d,6ccba2f6-2278-58ce-80d3-dbfbcc49c26c,has_result,Actions.sysmlx
6ccba2f6-2278-58ce-80d3-dbfbcc49c26c,47cc0aee-4238-534c-9c12-286fed013d11,contains,Actions.sysmlx
b7d79e1b-facc-5e01-9752-e39bacce6068,0d6d7bdd-277e-5665-b3fb-fa2d1b3cbbf1,contains,Actions.sysmlx
b7d79e1b-facc-5e01-9752-e39bacce6068,0d6d7bdd-277e-5665-b3fb-fa2d1b3cbbf1,has_return_parameter,Actions.sysmlx
0d6d7bdd-277e-5665-b3fb-fa2d1b3cbbf1,cad254d4-e528-5390-9f04-49a78d18c750,contains,Actions.sysmlx
bd963803-339b-5725-830b-c025dad99fea,b7073c7f-c9bf-53f2-acad-465f98dccc22,contains,Actions.sysmlx
bd963803-339b-5725-830b-c025dad99fea,b7073c7f-c9bf-53f2-acad-465f98dccc22,owns,Actions.sysmlx
b7073c7f-c9bf-53f2-acad-465f98dccc22,7c40cbf6-ac0f-55fb-9b2f-a0951146cfea,contains,Actions.sysmlx
60005f8a-dbfc-599c-89b6-26ab49420da3,0a6d50d5-2a4d-5373-bd20-5b796b0ba4a8,contains,Actions.sysmlx
60005f8a-dbfc-599c-89b6-26ab49420da3,0a6d50d5-2a4d-5373-bd20-5b796b0ba4a8,owns,Actions.sysmlx
0a6d50d5-2a4d-5373-bd20-5b796b0ba4a8,5d23b6da-f3a6-5c37-809f-1761d845f65d,contains,Actions.sysmlx
5d23b6da-f3a6-5c37-809f-1761d845f65d,8971de56-606e-5f06-8cb7-986976cfde46,contains,Actions.sysmlx
5d23b6da-f3a6-5c37-809f-1761d845f65d,8971de56-606e-5f06-8cb7-986976cfde46,specializes,Actions.sysmlx
5d23b6da-f3a6-5c37-809f-1761d845f65d,aecb236d-df50-5d06-ba5e-287d9f235d04,contains,Actions.sysmlx
5d23b6da-f3a6-5c37-809f-1761d845f65d,aecb236d-df50-5d06-ba5e-287d9f235d04,owns,Actions.sysmlx
aecb236d-df50-5d06-ba5e-287d9f235d04,33cce6f8-a538-5be9-98b4-47882c8bf88c,contains,Actions.sysmlx
5d23b6da-f3a6-5c37-809f-1761d845f65d,c16ca13c-65ce-525a-92bf-7eb78d005f06,contains,Actions.sysmlx
5d23b6da-f3a6-5c37-809f-1761d845f65d,c16ca13c-65ce-525a-92bf-7eb78d005f06,has_feature,Actions.sysmlx
c16ca13c-65ce-525a-92bf-7eb78d005f06,14a26146-c468-547d-adf0-78b7d38fc784,contains,Actions.sysmlx
14a26146-c468-547d-adf0-78b7d38fc784,50fe0192-967e-597f-98ff-67204300c080,contains,Actions.sysmlx
14a26146-c468-547d-adf0-78b7d38fc784,50fe0192-967e-597f-98ff-67204300c080,owns,Actions.sysmlx
50fe0192-967e-597f-98ff-67204300c080,7ed7a970-9379-55bc-9f73-023782fe0563,contains,Actions.sysmlx
7ed7a970-9379-55bc-9f73-023782fe0563,00160563-1e42-57fa-9a44-4da50b565aad,contains,Actions.sysmlx
7ed7a970-9379-55bc-9f73-023782fe0563,00160563-1e42-57fa-9a44-4da50b565aad,owns,Actions.sysmlx
00160563-1e42-57fa-9a44-4da50b565aad,29c50b3b-e024-52e1-80a3-42576b596d6a,contains,Actions.sysmlx
7ed7a970-9379-55bc-9f73-023782fe0563,4c362eb5-63d8-52a1-aa8b-6eca6921678d,contains,Actions.sysmlx
7ed7a970-9379-55bc-9f73-023782fe0563,4c362eb5-63d8-52a1-aa8b-6eca6921678d,owns,Actions.sysmlx
4c362eb5-63d8-52a1-aa8b-6eca6921678d,995fe7b7-500e-516a-a501-53898b17b2ce,contains,Actions.sysmlx
14a26146-c468-547d-adf0-78b7d38fc784,693732f0-f5cb-5b11-8329-3659a9f308a9,contains,Actions.sysmlx
14a26146-c468-547d-adf0-78b7d38fc784,693732f0-f5cb-5b11-8329-3659a9f308a9,subsets,Actions.sysmlx
693732f0-f5cb-5b11-8329-3659a9f308a9,41d30877-f576-5fe3-9334-21e360b02342,subsets,Actions.sysmlx
693732f0-f5cb-5b11-8329-3659a9f308a9,14a26146-c468-547d-adf0-78b7d38fc784,subsets,Actions.sysmlx
14a26146-c468-547d-adf0-78b7d38fc784,c2ce4d74-a93d-5cc4-9531-e2be854a8b27,contains,Actions.sysmlx
14a26146-c468-547d-adf0-78b7d38fc784,c2ce4d74-a93d-5cc4-9531-e2be854a8b27,owns,Actions.sysmlx
c2ce4d74-a93d-5cc4-9531-e2be854a8b27,ce3e2831-c604-5043-adbf-99779d021f17,contains,Actions.sysmlx
5d23b6da-f3a6-5c37-809f-1761d845f65d,4106e551-a1e1-586f-992f-5b12e69cc778,contains,Actions.sysmlx
5d23b6da-f3a6-5c37-809f-1761d845f65d,4106e551-a1e1-586f-992f-5b12e69cc778,has_feature,Actions.sysmlx
4106e551-a1e1-586f-992f-5b12e69cc778,41d30877-f576-5fe3-9334-21e360b02342,contains,Actions.sysmlx
41d30877-f576-5fe3-9334-21e360b02342,b2bff595-9df0-5fbc-9caf-f9969ea0ed1d,contains,Actions.sysmlx
41d30877-f576-5fe3-9334-21e360b02342,b2bff595-9df0-5fbc-9caf-f9969ea0ed1d,owns,Actions.sysmlx
b2bff595-9df0-5fbc-9caf-f9969ea0ed1d,e92b9bed-bea1-59ae-90d0-1b4e5c600d9d,contains,Actions.sysmlx
5d23b6da-f3a6-5c37-809f-1761d845f65d,f49b3e9a-7fc5-5238-a2ca-6067a2f4aa62,contains,Actions.sysmlx
5d23b6da-f3a6-5c37-809f-1761d845f65d,f49b3e9a-7fc5-5238-a2ca-6067a2f4aa62,has_feature,Actions.sysmlx
f49b3e9a-7fc5-5238-a2ca-6067a2f4aa62,bec12539-3b4d-5050-8340-404cb5f436a7,contains,Actions.sysmlx
f49b3e9a-7fc5-5238-a2ca-6067a2f4aa62,bec12539-3b4d-5050-8340-404cb5f436a7,has_action,Actions.sysmlx
bec12539-3b4d-5050-8340-404cb5f436a7,a3bf250f-0e23-523f-abfa-6f79e0924b2f,contains,Actions.sysmlx
bec12539-3b4d-5050-8340-404cb5f436a7,a3bf250f-0e23-523f-abfa-6f79e0924b2f,owns,Actions.sysmlx
a3bf250f-0e23-523f-abfa-6f79e0924b2f,bdcad5e0-a72f-5cd2-a030-cb2d05cdbb83,contains,Actions.sysmlx
5d23b6da-f3a6-5c37-809f-1761d845f65d,85c7ad33-e9cc-5316-b4a8-54889000e811,contains,Actions.sysmlx
5d23b6da-f3a6-5c37-809f-1761d845f65d,85c7ad33-e9cc-5316-b4a8-54889000e811,has_feature,Actions.sysmlx
85c7ad33-e9cc-5316-b4a8-54889000e811,d8dd8205-cc7e-5896-af32-ec41e642e6f6,contains,Actions.sysmlx
85c7ad33-e9cc-5316-b4a8-54889000e811,d8dd8205-cc7e-5896-af32-ec41e642e6f6,has_attribute,Actions.sysmlx
d8dd8205-cc7e-5896-af32-ec41e642e6f6,977312cc-d0d6-50d1-8041-1f0dd5ed2810,contains,Actions.sysmlx
d8dd8205-cc7e-5896-af32-ec41e642e6f6,977312cc-d0d6-50d1-8041-1f0dd5ed2810,typed_by,Actions.sysmlx
977312cc-d0d6-50d1-8041-1f0dd5ed2810,d8dd8205-cc7e-5896-af32-ec41e642e6f6,typed_by,Actions.sysmlx
d8dd8205-cc7e-5896-af32-ec41e642e6f6,1fa10673-115d-5a4b-a92e-9726d0897a52,contains,Actions.sysmlx
d8dd8205-cc7e-5896-af32-ec41e642e6f6,1fa10673-115d-5a4b-a92e-9726d0897a52,owns,Actions.sysmlx
1fa10673-115d-5a4b-a92e-9726d0897a52,b510a32e-39cd-511b-ac8e-49fc2e2ecaf2,contains,Actions.sysmlx
d8dd8205-cc7e-5896-af32-ec41e642e6f6,c3395d31-8278-57f2-8152-aeb271c228ef,contains,Actions.sysmlx
d8dd8205-cc7e-5896-af32-ec41e642e6f6,c3395d31-8278-57f2-8152-aeb271c228ef,owns,Actions.sysmlx
c3395d31-8278-57f2-8152-aeb271c228ef,ed2796ea-5be6-5481-8cc6-7ec7f3ed3d73,contains,Actions.sysmlx
5d23b6da-f3a6-5c37-809f-1761d845f65d,04008981-cbfc-5432-8128-c973fdee79ee,contains,Actions.sysmlx
5d23b6da-f3a6-5c37-809f-1761d845f65d,04008981-cbfc-5432-8128-c973fdee79ee,has_feature,Actions.sysmlx
04008981-cbfc-5432-8128-c973fdee79ee,64f58473-f6c5-5596-896b-16e43f8c0e5b,contains,Actions.sysmlx
04008981-cbfc-5432-8128-c973fdee79ee,64f58473-f6c5-5596-896b-16e43f8c0e5b,has_assignment_action,Actions.sysmlx
64f58473-f6c5-5596-896b-16e43f8c0e5b,9622dd4c-4e8a-56f7-a414-5a165059d3dc,contains,Actions.sysmlx
64f58473-f6c5-5596-896b-16e43f8c0e5b,9622dd4c-4e8a-56f7-a414-5a165059d3dc,has_parameter,Actions.sysmlx
9622dd4c-4e8a-56f7-a414-5a165059d3dc,1e0798e9-7570-5d82-b887-d85ba13557b3,contains,Actions.sysmlx
1e0798e9-7570-5d82-b887-d85ba13557b3,1d0a8b8d-fd62-5d20-8948-631f53f1ae23,contains,Actions.sysmlx
1e0798e9-7570-5d82-b887-d85ba13557b3,1d0a8b8d-fd62-5d20-8948-631f53f1ae23,has_feature,Actions.sysmlx
1d0a8b8d-fd62-5d20-8948-631f53f1ae23,dbdd484f-49d8-521c-8bbe-c95551a1feff,contains,Actions.sysmlx
dbdd484f-49d8-521c-8bbe-c95551a1feff,66f8c850-6697-51da-ac70-0318769a4416,contains,Actions.sysmlx
dbdd484f-49d8-521c-8bbe-c95551a1feff,66f8c850-6697-51da-ac70-0318769a4416,has_feature,Actions.sysmlx
66f8c850-6697-51da-ac70-0318769a4416,e56e0ae5-fc43-513e-ae6d-fb6789e12a81,contains,Actions.sysmlx
64f58473-f6c5-5596-896b-16e43f8c0e5b,e7832656-d9b9-5985-830a-2cd40743d276,contains,Actions.sysmlx
64f58473-f6c5-5596-896b-16e43f8c0e5b,e7832656-d9b9-5985-830a-2cd40743d276,has_member,Actions.sysmlx
e7832656-d9b9-5985-830a-2cd40743d276,d8dd8205-cc7e-5896-af32-ec41e642e6f6,has_member,Actions.sysmlx
64f58473-f6c5-5596-896b-16e43f8c0e5b,cc6cf9fa-f658-5145-bee7-308fdd6625e7,contains,Actions.sysmlx
64f58473-f6c5-5596-896b-16e43f8c0e5b,cc6cf9fa-f658-5145-bee7-308fdd6625e7,has_parameter,Actions.sysmlx
cc6cf9fa-f658-5145-bee7-308fdd6625e7,7f7387df-a530-50f4-b623-0e20cc25b462,contains,Actions.sysmlx
7f7387df-a530-50f4-b623-0e20cc25b462,ad653d01-b856-5e77-8bc1-1cc6bc549913,contains,Actions.sysmlx
7f7387df-a530-50f4-b623-0e20cc25b462,ad653d01-b856-5e77-8bc1-1cc6bc549913,has_value,Actions.sysmlx
ad653d01-b856-5e77-8bc1-1cc6bc549913,cad80bc2-4c09-5d6c-a3da-f25d28ec710a,contains,Actions.sysmlx
5d23b6da-f3a6-5c37-809f-1761d845f65d,2bb15526-490a-5eda-8af8-b7662807b063,contains,Actions.sysmlx
5d23b6da-f3a6-5c37-809f-1761d845f65d,2bb15526-490a-5eda-8af8-b7662807b063,has_feature,Actions.sysmlx
2bb15526-490a-5eda-8af8-b7662807b063,7d5b2ad2-e6ee-532e-bb2f-9d3259e5db28,contains,Actions.sysmlx
2bb15526-490a-5eda-8af8-b7662807b063,7d5b2ad2-e6ee-532e-bb2f-9d3259e5db28,precedes,Actions.sysmlx
7d5b2ad2-e6ee-532e-bb2f-9d3259e5db28,dfb9b11a-227c-5808-b924-e79b7a9cf5b2,contains,Actions.sysmlx
7d5b2ad2-e6ee-532e-bb2f-9d3259e5db28,dfb9b11a-227c-5808-b924-e79b7a9cf5b2,has_end,Actions.sysmlx
dfb9b11a-227c-5808-b924-e79b7a9cf5b2,5722627e-ea95-5169-859a-96761ff9228d,contains,Actions.sysmlx
5722627e-ea95-5169-859a-96761ff9228d,3bc16666-8b5a-50df-a257-7e7570ec1a7b,contains,Actions.sysmlx
5722627e-ea95-5169-859a-96761ff9228d,3bc16666-8b5a-50df-a257-7e7570ec1a7b,owns,Actions.sysmlx
3bc16666-8b5a-50df-a257-7e7570ec1a7b,3b026f50-c24f-5559-aac6-12d716801e89,contains,Actions.sysmlx
7d5b2ad2-e6ee-532e-bb2f-9d3259e5db28,bf63a5a1-e7f3-5363-8ed3-0fe761eb514c,contains,Actions.sysmlx
7d5b2ad2-e6ee-532e-bb2f-9d3259e5db28,bf63a5a1-e7f3-5363-8ed3-0fe761eb514c,has_end,Actions.sysmlx
bf63a5a1-e7f3-5363-8ed3-0fe761eb514c,fc1ace30-5d53-5618-b763-741072e5f654,contains,Actions.sysmlx
fc1ace30-5d53-5618-b763-741072e5f654,f36137ff-adf6-5c8a-93ac-5c63335a5e69,contains,Actions.sysmlx
fc1ace30-5d53-5618-b763-741072e5f654,f36137ff-adf6-5c8a-93ac-5c63335a5e69,owns,Actions.sysmlx
f36137ff-adf6-5c8a-93ac-5c63335a5e69,708c3feb-7b73-542c-9e87-4a732f284d5c,contains,Actions.sysmlx
5d23b6da-f3a6-5c37-809f-1761d845f65d,35e0086b-986f-5a38-92f6-eec87ccf3203,contains,Actions.sysmlx
5d23b6da-f3a6-5c37-809f-1761d845f65d,35e0086b-986f-5a38-92f6-eec87ccf3203,has_feature,Actions.sysmlx
35e0086b-986f-5a38-92f6-eec87ccf3203,99865fa8-767e-5861-9271-52036d531c5d,contains,Actions.sysmlx
35e0086b-986f-5a38-92f6-eec87ccf3203,99865fa8-767e-5861-9271-52036d531c5d,has_loop,Actions.sysmlx
99865fa8-767e-5861-9271-52036d531c5d,99323968-3df3-5d80-9882-5c16af1f9f7b,contains,Actions.sysmlx
99865fa8-767e-5861-9271-52036d531c5d,99323968-3df3-5d80-9882-5c16af1f9f7b,has_parameter,Actions.sysmlx
99323968-3df3-5d80-9882-5c16af1f9f7b,ca4a802e-fc58-5a52-bd1b-c1a8821aa397,contains,Actions.sysmlx
99323968-3df3-5d80-9882-5c16af1f9f7b,ca4a802e-fc58-5a52-bd1b-c1a8821aa397,has_operator,Actions.sysmlx
ca4a802e-fc58-5a52-bd1b-c1a8821aa397,7988568e-a214-5221-8228-58c2187c9356,contains,Actions.sysmlx
ca4a802e-fc58-5a52-bd1b-c1a8821aa397,7988568e-a214-5221-8228-58c2187c9356,has_parameter,Actions.sysmlx
7988568e-a214-5221-8228-58c2187c9356,8dc67dbf-5444-54f2-8e3c-8894b202b92a,contains,Actions.sysmlx
8dc67dbf-5444-54f2-8e3c-8894b202b92a,0b7510c1-4ccc-5fd1-96e4-16d4ca5429cd,contains,Actions.sysmlx
8dc67dbf-5444-54f2-8e3c-8894b202b92a,0b7510c1-4ccc-5fd1-96e4-16d4ca5429cd,has_value,Actions.sysmlx
0b7510c1-4ccc-5fd1-96e4-16d4ca5429cd,2d4d9baf-8557-5fba-b560-aa23da2032c5,contains,Actions.sysmlx
0b7510c1-4ccc-5fd1-96e4-16d4ca5429cd,2d4d9baf-8557-5fba-b560-aa23da2032c5,references,Actions.sysmlx
2d4d9baf-8557-5fba-b560-aa23da2032c5,02c1c8e6-b2fc-54f7-a785-420509c75fce,contains,Actions.sysmlx
2d4d9baf-8557-5fba-b560-aa23da2032c5,02c1c8e6-b2fc-54f7-a785-420509c75fce,has_member,Actions.sysmlx
02c1c8e6-b2fc-54f7-a785-420509c75fce,d8dd8205-cc7e-5896-af32-ec41e642e6f6,has_member,Actions.sysmlx
2d4d9baf-8557-5fba-b560-aa23da2032c5,ce1cf676-e758-5742-acac-0a002436abd1,contains,Actions.sysmlx
2d4d9baf-8557-5fba-b560-aa23da2032c5,ce1cf676-e758-5742-acac-0a002436abd1,has_return_parameter,Actions.sysmlx
ce1cf676-e758-5742-acac-0a002436abd1,0121c529-e239-55ac-b0d8-33db8b0fd725,contains,Actions.sysmlx
ca4a802e-fc58-5a52-bd1b-c1a8821aa397,b19f8e4c-cc21-54aa-bf37-4d47ee05bc2a,contains,Actions.sysmlx
ca4a802e-fc58-5a52-bd1b-c1a8821aa397,b19f8e4c-cc21-54aa-bf37-4d47ee05bc2a,has_parameter,Actions.sysmlx
b19f8e4c-cc21-54aa-bf37-4d47ee05bc2a,b61d903a-2247-5ee6-af63-6d41dd5bf3b4,contains,Actions.sysmlx
b61d903a-2247-5ee6-af63-6d41dd5bf3b4,3dc0f872-7ab9-5b52-82dc-e2c6cca3bc20,contains,Actions.sysmlx
b61d903a-2247-5ee6-af63-6d41dd5bf3b4,3dc0f872-7ab9-5b52-82dc-e2c6cca3bc20,has_value,Actions.sysmlx
3dc0f872-7ab9-5b52-82dc-e2c6cca3bc20,546a00ad-cdb3-57fe-af34-6b8306ca7174,contains,Actions.sysmlx
3dc0f872-7ab9-5b52-82dc-e2c6cca3bc20,546a00ad-cdb3-57fe-af34-6b8306ca7174,invokes,Actions.sysmlx
546a00ad-cdb3-57fe-af34-6b8306ca7174,8f3edbbb-800c-5d5f-a2e5-116ccb685fe2,contains,Actions.sysmlx
546a00ad-cdb3-57fe-af34-6b8306ca7174,8f3edbbb-800c-5d5f-a2e5-116ccb685fe2,has_member,Actions.sysmlx
546a00ad-cdb3-57fe-af34-6b8306ca7174,fd291b52-34cc-52bc-a8e4-8b92a43a1092,contains,Actions.sysmlx
546a00ad-cdb3-57fe-af34-6b8306ca7174,fd291b52-34cc-52bc-a8e4-8b92a43a1092,has_parameter,Actions.sysmlx
fd291b52-34cc-52bc-a8e4-8b92a43a1092,df5a3a6b-6213-5ce9-bacb-2620b0909883,contains,Actions.sysmlx
df5a3a6b-6213-5ce9-bacb-2620b0909883,bb5e852f-a207-52c4-94eb-2348363e17c2,contains,Actions.sysmlx
df5a3a6b-6213-5ce9-bacb-2620b0909883,bb5e852f-a207-52c4-94eb-2348363e17c2,has_value,Actions.sysmlx
bb5e852f-a207-52c4-94eb-2348363e17c2,775d9e89-7cc3-57b9-a4df-05fc98058001,contains,Actions.sysmlx
bb5e852f-a207-52c4-94eb-2348363e17c2,775d9e89-7cc3-57b9-a4df-05fc98058001,references,Actions.sysmlx
775d9e89-7cc3-57b9-a4df-05fc98058001,ff94bbc7-5f81-56d5-8da7-4a37e13c102b,contains,Actions.sysmlx
775d9e89-7cc3-57b9-a4df-05fc98058001,ff94bbc7-5f81-56d5-8da7-4a37e13c102b,has_member,Actions.sysmlx
ff94bbc7-5f81-56d5-8da7-4a37e13c102b,41d30877-f576-5fe3-9334-21e360b02342,has_member,Actions.sysmlx
775d9e89-7cc3-57b9-a4df-05fc98058001,599d09d0-902d-5310-a586-370da04a10ba,contains,Actions.sysmlx
775d9e89-7cc3-57b9-a4df-05fc98058001,599d09d0-902d-5310-a586-370da04a10ba,has_return_parameter,Actions.sysmlx
599d09d0-902d-5310-a586-370da04a10ba,fbb02602-8bda-5ee1-8607-e78af4618679,contains,Actions.sysmlx
546a00ad-cdb3-57fe-af34-6b8306ca7174,abbd631e-cc83-5a1c-8914-6e4ac64c3c89,contains,Actions.sysmlx
546a00ad-cdb3-57fe-af34-6b8306ca7174,abbd631e-cc83-5a1c-8914-6e4ac64c3c89,has_return_parameter,Actions.sysmlx
abbd631e-cc83-5a1c-8914-6e4ac64c3c89,8ffdad2b-b9fd-5bc1-9b87-019e81f52ea4,contains,Actions.sysmlx
ca4a802e-fc58-5a52-bd1b-c1a8821aa397,9fcad9d8-23e2-5d5f-ab13-ae9c78dac18d,contains,Actions.sysmlx
ca4a802e-fc58-5a52-bd1b-c1a8821aa397,9fcad9d8-23e2-5d5f-ab13-ae9c78dac18d,has_return_parameter,Actions.sysmlx
9fcad9d8-23e2-5d5f-ab13-ae9c78dac18d,31c32eea-9c79-583c-a08a-597bd4e13115,contains,Actions.sysmlx
99865fa8-767e-5861-9271-52036d531c5d,6d3633da-3fb7-5310-a6ad-000ffec0e4e9,contains,Actions.sysmlx
99865fa8-767e-5861-9271-52036d531c5d,6d3633da-3fb7-5310-a6ad-000ffec0e4e9,has_parameter,Actions.sysmlx
6d3633da-3fb7-5310-a6ad-000ffec0e4e9,87874cba-b244-59f6-be08-763149120fcb,contains,Actions.sysmlx
6d3633da-3fb7-5310-a6ad-000ffec0e4e9,87874cba-b244-59f6-be08-763149120fcb,has_action,Actions.sysmlx
87874cba-b244-59f6-be08-763149120fcb,80359dd5-4673-5ec1-ad51-36b71521460e,contains,Actions.sysmlx
87874cba-b244-59f6-be08-763149120fcb,80359dd5-4673-5ec1-ad51-36b71521460e,has_feature,Actions.sysmlx
80359dd5-4673-5ec1-ad51-36b71521460e,64c014cd-0b63-5cd2-86df-44d92bb8f912,contains,Actions.sysmlx
80359dd5-4673-5ec1-ad51-36b71521460e,64c014cd-0b63-5cd2-86df-44d92bb8f912,has_assignment_action,Actions.sysmlx
64c014cd-0b63-5cd2-86df-44d92bb8f912,5fbb73f3-4267-5dd9-9cf7-1cc21d1cb706,contains,Actions.sysmlx
64c014cd-0b63-5cd2-86df-44d92bb8f912,5fbb73f3-4267-5dd9-9cf7-1cc21d1cb706,has_parameter,Actions.sysmlx
5fbb73f3-4267-5dd9-9cf7-1cc21d1cb706,d94fdde5-8479-5f1b-b9c4-7874d79a6efd,contains,Actions.sysmlx
d94fdde5-8479-5f1b-b9c4-7874d79a6efd,c352a4cf-4e76-5616-a3f3-fbaacc0d3234,contains,Actions.sysmlx
d94fdde5-8479-5f1b-b9c4-7874d79a6efd,c352a4cf-4e76-5616-a3f3-fbaacc0d3234,has_feature,Actions.sysmlx
c352a4cf-4e76-5616-a3f3-fbaacc0d3234,b2fe20a2-90bf-55fd-ab51-9301fc929790,contains,Actions.sysmlx
b2fe20a2-90bf-55fd-ab51-9301fc929790,2747849f-d97d-5f0b-903b-8bfbeaed8469,contains,Actions.sysmlx
b2fe20a2-90bf-55fd-ab51-9301fc929790,2747849f-d97d-5f0b-903b-8bfbeaed8469,has_feature,Actions.sysmlx
2747849f-d97d-5f0b-903b-8bfbeaed8469,5b633229-24c9-56e4-a426-10ad45ee9f7c,contains,Actions.sysmlx
64c014cd-0b63-5cd2-86df-44d92bb8f912,cb46e678-c725-5057-a079-cfbc9f71de9a,contains,Actions.sysmlx
64c014cd-0b63-5cd2-86df-44d92bb8f912,cb46e678-c725-5057-a079-cfbc9f71de9a,has_member,Actions.sysmlx
cb46e678-c725-5057-a079-cfbc9f71de9a,14a26146-c468-547d-adf0-78b7d38fc784,has_member,Actions.sysmlx
64c014cd-0b63-5cd2-86df-44d92bb8f912,e2c1ca16-47ef-5f49-9349-741945b61768,contains,Actions.sysmlx
64c014cd-0b63-5cd2-86df-44d92bb8f912,e2c1ca16-47ef-5f49-9349-741945b61768,has_parameter,Actions.sysmlx
e2c1ca16-47ef-5f49-9349-741945b61768,e89ae63e-2f08-513f-9c0f-793ae2115928,contains,Actions.sysmlx
e89ae63e-2f08-513f-9c0f-793ae2115928,8a1e79f2-4318-5dba-b769-d978fd935df4,contains,Actions.sysmlx
e89ae63e-2f08-513f-9c0f-793ae2115928,8a1e79f2-4318-5dba-b769-d978fd935df4,has_value,Actions.sysmlx
8a1e79f2-4318-5dba-b769-d978fd935df4,730a84f6-4c6d-50f3-9d33-a123e3833371,contains,Actions.sysmlx
8a1e79f2-4318-5dba-b769-d978fd935df4,730a84f6-4c6d-50f3-9d33-a123e3833371,indexes,Actions.sysmlx
730a84f6-4c6d-50f3-9d33-a123e3833371,d4bb0b96-5bbc-50d0-a1db-c55e3988d08b,contains,Actions.sysmlx
730a84f6-4c6d-50f3-9d33-a123e3833371,d4bb0b96-5bbc-50d0-a1db-c55e3988d08b,has_parameter,Actions.sysmlx
d4bb0b96-5bbc-50d0-a1db-c55e3988d08b,ef8de977-7a3f-59cd-b241-d6a0e1a4d884,contains,Actions.sysmlx
ef8de977-7a3f-59cd-b241-d6a0e1a4d884,6473c78f-a4e8-5450-a132-e01aa43f565c,contains,Actions.sysmlx
ef8de977-7a3f-59cd-b241-d6a0e1a4d884,6473c78f-a4e8-5450-a132-e01aa43f565c,has_value,Actions.sysmlx
6473c78f-a4e8-5450-a132-e01aa43f565c,11c6462c-28f7-523a-9e14-fcbdd57d395b,contains,Actions.sysmlx
6473c78f-a4e8-5450-a132-e01aa43f565c,11c6462c-28f7-523a-9e14-fcbdd57d395b,references,Actions.sysmlx
11c6462c-28f7-523a-9e14-fcbdd57d395b,76c5ac04-aac0-5d90-b362-afa9893f1a8f,contains,Actions.sysmlx
11c6462c-28f7-523a-9e14-fcbdd57d395b,76c5ac04-aac0-5d90-b362-afa9893f1a8f,has_member,Actions.sysmlx
76c5ac04-aac0-5d90-b362-afa9893f1a8f,41d30877-f576-5fe3-9334-21e360b02342,has_member,Actions.sysmlx
11c6462c-28f7-523a-9e14-fcbdd57d395b,17e15c7a-a851-5806-922c-964cfcf9cf2a,contains,Actions.sysmlx
11c6462c-28f7-523a-9e14-fcbdd57d395b,17e15c7a-a851-5806-922c-964cfcf9cf2a,has_return_parameter,Actions.sysmlx
17e15c7a-a851-5806-922c-964cfcf9cf2a,f58b6967-2066-5676-bff4-2a470fe44b33,contains,Actions.sysmlx
730a84f6-4c6d-50f3-9d33-a123e3833371,1196cc05-3538-5895-bc01-35000b84e2c6,contains,Actions.sysmlx
730a84f6-4c6d-50f3-9d33-a123e3833371,1196cc05-3538-5895-bc01-35000b84e2c6,has_parameter,Actions.sysmlx
1196cc05-3538-5895-bc01-35000b84e2c6,7641fca2-8183-5c01-8372-1a1bb9ef28a1,contains,Actions.sysmlx
7641fca2-8183-5c01-8372-1a1bb9ef28a1,1b02a9ee-1c4a-59c7-ae81-77c4c6f36447,contains,Actions.sysmlx
7641fca2-8183-5c01-8372-1a1bb9ef28a1,1b02a9ee-1c4a-59c7-ae81-77c4c6f36447,has_value,Actions.sysmlx
1b02a9ee-1c4a-59c7-ae81-77c4c6f36447,c5bbb9e6-bbd3-54b6-a1ec-021cf8fe29e1,contains,Actions.sysmlx
1b02a9ee-1c4a-59c7-ae81-77c4c6f36447,c5bbb9e6-bbd3-54b6-a1ec-021cf8fe29e1,references,Actions.sysmlx
c5bbb9e6-bbd3-54b6-a1ec-021cf8fe29e1,18acd811-2425-5195-b564-42a8a4d6890b,contains,Actions.sysmlx
c5bbb9e6-bbd3-54b6-a1ec-021cf8fe29e1,18acd811-2425-5195-b564-42a8a4d6890b,has_member,Actions.sysmlx
18acd811-2425-5195-b564-42a8a4d6890b,d8dd8205-cc7e-5896-af32-ec41e642e6f6,has_member,Actions.sysmlx
c5bbb9e6-bbd3-54b6-a1ec-021cf8fe29e1,7f4c76a3-cb66-5d94-a543-3feb3b1e454b,contains,Actions.sysmlx
c5bbb9e6-bbd3-54b6-a1ec-021cf8fe29e1,7f4c76a3-cb66-5d94-a543-3feb3b1e454b,has_return_parameter,Actions.sysmlx
7f4c76a3-cb66-5d94-a543-3feb3b1e454b,29e7125a-72b9-5787-a5d9-4f020d0d2928,contains,Actions.sysmlx
730a84f6-4c6d-50f3-9d33-a123e3833371,cf0ba95f-1fa4-59be-b55d-e97f2bd9d40a,contains,Actions.sysmlx
730a84f6-4c6d-50f3-9d33-a123e3833371,cf0ba95f-1fa4-59be-b55d-e97f2bd9d40a,has_return_parameter,Actions.sysmlx
cf0ba95f-1fa4-59be-b55d-e97f2bd9d40a,3053d314-4d73-57b5-8a58-71f27fd2c5d8,contains,Actions.sysmlx
87874cba-b244-59f6-be08-763149120fcb,b7cd1145-4258-5648-b185-17cb4b289669,contains,Actions.sysmlx
87874cba-b244-59f6-be08-763149120fcb,b7cd1145-4258-5648-b185-17cb4b289669,has_feature,Actions.sysmlx
b7cd1145-4258-5648-b185-17cb4b289669,7f96b049-c709-56a0-ba89-50f33279de77,contains,Actions.sysmlx
b7cd1145-4258-5648-b185-17cb4b289669,7f96b049-c709-56a0-ba89-50f33279de77,precedes,Actions.sysmlx
7f96b049-c709-56a0-ba89-50f33279de77,a3f73e32-ee2c-5df7-ab30-72ee35c9055b,contains,Actions.sysmlx
7f96b049-c709-56a0-ba89-50f33279de77,a3f73e32-ee2c-5df7-ab30-72ee35c9055b,has_end,Actions.sysmlx
a3f73e32-ee2c-5df7-ab30-72ee35c9055b,0cfb7108-1c51-5c00-b368-ee797d031464,contains,Actions.sysmlx
0cfb7108-1c51-5c00-b368-ee797d031464,5ef67888-9f1e-59b3-ba41-864b0ca651d3,contains,Actions.sysmlx
0cfb7108-1c51-5c00-b368-ee797d031464,5ef67888-9f1e-59b3-ba41-864b0ca651d3,owns,Actions.sysmlx
5ef67888-9f1e-59b3-ba41-864b0ca651d3,34ae7e4c-9a47-5039-be52-7aaf39bc04c2,contains,Actions.sysmlx
7f96b049-c709-56a0-ba89-50f33279de77,483145c5-0fd7-5eb0-90ba-10854fa580a4,contains,Actions.sysmlx
7f96b049-c709-56a0-ba89-50f33279de77,483145c5-0fd7-5eb0-90ba-10854fa580a4,has_end,Actions.sysmlx
483145c5-0fd7-5eb0-90ba-10854fa580a4,2eb3808e-cea1-5e17-9325-69b1ef5d7288,contains,Actions.sysmlx
2eb3808e-cea1-5e17-9325-69b1ef5d7288,540b4351-5478-5b39-a90b-d04ca190f684,contains,Actions.sysmlx
2eb3808e-cea1-5e17-9325-69b1ef5d7288,540b4351-5478-5b39-a90b-d04ca190f684,owns,Actions.sysmlx
540b4351-5478-5b39-a90b-d04ca190f684,42c40c3b-38d9-5b99-8222-9cc8af1e5cf3,contains,Actions.sysmlx
87874cba-b244-59f6-be08-763149120fcb,e5d61569-10e8-5b27-8b25-85ae68084890,contains,Actions.sysmlx
87874cba-b244-59f6-be08-763149120fcb,e5d61569-10e8-5b27-8b25-85ae68084890,has_feature,Actions.sysmlx
e5d61569-10e8-5b27-8b25-85ae68084890,60494147-832b-56a1-af28-30e5a6a1b9b6,contains,Actions.sysmlx
e5d61569-10e8-5b27-8b25-85ae68084890,60494147-832b-56a1-af28-30e5a6a1b9b6,performs_action,Actions.sysmlx
60494147-832b-56a1-af28-30e5a6a1b9b6,736ef6cd-0664-5ac5-ac93-d65ea45c32ae,contains,Actions.sysmlx
60494147-832b-56a1-af28-30e5a6a1b9b6,736ef6cd-0664-5ac5-ac93-d65ea45c32ae,subsets,Actions.sysmlx
736ef6cd-0664-5ac5-ac93-d65ea45c32ae,87874cba-b244-59f6-be08-763149120fcb,has_feature,Actions.sysmlx
87874cba-b244-59f6-be08-763149120fcb,c6230de2-7bc4-59b0-811c-78e404ad6998,contains,Actions.sysmlx
87874cba-b244-59f6-be08-763149120fcb,c6230de2-7bc4-59b0-811c-78e404ad6998,has_feature,Actions.sysmlx
c6230de2-7bc4-59b0-811c-78e404ad6998,58133d6a-4a83-58ef-9633-76367ac75a81,contains,Actions.sysmlx
c6230de2-7bc4-59b0-811c-78e404ad6998,58133d6a-4a83-58ef-9633-76367ac75a81,precedes,Actions.sysmlx
58133d6a-4a83-58ef-9633-76367ac75a81,5916adf3-c200-514c-8b73-56a9425bda39,contains,Actions.sysmlx
58133d6a-4a83-58ef-9633-76367ac75a81,5916adf3-c200-514c-8b73-56a9425bda39,has_end,Actions.sysmlx
5916adf3-c200-514c-8b73-56a9425bda39,381f9d28-158a-5110-8a91-c173efd2e9e6,contains,Actions.sysmlx
381f9d28-158a-5110-8a91-c173efd2e9e6,a6548044-b08e-551d-9a8b-c5cc28abc56d,contains,Actions.sysmlx
381f9d28-158a-5110-8a91-c173efd2e9e6,a6548044-b08e-551d-9a8b-c5cc28abc56d,owns,Actions.sysmlx
a6548044-b08e-551d-9a8b-c5cc28abc56d,6261f61e-1b43-53a6-b621-568bdfc87cbc,contains,Actions.sysmlx
58133d6a-4a83-58ef-9633-76367ac75a81,52e3a9fd-ed28-57ba-8fdf-3d476794304a,contains,Actions.sysmlx
58133d6a-4a83-58ef-9633-76367ac75a81,52e3a9fd-ed28-57ba-8fdf-3d476794304a,has_end,Actions.sysmlx
52e3a9fd-ed28-57ba-8fdf-3d476794304a,0dd4e153-665c-582a-b1ed-2a29a9128c8d,contains,Actions.sysmlx
0dd4e153-665c-582a-b1ed-2a29a9128c8d,a2504cde-c3f4-5917-bcaa-487828fdf2df,contains,Actions.sysmlx
0dd4e153-665c-582a-b1ed-2a29a9128c8d,a2504cde-c3f4-5917-bcaa-487828fdf2df,owns,Actions.sysmlx
a2504cde-c3f4-5917-bcaa-487828fdf2df,d00cdee1-af17-5685-a243-81ae8ca5b60f,contains,Actions.sysmlx
87874cba-b244-59f6-be08-763149120fcb,4043a165-621a-59f5-92dd-3eaf1cb6760d,contains,Actions.sysmlx
87874cba-b244-59f6-be08-763149120fcb,4043a165-621a-59f5-92dd-3eaf1cb6760d,has_feature,Actions.sysmlx
4043a165-621a-59f5-92dd-3eaf1cb6760d,39e34b52-70a7-5ba1-9381-d14949a0e79b,contains,Actions.sysmlx
4043a165-621a-59f5-92dd-3eaf1cb6760d,39e34b52-70a7-5ba1-9381-d14949a0e79b,has_assignment_action,Actions.sysmlx
39e34b52-70a7-5ba1-9381-d14949a0e79b,331aaa26-8742-505b-a57d-ca534f5e6e94,contains,Actions.sysmlx
39e34b52-70a7-5ba1-9381-d14949a0e79b,331aaa26-8742-505b-a57d-ca534f5e6e94,has_parameter,Actions.sysmlx
331aaa26-8742-505b-a57d-ca534f5e6e94,24ee5fc2-2a4f-552b-9b0a-3da28b178d31,contains,Actions.sysmlx
24ee5fc2-2a4f-552b-9b0a-3da28b178d31,1807fa78-000f-5e53-a235-4b7a62ef5976,contains,Actions.sysmlx
24ee5fc2-2a4f-552b-9b0a-3da28b178d31,1807fa78-000f-5e53-a235-4b7a62ef5976,has_feature,Actions.sysmlx
1807fa78-000f-5e53-a235-4b7a62ef5976,6a00cef5-ed77-5f17-9d7b-8ed1e2f1629a,contains,Actions.sysmlx
6a00cef5-ed77-5f17-9d7b-8ed1e2f1629a,448c51b4-bcd4-54d8-a3db-f06d8e245c7f,contains,Actions.sysmlx
6a00cef5-ed77-5f17-9d7b-8ed1e2f1629a,448c51b4-bcd4-54d8-a3db-f06d8e245c7f,has_feature,Actions.sysmlx
448c51b4-bcd4-54d8-a3db-f06d8e245c7f,425bd555-1934-5514-8ea6-e8175e9da8e9,contains,Actions.sysmlx
39e34b52-70a7-5ba1-9381-d14949a0e79b,761fda4b-397e-5c43-b0a2-fd0e536a1711,contains,Actions.sysmlx
39e34b52-70a7-5ba1-9381-d14949a0e79b,761fda4b-397e-5c43-b0a2-fd0e536a1711,has_member,Actions.sysmlx
761fda4b-397e-5c43-b0a2-fd0e536a1711,d8dd8205-cc7e-5896-af32-ec41e642e6f6,has_member,Actions.sysmlx
39e34b52-70a7-5ba1-9381-d14949a0e79b,82750639-7f54-5f91-86dd-90445adf8a3d,contains,Actions.sysmlx
39e34b52-70a7-5ba1-9381-d14949a0e79b,82750639-7f54-5f91-86dd-90445adf8a3d,has_parameter,Actions.sysmlx
82750639-7f54-5f91-86dd-90445adf8a3d,a3f4a9e4-39bc-5a46-a4f3-b1fc468a3145,contains,Actions.sysmlx
a3f4a9e4-39bc-5a46-a4f3-b1fc468a3145,b97500e3-9c02-5120-a28d-2c6b3a380df0,contains,Actions.sysmlx
a3f4a9e4-39bc-5a46-a4f3-b1fc468a3145,b97500e3-9c02-5120-a28d-2c6b3a380df0,has_value,Actions.sysmlx
b97500e3-9c02-5120-a28d-2c6b3a380df0,ed37b64b-a987-52cb-94ed-d0d7fa5ee4ae,contains,Actions.sysmlx
b97500e3-9c02-5120-a28d-2c6b3a380df0,ed37b64b-a987-52cb-94ed-d0d7fa5ee4ae,has_operator,Actions.sysmlx
ed37b64b-a987-52cb-94ed-d0d7fa5ee4ae,bf53babe-1cd7-5a1c-9740-0076f245fd87,contains,Actions.sysmlx
ed37b64b-a987-52cb-94ed-d0d7fa5ee4ae,bf53babe-1cd7-5a1c-9740-0076f245fd87,has_parameter,Actions.sysmlx
bf53babe-1cd7-5a1c-9740-0076f245fd87,02402990-62f1-55cf-9079-7f4bbd73c201,contains,Actions.sysmlx
02402990-62f1-55cf-9079-7f4bbd73c201,2791b8cf-b86a-5b93-88ab-d4a395a13b2e,contains,Actions.sysmlx
02402990-62f1-55cf-9079-7f4bbd73c201,2791b8cf-b86a-5b93-88ab-d4a395a13b2e,has_value,Actions.sysmlx
2791b8cf-b86a-5b93-88ab-d4a395a13b2e,707c4687-cba9-59e3-bbe1-d065bd85402b,contains,Actions.sysmlx
2791b8cf-b86a-5b93-88ab-d4a395a13b2e,707c4687-cba9-59e3-bbe1-d065bd85402b,references,Actions.sysmlx
707c4687-cba9-59e3-bbe1-d065bd85402b,89182a76-fa75-53bc-80af-1a291779a712,contains,Actions.sysmlx
707c4687-cba9-59e3-bbe1-d065bd85402b,89182a76-fa75-53bc-80af-1a291779a712,has_member,Actions.sysmlx
89182a76-fa75-53bc-80af-1a291779a712,d8dd8205-cc7e-5896-af32-ec41e642e6f6,has_member,Actions.sysmlx
707c4687-cba9-59e3-bbe1-d065bd85402b,911aebe5-9ca8-5afb-903e-01813c3c37af,contains,Actions.sysmlx
707c4687-cba9-59e3-bbe1-d065bd85402b,911aebe5-9ca8-5afb-903e-01813c3c37af,has_return_parameter,Actions.sysmlx
911aebe5-9ca8-5afb-903e-01813c3c37af,60f4e108-5571-5ad9-9e2d-e49f3e4b9d42,contains,Actions.sysmlx
ed37b64b-a987-52cb-94ed-d0d7fa5ee4ae,1966db95-9dfb-55c6-9b86-42e1b732be8c,contains,Actions.sysmlx
ed37b64b-a987-52cb-94ed-d0d7fa5ee4ae,1966db95-9dfb-55c6-9b86-42e1b732be8c,has_parameter,Actions.sysmlx
1966db95-9dfb-55c6-9b86-42e1b732be8c,7d758557-5465-586b-b0b5-4e7d32b525b1,contains,Actions.sysmlx
7d758557-5465-586b-b0b5-4e7d32b525b1,cdf71224-f5ba-518e-87ec-654654f4eaab,contains,Actions.sysmlx
7d758557-5465-586b-b0b5-4e7d32b525b1,cdf71224-f5ba-518e-87ec-654654f4eaab,has_value,Actions.sysmlx
cdf71224-f5ba-518e-87ec-654654f4eaab,3f35346f-a3e2-5a77-9b65-38cb799d36e8,contains,Actions.sysmlx
ed37b64b-a987-52cb-94ed-d0d7fa5ee4ae,0b45d683-d793-5efd-82a5-8472f658b230,contains,Actions.sysmlx
ed37b64b-a987-52cb-94ed-d0d7fa5ee4ae,0b45d683-d793-5efd-82a5-8472f658b230,has_return_parameter,Actions.sysmlx
0b45d683-d793-5efd-82a5-8472f658b230,4cc0f060-e970-5069-bdaf-f26429e9d78a,contains,Actions.sysmlx
60005f8a-dbfc-599c-89b6-26ab49420da3,8997d56a-e081-5d6d-ab2e-8211c54a847a,contains,Actions.sysmlx
60005f8a-dbfc-599c-89b6-26ab49420da3,8997d56a-e081-5d6d-ab2e-8211c54a847a,owns,Actions.sysmlx
8997d56a-e081-5d6d-ab2e-8211c54a847a,5292cd57-9a90-5695-b3f4-8a1b68d31787,contains,Actions.sysmlx
8997d56a-e081-5d6d-ab2e-8211c54a847a,5292cd57-9a90-5695-b3f4-8a1b68d31787,has_action,Actions.sysmlx
5292cd57-9a90-5695-b3f4-8a1b68d31787,a660e343-75b5-5d21-88cc-a7f22ef3e97c,contains,Actions.sysmlx
5292cd57-9a90-5695-b3f4-8a1b68d31787,a660e343-75b5-5d21-88cc-a7f22ef3e97c,typed_by,Actions.sysmlx
a660e343-75b5-5d21-88cc-a7f22ef3e97c,5292cd57-9a90-5695-b3f4-8a1b68d31787,typed_by,Actions.sysmlx
5292cd57-9a90-5695-b3f4-8a1b68d31787,53c8243a-3717-548d-b606-96c483e69040,contains,Actions.sysmlx
5292cd57-9a90-5695-b3f4-8a1b68d31787,53c8243a-3717-548d-b606-96c483e69040,owns,Actions.sysmlx
53c8243a-3717-548d-b606-96c483e69040,9beca916-a9f3-5b85-b82b-f48af455cff4,contains,Actions.sysmlx
9beca916-a9f3-5b85-b82b-f48af455cff4,5e7f69f3-f1f0-5f99-8278-beb31b7124ea,contains,Actions.sysmlx
9beca916-a9f3-5b85-b82b-f48af455cff4,5e7f69f3-f1f0-5f99-8278-beb31b7124ea,owns,Actions.sysmlx
5e7f69f3-f1f0-5f99-8278-beb31b7124ea,1a448a33-4004-58fd-8156-9321efbb88f5,contains,Actions.sysmlx
9beca916-a9f3-5b85-b82b-f48af455cff4,bb30a286-ff4e-5518-831e-6ba7cd7e4cde,contains,Actions.sysmlx
9beca916-a9f3-5b85-b82b-f48af455cff4,bb30a286-ff4e-5518-831e-6ba7cd7e4cde,owns,Actions.sysmlx
bb30a286-ff4e-5518-831e-6ba7cd7e4cde,6123775f-4d21-516b-9465-edae29b232a0,contains,Actions.sysmlx
5292cd57-9a90-5695-b3f4-8a1b68d31787,8dea44d5-f680-5896-9542-11768987d5bf,contains,Actions.sysmlx
5292cd57-9a90-5695-b3f4-8a1b68d31787,8dea44d5-f680-5896-9542-11768987d5bf,subsets,Actions.sysmlx
8dea44d5-f680-5896-9542-11768987d5bf,0cc065ef-4e93-5aed-a3f3-5e8cbb417021,subsets,Actions.sysmlx
8dea44d5-f680-5896-9542-11768987d5bf,5292cd57-9a90-5695-b3f4-8a1b68d31787,subsets,Actions.sysmlx
5292cd57-9a90-5695-b3f4-8a1b68d31787,b25a0243-a68a-557e-8b5e-a8fa79dd7e82,contains,Actions.sysmlx
5292cd57-9a90-5695-b3f4-8a1b68d31787,b25a0243-a68a-557e-8b5e-a8fa79dd7e82,owns,Actions.sysmlx
b25a0243-a68a-557e-8b5e-a8fa79dd7e82,6537d4e7-a4b4-5704-adc1-517bbbafaa24,contains,Actions.sysmlx
60005f8a-dbfc-599c-89b6-26ab49420da3,924f80c0-5ad7-55bb-986c-81b0e8236b3a,contains,Actions.sysmlx
60005f8a-dbfc-599c-89b6-26ab49420da3,924f80c0-5ad7-55bb-986c-81b0e8236b3a,owns,Actions.sysmlx
924f80c0-5ad7-55bb-986c-81b0e8236b3a,b871c9d1-9df6-5f1f-8c8b-903770181ec9,contains,Actions.sysmlx
924f80c0-5ad7-55bb-986c-81b0e8236b3a,b871c9d1-9df6-5f1f-8c8b-903770181ec9,has_action,Actions.sysmlx
b871c9d1-9df6-5f1f-8c8b-903770181ec9,05887049-af54-5a65-a8f8-1bda6f795f34,contains,Actions.sysmlx
b871c9d1-9df6-5f1f-8c8b-903770181ec9,05887049-af54-5a65-a8f8-1bda6f795f34,typed_by,Actions.sysmlx
05887049-af54-5a65-a8f8-1bda6f795f34,b871c9d1-9df6-5f1f-8c8b-903770181ec9,typed_by,Actions.sysmlx
b871c9d1-9df6-5f1f-8c8b-903770181ec9,c9064ec1-7add-5d7b-8b00-6764457d1232,contains,Actions.sysmlx
b871c9d1-9df6-5f1f-8c8b-903770181ec9,c9064ec1-7add-5d7b-8b00-6764457d1232,owns,Actions.sysmlx
c9064ec1-7add-5d7b-8b00-6764457d1232,12aad517-79ce-59e2-b506-d5b960bed16a,contains,Actions.sysmlx
12aad517-79ce-59e2-b506-d5b960bed16a,e899c2e9-9a50-5393-bb53-1aeb2438a153,contains,Actions.sysmlx
12aad517-79ce-59e2-b506-d5b960bed16a,e899c2e9-9a50-5393-bb53-1aeb2438a153,owns,Actions.sysmlx
e899c2e9-9a50-5393-bb53-1aeb2438a153,c7b08d8d-32a3-5534-8b0d-dcb8ecd34cc2,contains,Actions.sysmlx
12aad517-79ce-59e2-b506-d5b960bed16a,23fe916b-7aed-5209-9421-d43af9f6e282,contains,Actions.sysmlx
12aad517-79ce-59e2-b506-d5b960bed16a,23fe916b-7aed-5209-9421-d43af9f6e282,owns,Actions.sysmlx
23fe916b-7aed-5209-9421-d43af9f6e282,4897242e-f568-5fd8-aba3-16cdda1204ac,contains,Actions.sysmlx
b871c9d1-9df6-5f1f-8c8b-903770181ec9,1913e779-56a0-5a0c-8b18-1246bd96ccdd,contains,Actions.sysmlx
b871c9d1-9df6-5f1f-8c8b-903770181ec9,1913e779-56a0-5a0c-8b18-1246bd96ccdd,subsets,Actions.sysmlx
1913e779-56a0-5a0c-8b18-1246bd96ccdd,5292cd57-9a90-5695-b3f4-8a1b68d31787,subsets,Actions.sysmlx
1913e779-56a0-5a0c-8b18-1246bd96ccdd,b871c9d1-9df6-5f1f-8c8b-903770181ec9,subsets,Actions.sysmlx
b871c9d1-9df6-5f1f-8c8b-903770181ec9,a861935b-6165-5893-8669-62ee1d31bb0c,contains,Actions.sysmlx
b871c9d1-9df6-5f1f-8c8b-903770181ec9,a861935b-6165-5893-8669-62ee1d31bb0c,owns,Actions.sysmlx
a861935b-6165-5893-8669-62ee1d31bb0c,a188997d-785d-5711-868b-b0e605b38f77,contains,Actions.sysmlx
60005f8a-dbfc-599c-89b6-26ab49420da3,46a0c502-07af-5c94-9f73-f9ba8caada30,contains,Actions.sysmlx
60005f8a-dbfc-599c-89b6-26ab49420da3,46a0c502-07af-5c94-9f73-f9ba8caada30,owns,Actions.sysmlx
46a0c502-07af-5c94-9f73-f9ba8caada30,3074f9d7-61af-5874-9430-ec733aec8aad,contains,Actions.sysmlx
46a0c502-07af-5c94-9f73-f9ba8caada30,3074f9d7-61af-5874-9430-ec733aec8aad,has_action,Actions.sysmlx
3074f9d7-61af-5874-9430-ec733aec8aad,f35a5331-6a18-5c17-a562-fdcf3e154864,contains,Actions.sysmlx
3074f9d7-61af-5874-9430-ec733aec8aad,f35a5331-6a18-5c17-a562-fdcf3e154864,typed_by,Actions.sysmlx
f35a5331-6a18-5c17-a562-fdcf3e154864,3074f9d7-61af-5874-9430-ec733aec8aad,typed_by,Actions.sysmlx
3074f9d7-61af-5874-9430-ec733aec8aad,dbb71819-54e4-5505-a6f5-f8acbb1abda4,contains,Actions.sysmlx
3074f9d7-61af-5874-9430-ec733aec8aad,dbb71819-54e4-5505-a6f5-f8acbb1abda4,owns,Actions.sysmlx
dbb71819-54e4-5505-a6f5-f8acbb1abda4,0af5007a-8978-56f0-aa0b-0d5d2cef5126,contains,Actions.sysmlx
0af5007a-8978-56f0-aa0b-0d5d2cef5126,0bf01a60-d377-552c-a570-852ce04b47e9,contains,Actions.sysmlx
0af5007a-8978-56f0-aa0b-0d5d2cef5126,0bf01a60-d377-552c-a570-852ce04b47e9,owns,Actions.sysmlx
0bf01a60-d377-552c-a570-852ce04b47e9,97650383-c90d-51a1-9f10-42546bf0b284,contains,Actions.sysmlx
0af5007a-8978-56f0-aa0b-0d5d2cef5126,c4a4cbd0-bb1d-5ea6-a036-5f1939051868,contains,Actions.sysmlx
0af5007a-8978-56f0-aa0b-0d5d2cef5126,c4a4cbd0-bb1d-5ea6-a036-5f1939051868,owns,Actions.sysmlx
c4a4cbd0-bb1d-5ea6-a036-5f1939051868,f78b47d4-7261-5e8d-800b-043bb628dcaa,contains,Actions.sysmlx
3074f9d7-61af-5874-9430-ec733aec8aad,c7d69371-423c-592e-8e60-ddd80746485b,contains,Actions.sysmlx
3074f9d7-61af-5874-9430-ec733aec8aad,c7d69371-423c-592e-8e60-ddd80746485b,subsets,Actions.sysmlx
c7d69371-423c-592e-8e60-ddd80746485b,5292cd57-9a90-5695-b3f4-8a1b68d31787,subsets,Actions.sysmlx
c7d69371-423c-592e-8e60-ddd80746485b,3074f9d7-61af-5874-9430-ec733aec8aad,subsets,Actions.sysmlx
3074f9d7-61af-5874-9430-ec733aec8aad,2ec3346f-e01f-54d4-a2cb-6505e563e193,contains,Actions.sysmlx
3074f9d7-61af-5874-9430-ec733aec8aad,2ec3346f-e01f-54d4-a2cb-6505e563e193,owns,Actions.sysmlx
2ec3346f-e01f-54d4-a2cb-6505e563e193,25adf2fe-2e4a-5af3-8936-38a8ab6b7ba7,contains,Actions.sysmlx
