node_id,name,node_type,qualified_name,source_file,raw_type
97df5d7a-068b-56ad-955a-357c73d55853,,Namespace,,Views.sysmlx,Namespace
9929163d-e5bd-5c39-b35d-a06dd3596822,,OwningMembership,,Views.sysmlx,ownedRelationship
8072011e-ebf8-53d1-99ec-61905909e2fe,Views,LibraryPackage,,Views.sysmlx,ownedRelatedElement
33aeb521-3a93-504d-8fc9-271959c7f2ce,,OwningMembership,,Views.sysmlx,ownedRelationship
bb4d3186-47ea-55f2-99d0-c9ca319e1079,,Documentation,,Views.sysmlx,ownedRelatedElement
86dcffc6-bc60-5a80-9b07-0b1a051af47f,,MembershipImport,,Views.sysmlx,ownedRelationship
08acfb84-2e7f-5522-b4f6-4ff9c26d7580,,MembershipImport,,Views.sysmlx,ownedRelationship
7110fff5-62ee-5497-bb9a-4c136349d580,,MembershipImport,,Views.sysmlx,ownedRelationship
bd6f5b0f-4903-5c04-9e04-82c8597579a5,,MembershipImport,,Views.sysmlx,ownedRelationship
b16ffb42-7647-5a46-a1b7-f61301fab8d1,,OwningMembership,,Views.sysmlx,ownedRelationship
663e80b4-6101-559b-b7c6-8a61ce7f8fe5,View,ViewDefinition,,Views.sysmlx,ownedRelatedElement
12a9321e-e80f-56f9-83c6-10e39ce055cd,,Subclassification,,Views.sysmlx,ownedRelationship
5fa2b252-483d-5c71-977d-abf42623326b,,FeatureMembership,,Views.sysmlx,ownedRelationship
54b73776-2051-5b62-9f65-b6beb4bbf084,,ViewUsage,,Views.sysmlx,ownedRelatedElement
f757d288-44b6-537d-aa99-a7948af3e0be,,Redefinition,,Views.sysmlx,ownedRelationship
457b3d01-d564-598c-bd39-de6a5dca74d1,,FeatureTyping,,Views.sysmlx,ownedRelationship
520e3522-e09c-5906-bc35-1eb51e1f72a3,,FeatureMembership,,Views.sysmlx,ownedRelationship
8b18711a-0270-5a2d-95e9-9fc8ca0af484,subviews,ViewUsage,,Views.sysmlx,ownedRelatedElement
76bf2609-6e66-5849-aad1-e2445f109b59,,FeatureTyping,,Views.sysmlx,ownedRelationship
260c8fe8-42af-5dd0-a6cf-8dc271c17bbb,,OwningMembership,,Views.sysmlx,ownedRelationship
7a071883-07f6-5a28-a901-86b49565749f,,MultiplicityRange,,Views.sysmlx,ownedRelatedElement
5ff69933-7eb0-509c-bce7-cc10e79a293c,,OwningMembership,,Views.sysmlx,ownedRelationship
047ec19e-df00-5dc0-a8c7-77e26c9feecf,,LiteralInteger,,Views.sysmlx,ownedRelatedElement
a94f39d7-b438-501e-b9b0-2f47e1361403,,OwningMembership,,Views.sysmlx,ownedRelationship
7e1e634e-9c44-5fe3-b106-66cd1d5a120b,,LiteralInfinity,,Views.sysmlx,ownedRelatedElement
43a565ff-1d06-5006-b1eb-3259b4a4a89e,,Subsetting,,Views.sysmlx,ownedRelationship
320b35a1-cb91-5e03-837b-5bee74a797dc,,OwningMembership,,Views.sysmlx,ownedRelationship
1f8b8425-3823-5692-a98a-65a7d4cfa607,,Documentation,,Views.sysmlx,ownedRelatedElement
421f3ca0-8ba0-52f0-89e0-7e9449fc9814,,FeatureMembership,,Views.sysmlx,ownedRelationship
9efdba4a-ed23-5509-815f-cc72d0d4f9c1,viewRendering,RenderingUsage,,Views.sysmlx,ownedRelatedElement
eef4e34c-e6eb-5735-a3b9-736a28890c7b,,FeatureTyping,,Views.sysmlx,ownedRelationship
484abed5-955b-591f-967b-40e396fccfe6,,OwningMembership,,Views.sysmlx,ownedRelationship
810edfc3-0f02-56ce-b0c0-67dfa20c1238,,MultiplicityRange,,Views.sysmlx,ownedRelatedElement
3b7f785c-78ba-5290-938b-0302d12c7bd4,,OwningMembership,,Views.sysmlx,ownedRelationship
506c1ff7-2d9a-5b1b-87a1-ef2248015ae6,,LiteralInteger,,Views.sysmlx,ownedRelatedElement
1f7923cf-69cc-5e57-be92-cffc4f238d1f,,OwningMembership,,Views.sysmlx,ownedRelationship
849eb38e-0f9a-5c24-b43f-aa5dd58a107f,,LiteralInteger,,Views.sysmlx,ownedRelatedElement
949dd0b9-fa79-5e30-87bb-1a5b176e1a5d,,OwningMembership,,Views.sysmlx,ownedRelationship
33c51d2d-d298-54ae-b019-59a73667f4ac,,Documentation,,Views.sysmlx,ownedRelatedElement
4da258ad-96b6-5f40-b808-d26721a29ec1,,FeatureMembership,,Views.sysmlx,ownedRelationship
4261a3d0-3ba0-58d3-a37e-6e379253214f,viewpointSatisfactions,ViewpointUsage,,Views.sysmlx,ownedRelatedElement
09c8602f-0947-5797-9822-5c5c8c91e45a,,FeatureTyping,,Views.sysmlx,ownedRelationship
5332ed75-b0e9-55af-a05e-84d03271e5d6,,OwningMembership,,Views.sysmlx,ownedRelationship
66a3e112-52c4-5370-a654-699081748ac9,,MultiplicityRange,,Views.sysmlx,ownedRelatedElement
46a035d3-a09a-5dba-8e79-2179d3768d64,,OwningMembership,,Views.sysmlx,ownedRelationship
47504705-29e3-59ef-9b76-25c5d41948e3,,LiteralInteger,,Views.sysmlx,ownedRelatedElement
7c02594d-aeb9-57cb-8e64-140db9d1874a,,OwningMembership,,Views.sysmlx,ownedRelationship
3227c371-bfaf-57fb-a00c-e0893125346b,,LiteralInfinity,,Views.sysmlx,ownedRelatedElement
a4ccedd5-c05d-5ea8-8888-fafbd7855f53,,Subsetting,,Views.sysmlx,ownedRelationship
78e8182c-5f1e-5e29-9b38-17687f03b584,,Subsetting,,Views.sysmlx,ownedRelationship
cbeeb9c4-3de5-5506-862d-f60b7ea21183,,OwningMembership,,Views.sysmlx,ownedRelationship
05443bac-c458-539e-a768-a8e15400ebe9,,Documentation,,Views.sysmlx,ownedRelatedElement
9ae1529e-5787-5109-ae2e-0372ba338ee4,,FeatureMembership,,Views.sysmlx,ownedRelationship
d3721e64-9fd6-57e5-bfa9-6c83d47ef278,viewpointConformance,SatisfyRequirementUsage,,Views.sysmlx,ownedRelatedElement
477770fb-c9e3-5e4c-b43d-162b5c2d4be3,,SubjectMembership,,Views.sysmlx,ownedRelationship
6971129c-38f2-5745-8e63-d31d2f2b9acd,,ReferenceUsage,,Views.sysmlx,ownedRelatedElement
4bb83232-30b2-594c-90cb-bbb71c2f5d9e,,FeatureValue,,Views.sysmlx,ownedRelationship
f5e7f55f-89dc-5fcc-b750-c1f7f2eed1be,,FeatureReferenceExpression,,Views.sysmlx,ownedRelatedElement
541bfeda-3432-5fa1-8b2e-3f00b6c8a754,,Membership,,Views.sysmlx,ownedRelationship
576b1274-2360-5eac-868d-bb2181424e1c,,ReturnParameterMembership,,Views.sysmlx,ownedRelationship
e8d892d8-3354-5180-8cd4-459956222c51,,Feature,,Views.sysmlx,ownedRelatedElement
767c3bf5-0fca-5c96-920e-b71fda202d8f,,OwningMembership,,Views.sysmlx,ownedRelationship
a4c41c29-86fb-59ab-953e-27acb81cdfaf,,Documentation,,Views.sysmlx,ownedRelatedElement
3a65ad58-26e7-571b-9d2e-ac9855a63ea0,,RequirementConstraintMembership,,Views.sysmlx,ownedRelationship
68bf925f-6085-5ced-99d7-3890bd417f94,,ConstraintUsage,,Views.sysmlx,ownedRelatedElement
90aa6195-2e81-5056-b491-1971b3168f32,,ReferenceSubsetting,,Views.sysmlx,ownedRelationship
48827dfa-9d51-5dfe-9e74-c1bfd1a5d06d,,OwningMembership,,Views.sysmlx,ownedRelationship
2e1dadd6-1ce8-5769-8e52-33ad41925636,,Documentation,,Views.sysmlx,ownedRelatedElement
ad1fdc1b-4e42-55d6-a284-d954dcfbe4f7,,FeatureMembership,,Views.sysmlx,ownedRelationship
5c13cf62-ba23-5607-a11c-2321a2c2ba5e,,ReferenceUsage,,Views.sysmlx,ownedRelatedElement
6b72ed51-8da7-5ab2-9ef8-4925bdd1e899,,Redefinition,,Views.sysmlx,ownedRelationship
fbd92e7f-6d5a-516e-86fa-ac9580e3536a,,Redefinition,,Views.sysmlx,ownedRelationship
de0bb5b2-7e46-5b4c-b8f2-179a7b929cab,,FeatureValue,,Views.sysmlx,ownedRelationship
41751404-1693-528f-8f0c-fb9eba9c2440,,FeatureChainExpression,,Views.sysmlx,ownedRelatedElement
43a37fe7-ca2e-5c35-a19d-ed7f2f81ec1c,,ParameterMembership,,Views.sysmlx,ownedRelationship
d3c01d08-d06b-54f4-b1d9-58b4e57bef87,,Feature,,Views.sysmlx,ownedRelatedElement
67c0a4e0-ac38-5bb8-85e7-38252ceafc30,,FeatureValue,,Views.sysmlx,ownedRelationship
1e5f3651-732d-59c9-8827-8705c388f08f,,FeatureReferenceExpression,,Views.sysmlx,ownedRelatedElement
c35c0904-c098-5d25-82ea-2c12fcf9688c,,Membership,,Views.sysmlx,ownedRelationship
7ca5013f-2eeb-5007-87d1-b6d55784123e,,ReturnParameterMembership,,Views.sysmlx,ownedRelationship
c893ca60-f837-57de-be83-5aba0ad845bb,,Feature,,Views.sysmlx,ownedRelatedElement
49e2a636-26c2-5f68-9c8e-5f19ad326d07,,FeatureMembership,,Views.sysmlx,ownedRelationship
d8917910-9a01-53d4-89a5-b7fa2712b6d7,,Feature,,Views.sysmlx,ownedRelatedElement
02d18ebe-daba-51b3-a95a-ded70ff1f02f,,Membership,,Views.sysmlx,ownedRelationship
4a9b24b1-e7b8-51a9-8570-19f9c10516d6,,ReturnParameterMembership,,Views.sysmlx,ownedRelationship
fd082d37-f6bf-55d3-9cbd-c3ffd6a9aeb9,,Feature,,Views.sysmlx,ownedRelatedElement
b474ece8-6a08-5728-a9e4-460486323378,,OwningMembership,,Views.sysmlx,ownedRelationship
480b9b7d-012e-5159-b60c-3711c791aaac,ViewpointCheck,ViewpointDefinition,,Views.sysmlx,ownedRelatedElement
e8ad460a-52a5-54a3-951d-d9cb1270dca2,,Subclassification,,Views.sysmlx,ownedRelationship
cd2c06ce-b082-5d10-ad53-7a9863fd91fe,,OwningMembership,,Views.sysmlx,ownedRelationship
fdb66c96-04df-5d4f-a66c-9a5fe16233d0,,Documentation,,Views.sysmlx,ownedRelatedElement
e76ef22f-0600-5bba-aea4-900575808a5b,,FeatureMembership,,Views.sysmlx,ownedRelationship
a14ac67a-8ea9-5728-88c9-7b9299548681,,ViewpointUsage,,Views.sysmlx,ownedRelatedElement
cc374b60-cb87-59e1-a52d-5a2d88c4c8a8,,Redefinition,,Views.sysmlx,ownedRelationship
0a934c9f-3a2d-5168-b11c-c5f86e077bcc,,FeatureTyping,,Views.sysmlx,ownedRelationship
f27de1d9-c31e-531b-938a-9c467b105ef5,,SubjectMembership,,Views.sysmlx,ownedRelationship
5e2ab09a-0645-5e4e-a6cb-f2e6b9dea151,subj,ReferenceUsage,,Views.sysmlx,ownedRelatedElement
bcdfa420-3e6c-5f50-8f12-6a04fc4af47e,,FeatureTyping,,Views.sysmlx,ownedRelationship
2f4dc808-62ee-50a1-9165-250d61c4e579,,OwningMembership,,Views.sysmlx,ownedRelationship
60bf16af-30b0-5585-9718-ae700eba94d5,,MultiplicityRange,,Views.sysmlx,ownedRelatedElement
157ce534-b721-5ce8-a5e2-0219d2b7390d,,OwningMembership,,Views.sysmlx,ownedRelationship
f8d2a871-11da-579c-a2cd-941a77c863e2,,LiteralInteger,,Views.sysmlx,ownedRelatedElement
83d7d375-e7ec-5ea2-a0cc-3d2683a206c9,,Redefinition,,Views.sysmlx,ownedRelationship
4c9783cd-69af-55c4-bea8-553128316fbf,,OwningMembership,,Views.sysmlx,ownedRelationship
d8172e1d-3087-5596-8a81-5ee63ff37da9,Rendering,RenderingDefinition,,Views.sysmlx,ownedRelatedElement
03af4eb4-eedf-5df6-8863-29c3375f8aa7,,Subclassification,,Views.sysmlx,ownedRelationship
f8fc8040-0034-5b0a-a392-936799369ce4,,OwningMembership,,Views.sysmlx,ownedRelationship
c39588aa-1ba1-513d-8c4e-a839a88d6405,,Documentation,,Views.sysmlx,ownedRelatedElement
3220a086-44f6-523a-8d31-f1aea94add2a,,FeatureMembership,,Views.sysmlx,ownedRelationship
8a42a2ed-85ee-5e20-8e96-78dac2820bb5,,RenderingUsage,,Views.sysmlx,ownedRelatedElement
c17510df-1a16-50e1-83c5-e72f9dc86d0e,,Redefinition,,Views.sysmlx,ownedRelationship
d4789c78-1a2c-5b3f-a576-7f9d758f29ee,,FeatureTyping,,Views.sysmlx,ownedRelationship
3b639605-17d3-5ec8-824c-78f7565b731e,,FeatureMembership,,Views.sysmlx,ownedRelationship
98cc9490-19cd-5e83-b383-40ba79f48baf,subrenderings,RenderingUsage,,Views.sysmlx,ownedRelatedElement
a60dcffb-0024-5111-9f4a-ed6edac1bdbb,,FeatureTyping,,Views.sysmlx,ownedRelationship
a8050032-fbbb-504d-ad9c-9c06be2d43b0,,OwningMembership,,Views.sysmlx,ownedRelationship
30fe76e6-2447-5c0e-b2b9-90ca8be44e0e,,MultiplicityRange,,Views.sysmlx,ownedRelatedElement
eb33f904-8d5c-5502-9a0c-a55cb22f0384,,OwningMembership,,Views.sysmlx,ownedRelationship
edf63445-ebb9-5134-989b-e0c8dfe1882e,,LiteralInteger,,Views.sysmlx,ownedRelatedElement
8ce4520a-9f08-581a-8571-7ca8988213e4,,OwningMembership,,Views.sysmlx,ownedRelationship
235ba670-b13a-5bcf-a13a-9c9ab8af3279,,LiteralInfinity,,Views.sysmlx,ownedRelatedElement
94929c2a-6db4-5b2e-aae2-c82dd5363d93,,Subsetting,,Views.sysmlx,ownedRelationship
c58b8073-b78b-55fd-8e3c-5e6d3e4e0a2f,,OwningMembership,,Views.sysmlx,ownedRelationship
9ca4e064-5dce-5e3d-8b51-a4dcb9f47e7f,,Documentation,,Views.sysmlx,ownedRelatedElement
99b70716-c647-5afb-be34-9d4c78dfc595,,OwningMembership,,Views.sysmlx,ownedRelationship
23851255-f0bb-5b5d-9163-357efd17cf7e,TextualRendering,RenderingDefinition,,Views.sysmlx,ownedRelatedElement
8e7ca54a-1acc-52de-bb22-f7e467286b82,,Subclassification,,Views.sysmlx,ownedRelationship
07fefbd8-0f1b-5921-b922-3ae871953e57,,OwningMembership,,Views.sysmlx,ownedRelationship
a59f5bf8-ad70-5d06-a9ee-fbe3cf54b149,,Documentation,,Views.sysmlx,ownedRelatedElement
31ae4ae1-05a7-50b3-93c9-6b534ebb546c,,OwningMembership,,Views.sysmlx,ownedRelationship
e4093972-4813-5375-b886-c06c8752b846,GraphicalRendering,RenderingDefinition,,Views.sysmlx,ownedRelatedElement
66178867-bc9e-57d0-9655-3e2a4d999945,,Subclassification,,Views.sysmlx,ownedRelationship
aec94d6f-b929-5ed7-b515-13462f917012,,OwningMembership,,Views.sysmlx,ownedRelationship
feccd73c-d229-5d5e-9316-8e701d0ab47d,,Documentation,,Views.sysmlx,ownedRelatedElement
6211128f-e305-5924-a5ff-26ca2344cc44,,OwningMembership,,Views.sysmlx,ownedRelationship
a17b9c15-e309-5c7f-abb7-13d8e8c96d88,TabularRendering,RenderingDefinition,,Views.sysmlx,ownedRelatedElement
b98fe84f-d017-52c5-81aa-a905a99ca9ca,,Subclassification,,Views.sysmlx,ownedRelationship
6e2c01a9-022a-5bb5-9b7a-cb905c68481a,,OwningMembership,,Views.sysmlx,ownedRelationship
68aa9c05-66d1-5e9b-9e82-d1e222681ad0,,Documentation,,Views.sysmlx,ownedRelatedElement
43d32261-cb94-50db-b69b-bc596f2c2b34,,OwningMembership,,Views.sysmlx,ownedRelationship
96475db8-f248-5618-91d1-33d0f6dd4faf,views,ViewUsage,,Views.sysmlx,ownedRelatedElement
2ecc2bba-65ab-5124-be53-badc15ea6d8f,,FeatureTyping,,Views.sysmlx,ownedRelationship
bc090c06-e7d9-555f-a91a-048f683b54c0,,OwningMembership,,Views.sysmlx,ownedRelationship
19cc594d-a35e-55fb-9806-604ddcc55dc7,,MultiplicityRange,,Views.sysmlx,ownedRelatedElement
6b326dc6-b060-5fb2-855f-e3db8e909b5f,,OwningMembership,,Views.sysmlx,ownedRelationship
86538b1b-aa47-55a8-ba3e-fdd8ca80bc7c,,LiteralInteger,,Views.sysmlx,ownedRelatedElement
27c151a8-c9b4-5ee0-8179-9c05016e5e47,,OwningMembership,,Views.sysmlx,ownedRelationship
966f5f4c-20d3-5fbd-be25-90afe14dc215,,LiteralInfinity,,Views.sysmlx,ownedRelatedElement
1ad70a52-28cb-557e-afb2-30cf6438acb9,,Subsetting,,Views.sysmlx,ownedRelationship
d17be1cd-57a3-5103-823c-eee2035a6355,,OwningMembership,,Views.sysmlx,ownedRelationship
3a8fe42d-e889-507c-9437-f41cf9795670,,Documentation,,Views.sysmlx,ownedRelatedElement
e67b5222-cbe2-5962-b1d6-5cac64d559bb,,OwningMembership,,Views.sysmlx,ownedRelationship
dd25803c-d36c-54dd-adc6-e2672c72734c,viewpointChecks,ViewpointUsage,,Views.sysmlx,ownedRelatedElement
d79e0a3d-d576-5002-9925-95b8bb8fef70,,FeatureTyping,,Views.sysmlx,ownedRelationship
62770639-6de6-5f67-9359-a1c7ffa0ad3f,,OwningMembership,,Views.sysmlx,ownedRelationship
c735b59b-5060-501c-b4a0-c8cd928626a9,,MultiplicityRange,,Views.sysmlx,ownedRelatedElement
a2793a33-70fd-5dcf-96fe-3ba8cbd64668,,OwningMembership,,Views.sysmlx,ownedRelationship
0163876c-ea6e-596e-a8ce-83ab7c4bd4e9,,LiteralInteger,,Views.sysmlx,ownedRelatedElement
6488d9c7-98a8-5009-8c57-d4178cc2ae30,,OwningMembership,,Views.sysmlx,ownedRelationship
d9145af1-6672-5343-b5ba-c9ae1c9b67fb,,LiteralInfinity,,Views.sysmlx,ownedRelatedElement
f45554db-7b21-530a-b774-73c7c004afba,,Subsetting,,Views.sysmlx,ownedRelationship
101a0f4f-45fd-5bec-9645-a99153f2dc58,,OwningMembership,,Views.sysmlx,ownedRelationship
71b564a9-761e-58e9-bb2c-c1ab352b70b0,,Documentation,,Views.sysmlx,ownedRelatedElement
a150d8a3-7374-5c30-87bb-fafee8920dc2,,OwningMembership,,Views.sysmlx,ownedRelationship
7dd977c1-f0ba-576c-9f25-8908b9210408,renderings,RenderingUsage,,Views.sysmlx,ownedRelatedElement
9b4d7486-b4f9-5f65-ba9b-56a6e0ad7725,,FeatureTyping,,Views.sysmlx,ownedRelationship
a678902c-f35a-5832-a3cd-c52f90155e4c,,OwningMembership,,Views.sysmlx,ownedRelationship
2b1796dc-6687-5a36-a671-739347c61b83,,MultiplicityRange,,Views.sysmlx,ownedRelatedElement
f13659a1-6d81-5d49-9c60-2bc9f7c8b1d8,,OwningMembership,,Views.sysmlx,ownedRelationship
258f6505-0f7d-5d81-acdd-72d681fb4385,,LiteralInteger,,Views.sysmlx,ownedRelatedElement
91020a5b-eb59-56a9-a860-ed65a56a34f2,,OwningMembership,,Views.sysmlx,ownedRelationship
aa82891e-c377-50ee-8045-67d77064dfce,,LiteralInfinity,,Views.sysmlx,ownedRelatedElement
dbb91a6c-beb8-54ce-9d5f-02ddbf173214,,Subsetting,,Views.sysmlx,ownedRelationship
dc74ca0c-8d2e-544d-a626-f722b9af88dc,,OwningMembership,,Views.sysmlx,ownedRelationship
23358e6f-ba6a-5b27-aa38-b78654bdc9d2,,Documentation,,Views.sysmlx,ownedRelatedElement
731fccc7-1f46-5236-a1cb-0ea93ef21c29,,OwningMembership,,Views.sysmlx,ownedRelationship
bb124353-b10d-53af-a917-44bf81083c4e,asTextualNotation,RenderingUsage,,Views.sysmlx,ownedRelatedElement
ae1eecea-fdbe-57b5-885d-929f1e991d86,,FeatureTyping,,Views.sysmlx,ownedRelationship
ab6a7c7d-8f16-5814-ac36-fde81bdcdbbd,,OwningMembership,,Views.sysmlx,ownedRelationship
9720c35f-0739-57e0-b19b-3c915edd0936,,MultiplicityRange,,Views.sysmlx,ownedRelatedElement
9bb5dd9f-b1b0-5123-9a13-e563c05ff2c8,,OwningMembership,,Views.sysmlx,ownedRelationship
b7379b7c-903a-55ad-849b-fa8761d2d699,,LiteralInteger,,Views.sysmlx,ownedRelatedElement
c8458787-ebcf-5180-8a96-6b1595d8c3fa,,Subsetting,,Views.sysmlx,ownedRelationship
276b2305-24b1-53b6-a509-8e7f2c0ea91f,,OwningMembership,,Views.sysmlx,ownedRelationship
6cadd373-11e0-5786-b513-f2f14df4712c,,Documentation,,Views.sysmlx,ownedRelatedElement
c8394940-b289-5bcd-ba07-1900895d8bfb,,OwningMembership,,Views.sysmlx,ownedRelationship
e160c64c-e42f-5c28-aee4-4997798d6b96,asTreeDiagram,RenderingUsage,,Views.sysmlx,ownedRelatedElement
af5ea3b9-dc95-52d8-8b72-7fe24373db11,,FeatureTyping,,Views.sysmlx,ownedRelationship
6f5607ad-deb4-5c19-8d38-995843c8b2c8,,OwningMembership,,Views.sysmlx,ownedRelationship
d666f35a-45e2-5e73-9396-546f14a069a1,,MultiplicityRange,,Views.sysmlx,ownedRelatedElement
d87d25e1-88a0-502d-aaa7-c813bfa5359b,,OwningMembership,,Views.sysmlx,ownedRelationship
9558e50c-a7cd-5a24-9b29-1c08a773b524,,LiteralInteger,,Views.sysmlx,ownedRelatedElement
047795e6-7954-540c-8968-0c6afed7ecb2,,Subsetting,,Views.sysmlx,ownedRelationship
0a6c4d7c-8304-596a-9884-f2b71a6b5276,,OwningMembership,,Views.sysmlx,ownedRelationship
8c4ccbd9-8fb7-5a16-91a7-c827a65176cc,,Documentation,,Views.sysmlx,ownedRelatedElement
20190b22-a6c9-5e39-aa82-30a65bd7bf06,,OwningMembership,,Views.sysmlx,ownedRelationship
1c853803-8234-517a-a2b4-79c16eb457bc,asInterconnectionDiagram,RenderingUsage,,Views.sysmlx,ownedRelatedElement
32617a8c-c91a-5c47-a552-c6cccf871370,,FeatureTyping,,Views.sysmlx,ownedRelationship
de345436-163e-5c68-aae3-fad0e72ada42,,OwningMembership,,Views.sysmlx,ownedRelationship
23b07ad6-83e2-5008-9abd-449684375515,,MultiplicityRange,,Views.sysmlx,ownedRelatedElement
5121b1cf-1966-56a4-9e35-8b8e5e02674e,,OwningMembership,,Views.sysmlx,ownedRelationship
b71f45ba-3dc9-5ce8-8e71-6216bf95d65f,,LiteralInteger,,Views.sysmlx,ownedRelatedElement
14675edf-4992-5381-9786-1c6bced630cb,,Subsetting,,Views.sysmlx,ownedRelationship
4200c3e0-f349-5843-997f-bad2128bf479,,OwningMembership,,Views.sysmlx,ownedRelationship
b21ece49-1626-5b8a-93d5-25052d608ae0,,Documentation,,Views.sysmlx,ownedRelatedElement
28871621-9831-58f5-a847-8a2810d8f5e9,,OwningMembership,,Views.sysmlx,ownedRelationship
2e692d4e-3ae9-501a-be88-8d4837b18d6a,asElementTable,RenderingUsage,,Views.sysmlx,ownedRelatedElement
1f53c798-69fc-51f4-b21f-20543c3cb67d,,FeatureTyping,,Views.sysmlx,ownedRelationship
185fe983-8e40-5aab-b472-459bb51638a9,,OwningMembership,,Views.sysmlx,ownedRelationship
707e87bf-7ea7-529f-8dae-bffad6396cc9,,MultiplicityRange,,Views.sysmlx,ownedRelatedElement
f356a7d7-0b02-5511-9507-851318c70e45,,OwningMembership,,Views.sysmlx,ownedRelationship
6268155a-68d0-5d6d-89a8-ba2524f6aca7,,LiteralInteger,,Views.sysmlx,ownedRelatedElement
338a2ea4-2b7b-5d53-a926-8225ffcd615c,,Subsetting,,Views.sysmlx,ownedRelationship
0b92b315-ad94-50b7-8741-289745388d7c,,OwningMembership,,Views.sysmlx,ownedRelationship
5ffff1dc-eebf-5f55-b594-5efc236ffa7c,,Documentation,,Views.sysmlx,ownedRelatedElement
d7037e75-0b40-5c94-abf4-486095802b12,,FeatureMembership,,Views.sysmlx,ownedRelationship
c29301b3-983a-57b9-957c-240e0c41d66d,columnView,ViewUsage,,Views.sysmlx,ownedRelatedElement
eadc7ae3-b0d7-569f-891d-a012afff1702,,OwningMembership,,Views.sysmlx,ownedRelationship
5e2f3dca-cccf-5a18-acd1-90431f2286be,,MultiplicityRange,,Views.sysmlx,ownedRelatedElement
657b45ec-b9f5-50fe-9e97-e1d2a5b46d02,,OwningMembership,,Views.sysmlx,ownedRelationship
aedb8fec-787b-532e-8a38-ea109c3bac73,,LiteralInteger,,Views.sysmlx,ownedRelatedElement
34f126f5-3543-570c-912c-8ca39ca30a12,,OwningMembership,,Views.sysmlx,ownedRelationship
ea07683b-1b64-5a31-8a68-d2e36b36c10b,,LiteralInfinity,,Views.sysmlx,ownedRelatedElement
881dc532-fb0f-565b-b6f5-f7bf881c15fc,,OwningMembership,,Views.sysmlx,ownedRelationship
7cc4f0b7-b3eb-5634-a039-c4b2fb8b0f93,,Documentation,,Views.sysmlx,ownedRelatedElement
697c634f-477e-5c4f-a240-0c6d3e33f4f9,,FeatureMembership,,Views.sysmlx,ownedRelationship
4b053f0e-a620-59fc-9f5f-81697c2349ff,,RenderingUsage,,Views.sysmlx,ownedRelatedElement
7fb1da31-1e9d-55eb-aeea-bdc3e2e92d70,,Redefinition,,Views.sysmlx,ownedRelationship
51eec309-e4cf-54b8-b23a-539bcb18618e,,OwningMembership,,Views.sysmlx,ownedRelationship
39034879-816b-571b-b3a1-486be2bbb57e,,MultiplicityRange,,Views.sysmlx,ownedRelatedElement
a4e79b68-87ae-5943-bbb4-1ffaab1728af,,OwningMembership,,Views.sysmlx,ownedRelationship
abdab662-ec51-5c34-b8e3-d41f7d4f5945,,LiteralInteger,,Views.sysmlx,ownedRelatedElement
88833fdd-841e-535d-b766-7638ed23d3c9,,OwningMembership,,Views.sysmlx,ownedRelationship
ac3be2a1-3e0e-5a82-b2fc-e1abeaf78a63,,LiteralInteger,,Views.sysmlx,ownedRelatedElement
39950bb3-06ed-553f-9942-c8390ed5f0b8,,FeatureMembership,,Views.sysmlx,ownedRelationship
c56de9d2-9db0-5d53-ae7a-8e3644c9ba03,,RenderingUsage,,Views.sysmlx,ownedRelatedElement
4ff5c733-4f76-5c7b-8b32-8b77ba6904ba,,Redefinition,,Views.sysmlx,ownedRelationship
11441728-787b-5359-9f08-2298a7a5b5c3,,OwningMembership,,Views.sysmlx,ownedRelationship
37403219-6cdf-5007-b846-f69a31ef2dad,,MultiplicityRange,,Views.sysmlx,ownedRelatedElement
98f067d3-4388-57c2-abf8-f1f27250399f,,OwningMembership,,Views.sysmlx,ownedRelationship
2a3817e5-54ed-53df-81dc-08d0757b9ffc,,LiteralInteger,,Views.sysmlx,ownedRelatedElement
837e58d2-b0c9-53f5-a754-9a233a27e021,,OwningMembership,,Views.sysmlx,ownedRelationship
95dbc644-77cb-5669-9dba-dca9fc5f0ba6,,LiteralInfinity,,Views.sysmlx,ownedRelatedElement
c4348d02-834a-5aca-ba36-4a4e5d9ef3ce,,FeatureValue,,Views.sysmlx,ownedRelationship
af0971d7-46d6-545b-bbc5-04cee9f0e6f4,,FeatureChainExpression,,Views.sysmlx,ownedRelatedElement
bc0fa52c-d50a-5f31-bf4b-e00dc5ce12f8,,ParameterMembership,,Views.sysmlx,ownedRelationship
444354a2-ae26-5339-bbfd-24dd825fccc6,,Feature,,Views.sysmlx,ownedRelatedElement
f2787e9b-d141-544a-95f2-8f3dfcf51e08,,FeatureValue,,Views.sysmlx,ownedRelationship
2b948fcf-60cb-5770-9580-18f4b61441d3,,FeatureReferenceExpression,,Views.sysmlx,ownedRelatedElement
38bcae38-d6bb-5d05-bf05-b76eb7d1ef36,,Membership,,Views.sysmlx,ownedRelationship
c08ea755-147c-5d36-80de-18a93987bf37,,ReturnParameterMembership,,Views.sysmlx,ownedRelationship
76061aff-6dad-5194-840a-2d3681ce5299,,Feature,,Views.sysmlx,ownedRelatedElement
a9c6b3e5-d822-5f1e-94cf-5c5a8a9fa1f2,,FeatureMembership,,Views.sysmlx,ownedRelationship
d02ad103-16bc-505b-b2bc-41a6c38c6cb4,,Feature,,Views.sysmlx,ownedRelatedElement
a78a141e-e57a-5fed-9d5e-d41569e08625,,Membership,,Views.sysmlx,ownedRelationship
6defd40a-d9f5-54f9-9604-e30492e883b4,,ReturnParameterMembership,,Views.sysmlx,ownedRelationship
0ac57c3e-1fb4-5e13-a058-3daf0c7a2ad2,,Feature,,Views.sysmlx,ownedRelatedElement
b4301823-1606-5808-8138-345f06701101,,Namespace,,UseCases.sysmlx,Namespace
0b02ac1a-20fa-516c-bc7d-e6cf3e4e3617,,OwningMembership,,UseCases.sysmlx,ownedRelationship
a7817469-2b9f-557f-8694-5162f5b61108,UseCases,LibraryPackage,,UseCases.sysmlx,ownedRelatedElement
9b8c43e7-bcff-5c94-9fcc-bf59f7fd0a5b,,OwningMembership,,UseCases.sysmlx,ownedRelationship
38ebbd87-7d4c-5e49-a09e-1d3d2bbd3704,,Documentation,,UseCases.sysmlx,ownedRelatedElement
9f3e8b47-ea31-5e25-9ace-71df0d3d629d,,MembershipImport,,UseCases.sysmlx,ownedRelationship
6570d34e-9800-5476-8399-e906ea09332b,,MembershipImport,,UseCases.sysmlx,ownedRelationship
2315aa49-d32b-5b5c-8b0d-d7d485bbf5cf,,OwningMembership,,UseCases.sysmlx,ownedRelationship
1437bf09-8a7e-573d-b214-2071bf9de103,UseCase,UseCaseDefinition,,UseCases.sysmlx,ownedRelatedElement
777db847-ece9-548d-bdc5-59ce4c2899c6,,Subclassification,,UseCases.sysmlx,ownedRelationship
de5c9163-bd46-5b89-9fa7-9f58f3f6b1ab,,OwningMembership,,UseCases.sysmlx,ownedRelationship
c0d3a334-72ea-55c9-ac42-e7c7125c7637,,Documentation,,UseCases.sysmlx,ownedRelatedElement
7e2305f5-0a84-5938-8047-f9814afb56f8,,FeatureMembership,,UseCases.sysmlx,ownedRelationship
26014dc7-4b03-53dd-a443-87bc43770214,self,UseCaseUsage,,UseCases.sysmlx,ownedRelatedElement
a08a9335-2b9b-5764-a0d7-571f53b8260f,,FeatureTyping,,UseCases.sysmlx,ownedRelationship
a789d6b3-4053-5b03-acf5-b11ceca2cf7c,,Redefinition,,UseCases.sysmlx,ownedRelationship
aee66175-124b-5759-9cd1-042fa35fbe54,,SubjectMembership,,UseCases.sysmlx,ownedRelationship
8f87624b-652c-556d-90e4-0b606abf7a24,subj,ReferenceUsage,,UseCases.sysmlx,ownedRelatedElement
49fec3ed-d023-5eb7-9ebd-b8a1bcb12ef2,,Redefinition,,UseCases.sysmlx,ownedRelationship
180aaf2b-647a-5aed-947a-09bbd7e5d66f,,ObjectiveMembership,,UseCases.sysmlx,ownedRelationship
f277fbd2-272e-5481-9f32-12ef121301b0,obj,RequirementUsage,,UseCases.sysmlx,ownedRelatedElement
56285188-cb79-58a7-8710-008db352c34d,,Redefinition,,UseCases.sysmlx,ownedRelationship
338e8c23-28ba-5b11-aebc-ba8bc6470f32,,FeatureMembership,,UseCases.sysmlx,ownedRelationship
8507a333-e9b7-5591-9b15-57b03c67f53e,start,UseCaseUsage,,UseCases.sysmlx,ownedRelatedElement
0568fac8-d96e-5493-8ec9-a13a5a8bbb98,,FeatureTyping,,UseCases.sysmlx,ownedRelationship
73255887-2fb9-5c5e-9b55-a5924055d5e6,,Redefinition,,UseCases.sysmlx,ownedRelationship
c40a65a7-60a0-5a60-adc5-e51eb653638a,,OwningMembership,,UseCases.sysmlx,ownedRelationship
b510a6d6-940b-54b9-ae25-b985828ae685,,Documentation,,UseCases.sysmlx,ownedRelatedElement
5da56a0a-ce07-5e7c-bec9-567ba4d8cfda,,FeatureMembership,,UseCases.sysmlx,ownedRelationship
e03c2665-c39d-526e-bee8-f6ba2de4f7aa,done,UseCaseUsage,,UseCases.sysmlx,ownedRelatedElement
4181d333-79a8-5161-b7b3-b31a1c536a0d,,FeatureTyping,,UseCases.sysmlx,ownedRelationship
8f153942-11c7-582c-bb40-da8afeb8ad42,,Redefinition,,UseCases.sysmlx,ownedRelationship
05f6a24d-f600-52ee-84ce-3738c103f37a,,OwningMembership,,UseCases.sysmlx,ownedRelationship
5dd91b64-fd8e-539f-b32e-f812559da824,,Documentation,,UseCases.sysmlx,ownedRelatedElement
56a74f47-f374-5b69-9e8d-c2b732b72234,,FeatureMembership,,UseCases.sysmlx,ownedRelationship
f897fce8-cb52-57c4-ba68-74182d3d57e8,subUseCases,UseCaseUsage,,UseCases.sysmlx,ownedRelatedElement
c11263eb-43c3-520f-92b1-bc4320f9899b,,FeatureTyping,,UseCases.sysmlx,ownedRelationship
6acd4131-4380-55e9-8f48-24320d59861e,,OwningMembership,,UseCases.sysmlx,ownedRelationship
fb668887-2ab7-5b76-bcc4-80a0dd0457ee,,MultiplicityRange,,UseCases.sysmlx,ownedRelatedElement
7316569e-dd6b-54e4-bab6-770b3d724e3f,,OwningMembership,,UseCases.sysmlx,ownedRelationship
926956f0-3e8a-5958-ac77-9ba686890609,,LiteralInteger,,UseCases.sysmlx,ownedRelatedElement
30fac68e-9888-5d4a-b8ed-a07cbd958b1f,,OwningMembership,,UseCases.sysmlx,ownedRelationship
0b90217b-a5ad-5270-9d1b-52d87591e6b5,,LiteralInfinity,,UseCases.sysmlx,ownedRelatedElement
b05c7294-b003-5353-9846-0110691b969d,,Subsetting,,UseCases.sysmlx,ownedRelationship
a87fb43a-0451-5934-bbe7-5a9c8020d18f,,Subsetting,,UseCases.sysmlx,ownedRelationship
4ca2d27e-0e7a-550b-8037-90faea80008a,,OwningMembership,,UseCases.sysmlx,ownedRelationship
3717b781-94b2-5689-95f3-69f000c642f8,,Documentation,,UseCases.sysmlx,ownedRelatedElement
7bbda841-7f55-5fc0-a736-7b15a0d7dbe5,,FeatureMembership,,UseCases.sysmlx,ownedRelationship
8286ae14-8c36-501e-9fa2-f21431d4a1e1,includedUseCases,UseCaseUsage,,UseCases.sysmlx,ownedRelatedElement
8de67ebb-26d9-5f11-afb3-7596f603bde9,,FeatureTyping,,UseCases.sysmlx,ownedRelationship
674e9a61-4b65-5424-ae0f-52e2c66f7c11,,OwningMembership,,UseCases.sysmlx,ownedRelationship
c7ab8e16-3a25-546d-bf4b-6ea58501d5a1,,MultiplicityRange,,UseCases.sysmlx,ownedRelatedElement
fd4400d4-cca1-530a-9a70-f65e8daf6019,,OwningMembership,,UseCases.sysmlx,ownedRelationship
389a00a6-9414-5dce-9088-77b95b98bee8,,LiteralInteger,,UseCases.sysmlx,ownedRelatedElement
1a64b506-e5e1-5a66-b5c1-61df8d69b7e7,,OwningMembership,,UseCases.sysmlx,ownedRelationship
518d1c50-f27d-5f0d-b497-4d10d732e184,,LiteralInfinity,,UseCases.sysmlx,ownedRelatedElement
dee2ada2-be24-59b0-8141-83b1c6249b86,,Subsetting,,UseCases.sysmlx,ownedRelationship
16f1534b-0376-52e0-ae91-f02c52d7f5bb,,Subsetting,,UseCases.sysmlx,ownedRelationship
faa5cde3-b7ff-5223-8f8d-e6de85ac53a7,,OwningMembership,,UseCases.sysmlx,ownedRelationship
2a288b24-6649-5f04-a32c-5fdc329884e9,,Documentation,,UseCases.sysmlx,ownedRelatedElement
b7424f81-3d9e-57ec-a2b7-502d220d2775,,OwningMembership,,UseCases.sysmlx,ownedRelationship
ae9bfa28-85d7-5946-b6ba-4ac7e94568ae,useCases,UseCaseUsage,,UseCases.sysmlx,ownedRelatedElement
8e358942-e801-58fd-90d5-de23142e1c17,,FeatureTyping,,UseCases.sysmlx,ownedRelationship
c6d0ec10-f302-516e-9d34-11daecf16829,,OwningMembership,,UseCases.sysmlx,ownedRelationship
8d80a0fa-7e87-5d0d-8054-6ff86631626c,,MultiplicityRange,,UseCases.sysmlx,ownedRelatedElement
48d3571c-3ca3-5840-ba48-d67f29c62499,,OwningMembership,,UseCases.sysmlx,ownedRelationship
727e92c5-353e-54d9-a3dc-444270809f68,,LiteralInteger,,UseCases.sysmlx,ownedRelatedElement
b7219572-f96a-5a2c-adb5-72cd4364c76c,,OwningMembership,,UseCases.sysmlx,ownedRelationship
f765f96b-210f-54dc-a080-d58bc752c27f,,LiteralInfinity,,UseCases.sysmlx,ownedRelatedElement
0c9bb701-9346-5c01-9f8a-317ef7f0f614,,Subsetting,,UseCases.sysmlx,ownedRelationship
f1fe3710-e7a8-5659-a5c1-91d52e0b848a,,OwningMembership,,UseCases.sysmlx,ownedRelationship
5094d664-2da5-54ff-bad7-d12bfa84634f,,Documentation,,UseCases.sysmlx,ownedRelatedElement
fb5e8637-817c-512e-9c53-a367e7cb7b80,,Namespace,,Flows.sysmlx,Namespace
c07fcf81-b0ae-51f3-b4b9-55f97ef81c1b,,OwningMembership,,Flows.sysmlx,ownedRelationship
727e18b4-9722-525c-a526-731097447f23,Flows,LibraryPackage,,Flows.sysmlx,ownedRelatedElement
2e805a86-064b-5850-8b1e-a875aab926b7,,OwningMembership,,Flows.sysmlx,ownedRelationship
dae5f6e5-b63f-5c96-be63-549495d47cca,,Documentation,,Flows.sysmlx,ownedRelatedElement
fe9ac4b2-c32e-560d-89df-8f1307f5c675,,MembershipImport,,Flows.sysmlx,ownedRelationship
24175aba-db9d-545e-94e6-aba3d61e4bf4,,MembershipImport,,Flows.sysmlx,ownedRelationship
1a512fdc-f415-539b-8852-095dad2d85b6,,MembershipImport,,Flows.sysmlx,ownedRelationship
af00c3ae-2d08-55d5-9c0c-5d9193bde5bf,,MembershipImport,,Flows.sysmlx,ownedRelationship
16483d02-218b-5f8e-9b5e-ba5ea21e42d1,,MembershipImport,,Flows.sysmlx,ownedRelationship
1f992b43-3b25-58d1-a3c5-9f303a242d9b,,MembershipImport,,Flows.sysmlx,ownedRelationship
c8958c05-83ac-51f3-ba03-4d3f8b713ca6,,MembershipImport,,Flows.sysmlx,ownedRelationship
f452bda9-68f9-56c7-9b78-01940d793c3a,,MembershipImport,,Flows.sysmlx,ownedRelationship
f78b5dd3-f4c6-5e01-abc2-e3a9c6f95b77,,MembershipImport,,Flows.sysmlx,ownedRelationship
968a88db-adda-5136-8c48-92fdb0bbe489,,MembershipImport,,Flows.sysmlx,ownedRelationship
6ba9030e-7ca5-5171-aebf-9f7bee222d3f,,MembershipImport,,Flows.sysmlx,ownedRelationship
c1cdb600-658f-59f7-9865-2f22c8b3a97f,,MembershipImport,,Flows.sysmlx,ownedRelationship
26e304a1-8b18-5ef6-9f35-d550914ce11d,,MembershipImport,,Flows.sysmlx,ownedRelationship
d2400e00-8540-5961-81b0-a5c26455c5a8,,OwningMembership,,Flows.sysmlx,ownedRelationship
8a8b5ad5-46dc-5420-80bb-f7730e2573ff,MessageAction,FlowDefinition,,Flows.sysmlx,ownedRelatedElement
db159e97-74c1-53d1-8fee-2cb8b135e6b1,,Subclassification,,Flows.sysmlx,ownedRelationship
81122973-8a61-54e0-8015-75b322aac2b6,,Subclassification,,Flows.sysmlx,ownedRelationship
bdc10bac-4296-52ac-8032-d9f1bfa5f7eb,,OwningMembership,,Flows.sysmlx,ownedRelationship
3023298e-ddce-5a58-98eb-1f3b0aae2996,,Documentation,,Flows.sysmlx,ownedRelatedElement
bc023880-9cfb-5653-840e-1cdcce33503d,,FeatureMembership,,Flows.sysmlx,ownedRelationship
91c59f38-c439-53f2-be5a-179e63ad420c,payload,ReferenceUsage,,Flows.sysmlx,ownedRelatedElement
0f882b64-a0a6-52e6-81d4-c854bb1fe5fb,,OwningMembership,,Flows.sysmlx,ownedRelationship
e63d423b-5244-565b-a83b-038e8e37e43c,,MultiplicityRange,,Flows.sysmlx,ownedRelatedElement
d5fca031-62f5-5fe2-af27-f87a7bc95ba6,,OwningMembership,,Flows.sysmlx,ownedRelationship
fbb996fc-aa71-52a0-b7e5-d554a3412949,,LiteralInteger,,Flows.sysmlx,ownedRelatedElement
a3686998-7199-5336-ab05-aa77b1c2f24c,,OwningMembership,,Flows.sysmlx,ownedRelationship
706b8720-7387-5f59-81a7-de9d3642688f,,LiteralInfinity,,Flows.sysmlx,ownedRelatedElement
363337f7-0bd4-57b1-b1b1-e6e4d5655843,,OwningMembership,,Flows.sysmlx,ownedRelationship
2a46cd54-c27d-58de-ac92-1abd4e6c171d,,Documentation,,Flows.sysmlx,ownedRelatedElement
b52ef436-ff0b-5314-abcb-7f34629b1c3d,,OwningMembership,,Flows.sysmlx,ownedRelationship
f0675fac-7991-5924-861c-0dbf21848d31,Message,FlowDefinition,,Flows.sysmlx,ownedRelatedElement
b5835bcf-4c7a-5c7b-8ada-a6d0551ef4c3,,Subclassification,,Flows.sysmlx,ownedRelationship
81135d90-e61d-5100-a3e2-12436767f264,,Subclassification,,Flows.sysmlx,ownedRelationship
13502afc-0059-5a92-88ba-420633b9ab1c,,OwningMembership,,Flows.sysmlx,ownedRelationship
624efd06-d0b5-54ee-bd43-39f3b864fa0d,,Documentation,,Flows.sysmlx,ownedRelatedElement
556c3de5-b559-53b6-b9f9-12f33a88c058,,FeatureMembership,,Flows.sysmlx,ownedRelationship
02911600-e0a4-5839-b555-6cf43c11e57b,payload,ReferenceUsage,,Flows.sysmlx,ownedRelatedElement
48736f31-fed7-511a-8d12-f6f307ee18e8,,Redefinition,,Flows.sysmlx,ownedRelationship
d6ab9a82-f0b3-5f07-ab17-3bc41eac2336,,Redefinition,,Flows.sysmlx,ownedRelationship
ba7da3f5-1290-51ff-8cf7-ffda8ac61dbf,,FeatureMembership,,Flows.sysmlx,ownedRelationship
0b407d6b-bac1-511e-9c57-2f83414c7a82,thisConnection,ActionUsage,,Flows.sysmlx,ownedRelatedElement
27d62098-c165-5832-a068-22c545d61b3f,,FeatureValue,,Flows.sysmlx,ownedRelationship
1716b25a-c4b1-5b38-b38b-cf27cccb9022,,FeatureReferenceExpression,,Flows.sysmlx,ownedRelatedElement
10696b89-8233-51cc-a641-7d116354c797,,Membership,,Flows.sysmlx,ownedRelationship
ea52b4a3-30f3-597a-9385-eac24621b993,,ReturnParameterMembership,,Flows.sysmlx,ownedRelationship
97d0e12d-752d-53ff-b32a-fe5a09564695,,Feature,,Flows.sysmlx,ownedRelatedElement
64208f59-433c-5b16-a1cd-385f5583596e,,FeatureMembership,,Flows.sysmlx,ownedRelationship
17db8ca4-96fa-5f0b-b171-9ea88d737788,sourceEvent,EventOccurrenceUsage,,Flows.sysmlx,ownedRelatedElement
01d03ec2-8033-547a-adda-164f425c8402,,OwningMembership,,Flows.sysmlx,ownedRelationship
a096d6df-6a42-58e0-ba1e-9514e605a445,,MultiplicityRange,,Flows.sysmlx,ownedRelatedElement
691c4b44-e466-5317-aa8b-d5bf1863fae3,,OwningMembership,,Flows.sysmlx,ownedRelationship
b1d75980-3380-5faa-8e7e-abe5a8256eba,,LiteralInteger,,Flows.sysmlx,ownedRelatedElement
b848e15e-dcef-5399-a084-737698d728d2,,FeatureValue,,Flows.sysmlx,ownedRelationship
2c139fa8-9ef4-56de-bde5-03bf4ab4062e,,FeatureChainExpression,,Flows.sysmlx,ownedRelatedElement
7df24d70-e9e6-54ed-b672-4065bb34c94f,,ParameterMembership,,Flows.sysmlx,ownedRelationship
563a9ce3-a97d-58af-bb60-d7327df4f5ea,,Feature,,Flows.sysmlx,ownedRelatedElement
03bf86ff-7e13-5c75-9059-f5355fba4302,,FeatureValue,,Flows.sysmlx,ownedRelationship
f3e15b9f-8a27-5f3c-ba8f-04ce2813d80f,,FeatureReferenceExpression,,Flows.sysmlx,ownedRelatedElement
b69fa5a8-a597-5a7f-b444-8f11868ce6a8,,Membership,,Flows.sysmlx,ownedRelationship
c4fe825e-f71c-5256-8c7a-705ef92f212d,,ReturnParameterMembership,,Flows.sysmlx,ownedRelationship
71f85f6a-15d6-506b-82b5-52f43afb167e,,Feature,,Flows.sysmlx,ownedRelatedElement
7363fdf2-ac1a-5354-b5a3-5e1dd258e98e,,FeatureMembership,,Flows.sysmlx,ownedRelationship
cde21d4e-65f6-5da9-ab0a-47315cd5632d,,Feature,,Flows.sysmlx,ownedRelatedElement
e0577b0b-3b9d-5eda-8adb-08017f3eb0c4,,Membership,,Flows.sysmlx,ownedRelationship
9177b80a-5a98-5149-9ae9-d3ae612ad8f9,,ReturnParameterMembership,,Flows.sysmlx,ownedRelationship
a326e89a-7ec3-5085-b0ec-eab861baa949,,Feature,,Flows.sysmlx,ownedRelatedElement
34a56599-fd20-5027-9fcf-94c0542d693e,,OwningMembership,,Flows.sysmlx,ownedRelationship
49fedc0b-d60b-50f7-81bb-e493fa52a9bf,,Documentation,,Flows.sysmlx,ownedRelatedElement
2e8b0291-39dd-5227-9f9c-9656fa340497,,FeatureMembership,,Flows.sysmlx,ownedRelationship
26df1f3f-ffd6-50da-827b-81ed024ae4d8,targetEvent,EventOccurrenceUsage,,Flows.sysmlx,ownedRelatedElement
c53d13b6-9408-5417-8a57-725f73ab2d73,,OwningMembership,,Flows.sysmlx,ownedRelationship
cb400f2b-d503-59aa-89a0-b0010f4b003b,,MultiplicityRange,,Flows.sysmlx,ownedRelatedElement
b572d7e0-9ffe-5223-8e34-8a0ec865f6b0,,OwningMembership,,Flows.sysmlx,ownedRelationship
6ff76c62-de60-509b-9145-f492d686bd9c,,LiteralInteger,,Flows.sysmlx,ownedRelatedElement
c52eb99b-f8a5-5bc0-b126-537834afd7c1,,FeatureValue,,Flows.sysmlx,ownedRelationship
357cfccb-7808-5a9e-87b3-65b9fe3f48b5,,FeatureChainExpression,,Flows.sysmlx,ownedRelatedElement
0bbabe14-c61c-5f0c-86ba-aad96a08df04,,ParameterMembership,,Flows.sysmlx,ownedRelationship
6be385cc-dd99-58c8-852c-8331c7fd8d19,,Feature,,Flows.sysmlx,ownedRelatedElement
2ef9582d-05fa-5478-ace0-af85f06cea59,,FeatureValue,,Flows.sysmlx,ownedRelationship
a8452f01-e0f6-5de6-9991-435e2d8dd3e5,,FeatureReferenceExpression,,Flows.sysmlx,ownedRelatedElement
119f9370-ba3a-5535-9b87-ef53d334412c,,Membership,,Flows.sysmlx,ownedRelationship
b11b5089-7657-5213-ba5a-c7e0356a8371,,ReturnParameterMembership,,Flows.sysmlx,ownedRelationship
fe09d68d-97cc-5929-9a1b-7b9177083870,,Feature,,Flows.sysmlx,ownedRelatedElement
26ce6997-e3ee-5fec-a158-5c08c92512e9,,FeatureMembership,,Flows.sysmlx,ownedRelationship
a06b41fd-2ce8-5381-b866-2fff9c61daa7,,Feature,,Flows.sysmlx,ownedRelatedElement
e3b340e0-1232-5db8-90f9-b7b3c35ea680,,Membership,,Flows.sysmlx,ownedRelationship
1e340fe1-f25b-51d9-878b-270f0a59ba7c,,ReturnParameterMembership,,Flows.sysmlx,ownedRelationship
3828a291-11bc-58a9-ac95-90a231ad8c6e,,Feature,,Flows.sysmlx,ownedRelatedElement
b2575cd3-cb37-5c2b-bb07-d93d41689ef5,,OwningMembership,,Flows.sysmlx,ownedRelationship
0350de1c-68d3-53b0-a701-0e55eaf6c163,,Documentation,,Flows.sysmlx,ownedRelatedElement
dc3e04ba-c0f0-5ee8-9df1-bdcd6cab73f3,,FeatureMembership,,Flows.sysmlx,ownedRelationship
c3a526d9-b499-5bd3-9d89-4106d6ff2610,,ConnectionUsage,,Flows.sysmlx,ownedRelatedElement
ff891bd6-dc90-540a-8dd4-67fd9d680471,,FeatureTyping,,Flows.sysmlx,ownedRelationship
1d6663d5-071d-5213-b37e-1e308151eb06,,EndFeatureMembership,,Flows.sysmlx,ownedRelationship
237a729b-5690-505a-aa76-b0fb279852a7,,ReferenceUsage,,Flows.sysmlx,ownedRelatedElement
a6efff15-65f2-55e0-a322-64915c3d54a2,,ReferenceSubsetting,,Flows.sysmlx,ownedRelationship
89b456e5-f8b7-5171-be66-95053de4caed,,OwningMembership,,Flows.sysmlx,ownedRelationship
d9ea945e-b5fe-5f92-87b3-bccf293cb156,,Multiplicity,,Flows.sysmlx,ownedRelatedElement
2d774b37-73ed-5123-88aa-7dde387dd0ed,,EndFeatureMembership,,Flows.sysmlx,ownedRelationship
9cd65c39-268a-5f83-bcfb-cb003376f452,,ReferenceUsage,,Flows.sysmlx,ownedRelatedElement
683b86fb-371c-58da-97f5-b39e304caab9,,OwningMembership,,Flows.sysmlx,ownedRelationship
66e9909b-9a81-53ac-98bc-b428c57c3c91,,Feature,,Flows.sysmlx,ownedRelatedElement
34cfc062-547c-5b66-bca5-238ff4ccf7ab,,OwningMembership,,Flows.sysmlx,ownedRelationship
2610c6d0-ee23-5e21-ace2-db9a4d148265,,MultiplicityRange,,Flows.sysmlx,ownedRelatedElement
44af88ab-4c25-5ffc-8ba4-36dd1042ab32,,OwningMembership,,Flows.sysmlx,ownedRelationship
08d5dd64-0881-5a32-9519-9fadd01884f5,,LiteralInteger,,Flows.sysmlx,ownedRelatedElement
b31d41da-3759-500e-8e4d-58ccebbe21d1,,ReferenceSubsetting,,Flows.sysmlx,ownedRelationship
3a1cd395-3d0b-56dc-a871-33ffa4a89a89,,OwningMembership,,Flows.sysmlx,ownedRelationship
a59c2962-e14b-5722-87ad-fb3fa2581fa0,,Multiplicity,,Flows.sysmlx,ownedRelatedElement
cc5c8b54-9ea8-5704-9732-a258d252bb52,,FeatureMembership,,Flows.sysmlx,ownedRelationship
e1773b77-2e63-577e-8eda-aa45e8a0e4f9,,ConnectionUsage,,Flows.sysmlx,ownedRelatedElement
f3e3f728-4fe3-56e0-92b6-becf9dbe4902,,FeatureTyping,,Flows.sysmlx,ownedRelationship
f2f9140f-8b39-5f73-9a05-ab724f1bc0e6,,EndFeatureMembership,,Flows.sysmlx,ownedRelationship
6747fa4f-7697-51fd-9bb2-ecdc6456e40b,,ReferenceUsage,,Flows.sysmlx,ownedRelatedElement
93b0f4d6-a9b1-505f-9573-3adc2c8f803f,,ReferenceSubsetting,,Flows.sysmlx,ownedRelationship
82508991-a70e-51dd-bd35-c3546bbdb601,,OwningMembership,,Flows.sysmlx,ownedRelationship
9fd8cc63-d240-5817-8755-3dc3485acca3,,Multiplicity,,Flows.sysmlx,ownedRelatedElement
dbf7a6f8-55e7-5e3f-9235-9607cab46ddb,,EndFeatureMembership,,Flows.sysmlx,ownedRelationship
c66cd59b-8e1f-5e33-b1a9-0b3209ce0cc3,,ReferenceUsage,,Flows.sysmlx,ownedRelatedElement
3c7d292f-6545-5c4f-a1c0-788f23c997ff,,OwningMembership,,Flows.sysmlx,ownedRelationship
92512c6a-b6a4-5261-93df-7e50ee92a6d4,,Feature,,Flows.sysmlx,ownedRelatedElement
37602713-32fc-5dad-bfbc-65099640034a,,OwningMembership,,Flows.sysmlx,ownedRelationship
32107c65-d8ae-5aef-a96c-297b64be4b7b,,MultiplicityRange,,Flows.sysmlx,ownedRelatedElement
9e8d4556-0313-51cd-977b-149138fbdf72,,OwningMembership,,Flows.sysmlx,ownedRelationship
4b42a4be-6d97-530b-9696-526fe77d0a71,,LiteralInteger,,Flows.sysmlx,ownedRelatedElement
29cd594f-3fdb-5433-9043-54b2705cc002,,ReferenceSubsetting,,Flows.sysmlx,ownedRelationship
b3306989-1797-5b3b-9863-8a14d05048e5,,OwningMembership,,Flows.sysmlx,ownedRelationship
05d9d3da-c21e-5c42-95ea-f1624c6d851a,,Multiplicity,,Flows.sysmlx,ownedRelatedElement
a459a436-d3c7-59d1-95b3-5ee87235a8f7,,FeatureMembership,,Flows.sysmlx,ownedRelationship
3dadb4de-f1c5-569f-89a0-f10afbed0ba3,seBeforeNum,AttributeUsage,,Flows.sysmlx,ownedRelatedElement
aeab9e83-14cb-5f19-83a7-624d743c0558,,FeatureTyping,,Flows.sysmlx,ownedRelationship
72867c55-bcf2-57d6-927c-a8fcc4aa8510,,OwningMembership,,Flows.sysmlx,ownedRelationship
9c71323a-87dc-50d1-8e14-14cb82e0845b,,MultiplicityRange,,Flows.sysmlx,ownedRelatedElement
e79fbc9f-7a62-58df-9213-8833815bfdb9,,OwningMembership,,Flows.sysmlx,ownedRelationship
5d7a5d27-a56d-5b68-850a-20aba8c2b687,,LiteralInteger,,Flows.sysmlx,ownedRelatedElement
d054f959-a368-59f2-a51a-104cbbb8987c,,FeatureValue,,Flows.sysmlx,ownedRelationship
57aa0306-13e9-5e40-add0-981fae90642c,,OperatorExpression,,Flows.sysmlx,ownedRelatedElement
a1de8443-892c-55e4-9667-941febbd5510,,ParameterMembership,,Flows.sysmlx,ownedRelationship
a5e3cf74-ca0d-5909-ac28-445c391b592f,,Feature,,Flows.sysmlx,ownedRelatedElement
f1a21027-7fa1-56d3-b7d4-5ba5414e38e2,,FeatureValue,,Flows.sysmlx,ownedRelationship
e4b38430-49a5-52ac-8132-41a42bda74ec,,OperatorExpression,,Flows.sysmlx,ownedRelatedElement
4820c88a-6b77-5ff4-a4b0-3d4e1d2fc634,,ParameterMembership,,Flows.sysmlx,ownedRelationship
318e1791-4a9c-5724-9d62-a014f674aefb,,Feature,,Flows.sysmlx,ownedRelatedElement
52f11f7d-4e5a-5783-a96a-23c4063665d6,,FeatureValue,,Flows.sysmlx,ownedRelationship
4aacd7fa-1e95-5d4d-bf0f-4523121ee772,,FeatureReferenceExpression,,Flows.sysmlx,ownedRelatedElement
4f80ab32-48e3-5a93-a124-24191444db68,,Membership,,Flows.sysmlx,ownedRelationship
f05e324a-3018-5086-8322-1d73b1da27a8,,ReturnParameterMembership,,Flows.sysmlx,ownedRelationship
601658ef-5504-5b60-abc5-4b5751b74e29,,Feature,,Flows.sysmlx,ownedRelatedElement
e43da9fa-f56b-5120-806f-72cf92b96b65,,ParameterMembership,,Flows.sysmlx,ownedRelationship
60ebc2f8-44a1-5131-8906-6a518774fd79,,Feature,,Flows.sysmlx,ownedRelatedElement
d451292a-2c22-5832-a19c-210b5ecff431,,FeatureValue,,Flows.sysmlx,ownedRelationship
28f86964-0acc-5e67-8a36-858a4f4b174c,,FeatureChainExpression,,Flows.sysmlx,ownedRelatedElement
e76256cb-8af2-5b6a-9683-fb7a541ecf25,,ParameterMembership,,Flows.sysmlx,ownedRelationship
498897a7-c8cb-53ab-9f82-3499632b2460,,Feature,,Flows.sysmlx,ownedRelatedElement
01fe14a9-cb1c-5b8d-b546-46105522c786,,FeatureValue,,Flows.sysmlx,ownedRelationship
a90f8a28-938a-5efd-b2ff-0bdad05d6bb6,,FeatureReferenceExpression,,Flows.sysmlx,ownedRelatedElement
5803ef96-f016-5bcc-867d-4560118fdc6b,,Membership,,Flows.sysmlx,ownedRelationship
80380aeb-ec62-50fe-af37-ddddd134ce67,,ReturnParameterMembership,,Flows.sysmlx,ownedRelationship
ce13020a-d3e8-5d39-9122-78e873dd7c36,,Feature,,Flows.sysmlx,ownedRelatedElement
81447fb7-be98-5821-81d8-f7c353a9d70a,,FeatureMembership,,Flows.sysmlx,ownedRelationship
d98d7e81-7405-530e-b425-88a74a73e438,,Feature,,Flows.sysmlx,ownedRelatedElement
ffd5a790-7769-5357-acb9-e112c0bcb02b,,Membership,,Flows.sysmlx,ownedRelationship
67055392-5c9d-5666-adba-585834ec2019,,ReturnParameterMembership,,Flows.sysmlx,ownedRelationship
c7582045-db1c-58a4-9696-e3eac5fb2148,,Feature,,Flows.sysmlx,ownedRelatedElement
4814a2b5-c1a9-58c5-b9e9-4880d64f0cd2,,ReturnParameterMembership,,Flows.sysmlx,ownedRelationship
c1e72a35-dba6-5f6e-8ce0-c0e42fee37b6,,Feature,,Flows.sysmlx,ownedRelatedElement
65406a86-bffb-5898-a776-f4bb4d2c8fb0,,ParameterMembership,,Flows.sysmlx,ownedRelationship
a8b36c38-7bc2-5042-8e8b-1c5bccae19c8,,Feature,,Flows.sysmlx,ownedRelatedElement
a7942ad4-3a5a-5a99-b36d-a5ce537198da,,FeatureValue,,Flows.sysmlx,ownedRelationship
6d9ff43b-8cb6-554b-a100-5cc6f4b5810e,,FeatureReferenceExpression,,Flows.sysmlx,ownedRelatedElement
5b403688-d400-5ea0-a752-09103d25de26,,FeatureMembership,,Flows.sysmlx,ownedRelationship
1bcaf160-3a2d-59cc-a87c-4d1626a84787,,LiteralInteger,,Flows.sysmlx,ownedRelatedElement
b6e96daa-fbfb-552a-af04-7e22a03ddc78,,ReturnParameterMembership,,Flows.sysmlx,ownedRelationship
e3d59a87-434d-5642-8da2-09add4ddda7a,,Feature,,Flows.sysmlx,ownedRelatedElement
feff2160-0225-578e-ba62-bd81a39abb34,,ParameterMembership,,Flows.sysmlx,ownedRelationship
cfcf5b82-80a3-51b8-aa08-8e78477a7c37,,Feature,,Flows.sysmlx,ownedRelatedElement
d6a403f6-d8dd-5c88-bfa3-1dc2f19b564f,,FeatureValue,,Flows.sysmlx,ownedRelationship
f5424797-9adc-551a-8dd9-ac67f8a743f3,,FeatureReferenceExpression,,Flows.sysmlx,ownedRelatedElement
3519e061-5371-5d0b-ba13-29158478a06d,,FeatureMembership,,Flows.sysmlx,ownedRelationship
ee4e1ffa-e1a8-5e6f-8079-c0181cfb725d,,LiteralInteger,,Flows.sysmlx,ownedRelatedElement
c1ae97f8-8d48-5ab2-a36e-e975d46986d1,,ReturnParameterMembership,,Flows.sysmlx,ownedRelationship
db54d6ec-a5bf-572d-99b2-23d7a43f3d00,,Feature,,Flows.sysmlx,ownedRelatedElement
ccbdb520-5304-59e7-b8d7-3b072b2b3ebe,,ReturnParameterMembership,,Flows.sysmlx,ownedRelationship
7308189d-7528-5fa9-b863-3e34d8d9fae5,,Feature,,Flows.sysmlx,ownedRelatedElement
bdd6b974-f68f-58b2-a372-d6c2e80d325d,,FeatureMembership,,Flows.sysmlx,ownedRelationship
54a4722a-f406-557e-851a-cfeaf8500586,teAfterNum,AttributeUsage,,Flows.sysmlx,ownedRelatedElement
6ad6f153-f1df-5897-b02b-a16b9f386894,,FeatureTyping,,Flows.sysmlx,ownedRelationship
b2e6166b-4bf2-5801-996c-1ec6d7b591f3,,OwningMembership,,Flows.sysmlx,ownedRelationship
6b7b8873-fcba-5ed1-b2c6-ab1d8a0ef234,,MultiplicityRange,,Flows.sysmlx,ownedRelatedElement
03ff03e4-b254-5ea1-8725-73cad69d7cbb,,OwningMembership,,Flows.sysmlx,ownedRelationship
44ab4e41-d009-5cfc-95bd-6a5fdc49afb9,,LiteralInteger,,Flows.sysmlx,ownedRelatedElement
ee217034-ecc6-51e3-9079-cfff303eaaa9,,FeatureValue,,Flows.sysmlx,ownedRelationship
e0a4cdb1-0ad3-570b-ab16-926f9486b9b5,,OperatorExpression,,Flows.sysmlx,ownedRelatedElement
3f403f4f-52d8-5c22-8b23-c62b65cf4803,,ParameterMembership,,Flows.sysmlx,ownedRelationship
27fcdd05-20ed-5263-a295-f377001063bc,,Feature,,Flows.sysmlx,ownedRelatedElement
ecf37b87-4563-50e2-925f-179107dd7596,,FeatureValue,,Flows.sysmlx,ownedRelationship
19050118-769d-5bd3-8b8f-729373e12052,,OperatorExpression,,Flows.sysmlx,ownedRelatedElement
a082ccca-89fc-5c7e-aa7d-2578c0d21911,,ParameterMembership,,Flows.sysmlx,ownedRelationship
97ef28d8-7c41-528c-a5e1-7578d3de2d8d,,Feature,,Flows.sysmlx,ownedRelatedElement
69db8520-7e87-5f98-a9f2-fb5075940cfa,,FeatureValue,,Flows.sysmlx,ownedRelationship
908e83ed-cc55-59ee-9646-c50c90490280,,FeatureReferenceExpression,,Flows.sysmlx,ownedRelatedElement
e9e53b82-fc9f-5a30-826a-9115459b4e68,,Membership,,Flows.sysmlx,ownedRelationship
1d3f4f64-1716-504c-9d52-0f6a394f83a1,,ReturnParameterMembership,,Flows.sysmlx,ownedRelationship
16e59614-576f-57a8-af53-23d05dc5ece8,,Feature,,Flows.sysmlx,ownedRelatedElement
6e0d3baf-d03b-5b49-a59e-9dd0c45dcec2,,ParameterMembership,,Flows.sysmlx,ownedRelationship
04eba2ed-def1-5ce4-96ca-36876164173c,,Feature,,Flows.sysmlx,ownedRelatedElement
08fb28bd-28a8-5d78-ad87-d505b11ddd23,,FeatureValue,,Flows.sysmlx,ownedRelationship
b85b3716-a595-5ebf-8bfd-3f756f11c891,,FeatureChainExpression,,Flows.sysmlx,ownedRelatedElement
00006693-f32d-5f1e-95a4-ae09586c30dd,,ParameterMembership,,Flows.sysmlx,ownedRelationship
8992bf25-e91f-50e9-8aff-e07ba3e52c29,,Feature,,Flows.sysmlx,ownedRelatedElement
b07949cf-981b-548a-aa8b-89325c91a49b,,FeatureValue,,Flows.sysmlx,ownedRelationship
81670ab4-d178-527a-8a61-5333864e2118,,FeatureReferenceExpression,,Flows.sysmlx,ownedRelatedElement
448e1871-8188-560a-abb6-02f940d3d56e,,Membership,,Flows.sysmlx,ownedRelationship
97fe8e63-b28d-573f-b0b6-5cfbe1a1ff1b,,ReturnParameterMembership,,Flows.sysmlx,ownedRelationship
3e6e7fe4-64eb-5f08-823d-df0b56aa64a4,,Feature,,Flows.sysmlx,ownedRelatedElement
708115e0-1654-561e-b0bc-6eb723641bd7,,FeatureMembership,,Flows.sysmlx,ownedRelationship
73952ffa-8d3e-55b4-bde4-55a47a662167,,Feature,,Flows.sysmlx,ownedRelatedElement
55b20ac9-ccca-5fdc-a39d-e487296e8481,,Membership,,Flows.sysmlx,ownedRelationship
6545dae4-4d52-54cb-bfae-a702fb42a098,,ReturnParameterMembership,,Flows.sysmlx,ownedRelationship
41bb4c6e-b80a-58e8-b132-d5916fc7eb06,,Feature,,Flows.sysmlx,ownedRelatedElement
0b3faf9d-1988-5deb-9103-c49dcf87aae8,,ReturnParameterMembership,,Flows.sysmlx,ownedRelationship
5f55b930-ae52-52f7-a304-9675107792a4,,Feature,,Flows.sysmlx,ownedRelatedElement
f74edbc0-5797-56a1-9bc8-ec11f4a15860,,ParameterMembership,,Flows.sysmlx,ownedRelationship
589ff59e-f58f-5c21-85bb-33b4f4c77160,,Feature,,Flows.sysmlx,ownedRelatedElement
5ae85cc2-a850-53a3-b203-f8f4f075b289,,FeatureValue,,Flows.sysmlx,ownedRelationship
33430f90-bb9d-510f-b7d2-bd8efde1405d,,FeatureReferenceExpression,,Flows.sysmlx,ownedRelatedElement
33b88bf5-0a4d-5b04-8e58-50e8e3857754,,FeatureMembership,,Flows.sysmlx,ownedRelationship
508f3a34-4e4d-5979-8d0a-7c057da2bffb,,LiteralInteger,,Flows.sysmlx,ownedRelatedElement
c3ac1d0a-78a5-5f72-ad2e-7ee62944750a,,ReturnParameterMembership,,Flows.sysmlx,ownedRelationship
42f2d482-5a35-5fc5-8337-a890504e112e,,Feature,,Flows.sysmlx,ownedRelatedElement
5e9cfd66-a69b-5e79-96c7-7ad7e181e81b,,ParameterMembership,,Flows.sysmlx,ownedRelationship
c424fa21-04a1-5ebf-bdce-2e0759a99084,,Feature,,Flows.sysmlx,ownedRelatedElement
d0e2da30-7225-547d-bc23-0171cf4c050a,,FeatureValue,,Flows.sysmlx,ownedRelationship
16709573-7edb-5e69-938d-1a113b04b396,,FeatureReferenceExpression,,Flows.sysmlx,ownedRelatedElement
72d4bbf7-844f-5098-85a6-ebf12e056d2f,,FeatureMembership,,Flows.sysmlx,ownedRelationship
7158c2c8-60bb-59c9-960a-ee864024cc83,,LiteralInteger,,Flows.sysmlx,ownedRelatedElement
e3eb4bd5-a6e7-56ff-8a2f-1e8f7c6974e5,,ReturnParameterMembership,,Flows.sysmlx,ownedRelationship
255286e5-4dc9-5f9c-b6f2-db9c5ac6d549,,Feature,,Flows.sysmlx,ownedRelatedElement
b0026584-b35c-5b4e-b16f-e9859dd097d5,,ReturnParameterMembership,,Flows.sysmlx,ownedRelationship
768ade0a-ef2f-52ad-be50-f1a2c4a94a6c,,Feature,,Flows.sysmlx,ownedRelatedElement
4d05cd6d-0b9d-5db9-9f20-30a4986d5c7e,,FeatureMembership,,Flows.sysmlx,ownedRelationship
a3acdf0d-0e6d-56ed-af80-8e6b2d549b70,,SuccessionAsUsage,,Flows.sysmlx,ownedRelatedElement
005b6a79-1047-5ac5-ab47-4d3c888e82a8,,OwningMembership,,Flows.sysmlx,ownedRelationship
8875f528-04c3-58ef-aaaa-9eeb5e0f84b6,,MultiplicityRange,,Flows.sysmlx,ownedRelatedElement
76b90ff9-15e9-595d-81a3-5bd5d427b547,,OwningMembership,,Flows.sysmlx,ownedRelationship
9ec30ce1-5cd7-590c-90cf-486f946b8afa,,FeatureReferenceExpression,,Flows.sysmlx,ownedRelatedElement
1f9036e2-933f-57fb-a434-1d666decf291,,Membership,,Flows.sysmlx,ownedRelationship
5000dce5-8756-587a-a0f6-a925392464ae,,ReturnParameterMembership,,Flows.sysmlx,ownedRelationship
48b68043-1aff-539e-866a-3bc369c93521,,Feature,,Flows.sysmlx,ownedRelatedElement
6b6dc78b-25eb-5eb8-9b7a-58b43acecdb0,,EndFeatureMembership,,Flows.sysmlx,ownedRelationship
91804ac7-1d51-5172-ba5c-607987642b3e,,ReferenceUsage,,Flows.sysmlx,ownedRelatedElement
e0ab1ebb-32c6-5314-a249-2a7ca0c5e7a2,,OwningMembership,,Flows.sysmlx,ownedRelationship
397f46e8-e65b-58fb-83a3-b5ca33a01fbb,,Feature,,Flows.sysmlx,ownedRelatedElement
9a201d18-7cc4-5aaa-9406-caa72e00fda9,,OwningMembership,,Flows.sysmlx,ownedRelationship
f3c88e85-01b3-5279-811f-b119575104af,,MultiplicityRange,,Flows.sysmlx,ownedRelatedElement
8e7d4b42-72ef-5e2b-837a-d15bc7dfd374,,OwningMembership,,Flows.sysmlx,ownedRelationship
5adfa64f-21fb-5560-bf29-29f2e74cc163,,LiteralInteger,,Flows.sysmlx,ownedRelatedElement
e12c3f52-36cb-593a-b711-8c35849aee0a,,OwningMembership,,Flows.sysmlx,ownedRelationship
1a294503-3660-5b50-91c9-52a7bd187944,,LiteralInteger,,Flows.sysmlx,ownedRelatedElement
462a4590-e62c-5788-a8c1-751ba78b3b44,,ReferenceSubsetting,,Flows.sysmlx,ownedRelationship
993d2d7b-0310-51f9-b518-1ca2a770f2b7,,OwningMembership,,Flows.sysmlx,ownedRelationship
b7a8240e-d734-5e42-82e1-84ec6e2b234c,,Multiplicity,,Flows.sysmlx,ownedRelatedElement
ac431efb-2ca6-5ae7-8605-563dbe9b24af,,EndFeatureMembership,,Flows.sysmlx,ownedRelationship
96b72a0f-f131-59fd-adf4-9310d92824fa,,ReferenceUsage,,Flows.sysmlx,ownedRelatedElement
5fd2c698-8d9e-5606-a002-fde92e799ff9,,OwningMembership,,Flows.sysmlx,ownedRelationship
976b6006-5b0a-556f-8965-0a67392faf11,,Feature,,Flows.sysmlx,ownedRelatedElement
e34bcda4-39ae-5803-bf30-acbd62845553,,OwningMembership,,Flows.sysmlx,ownedRelationship
4cbc68ca-a478-5f8e-9be9-a1a3051af11f,,MultiplicityRange,,Flows.sysmlx,ownedRelatedElement
0f29a784-b942-52e8-824f-7cddd1776031,,OwningMembership,,Flows.sysmlx,ownedRelationship
592549c5-ad9b-5719-8390-2a0aef2ce0ae,,LiteralInteger,,Flows.sysmlx,ownedRelatedElement
0cc9265c-790a-58b0-b99c-d9f582c220e1,,OwningMembership,,Flows.sysmlx,ownedRelationship
f417cb3e-dc3e-5d84-a8f4-a432b4df62a5,,LiteralInteger,,Flows.sysmlx,ownedRelatedElement
1e5053bd-7643-5082-a89a-b702da1dbccf,,ReferenceSubsetting,,Flows.sysmlx,ownedRelationship
833c2d72-72c6-5649-88bd-5431ab8faeb1,,OwningMembership,,Flows.sysmlx,ownedRelationship
2f0e7a48-9dad-5987-ad5d-ba43febbbebb,,Multiplicity,,Flows.sysmlx,ownedRelatedElement
8617b2da-089c-5695-b10a-c1e3d905b8e1,,FeatureMembership,,Flows.sysmlx,ownedRelationship
ab0650c0-2ddc-5f5d-8b1c-c3e4e4fb73b6,,SuccessionAsUsage,,Flows.sysmlx,ownedRelatedElement
37989c7d-9326-57b9-ba88-e57471bfef81,,OwningMembership,,Flows.sysmlx,ownedRelationship
417297ca-9ac8-5666-ad3d-2084f9f1533c,,MultiplicityRange,,Flows.sysmlx,ownedRelatedElement
f6701f00-0bb9-5999-99ee-4766bab2645a,,OwningMembership,,Flows.sysmlx,ownedRelationship
4c854d48-a7e1-5245-848e-b33bce079872,,FeatureReferenceExpression,,Flows.sysmlx,ownedRelatedElement
cbc44ccb-054a-515e-bb2b-2a604986b457,,Membership,,Flows.sysmlx,ownedRelationship
0d8f1034-8978-5835-ab39-be58d3683b63,,ReturnParameterMembership,,Flows.sysmlx,ownedRelationship
e2fd9c65-5833-59ab-b75e-0ecd10d61244,,Feature,,Flows.sysmlx,ownedRelatedElement
fffaf242-1efd-5823-ba6e-f72650989379,,EndFeatureMembership,,Flows.sysmlx,ownedRelationship
65df8d08-7d31-5f69-90ea-842d4cd88109,,ReferenceUsage,,Flows.sysmlx,ownedRelatedElement
da97f922-d83d-5917-a739-b82b9937db11,,OwningMembership,,Flows.sysmlx,ownedRelationship
6e16d99d-358c-5f2e-84bd-5ebac14d77ff,,Feature,,Flows.sysmlx,ownedRelatedElement
bd0d95d6-a91e-5cb6-9ab4-73f54c10781c,,OwningMembership,,Flows.sysmlx,ownedRelationship
50982e82-48d7-5c12-91ef-b81faf45d3ae,,MultiplicityRange,,Flows.sysmlx,ownedRelatedElement
6ca94c73-a753-5c7c-9848-fcbdaaedb36f,,OwningMembership,,Flows.sysmlx,ownedRelationship
45055db9-475e-57c2-af3c-23592aa59e68,,LiteralInteger,,Flows.sysmlx,ownedRelatedElement
b57ca8af-23a9-5be3-8a51-cd441c506d65,,OwningMembership,,Flows.sysmlx,ownedRelationship
2806faa1-ba06-5948-850f-589609550fba,,LiteralInteger,,Flows.sysmlx,ownedRelatedElement
588990c9-4d92-5b7e-b63c-01fde2636bb7,,ReferenceSubsetting,,Flows.sysmlx,ownedRelationship
4427a5ce-910c-51b8-b4f5-1d703791132a,,OwningMembership,,Flows.sysmlx,ownedRelationship
f1eadd16-5a52-5e3c-88b1-39a557f0b9f1,,Multiplicity,,Flows.sysmlx,ownedRelatedElement
3c4af585-a265-5978-a3da-23eb4181f178,,EndFeatureMembership,,Flows.sysmlx,ownedRelationship
53777fc3-cace-5ed1-817d-b0700b9bc41d,,ReferenceUsage,,Flows.sysmlx,ownedRelatedElement
f932aed5-bac8-5e0a-8c77-630f830115ad,,OwningMembership,,Flows.sysmlx,ownedRelationship
ca7557e4-a3d4-515f-866e-4513adc2973a,,Feature,,Flows.sysmlx,ownedRelatedElement
d3ee767b-3287-5a7b-9ae5-803776d1ed50,,OwningMembership,,Flows.sysmlx,ownedRelationship
41c10e2d-0d05-5987-b6ac-e1da8f65b0c7,,MultiplicityRange,,Flows.sysmlx,ownedRelatedElement
682be65b-496a-5689-a3ff-4fbc29ba19cd,,OwningMembership,,Flows.sysmlx,ownedRelationship
94cc5c5c-7c93-5e61-bc6c-dff12c19edb4,,LiteralInteger,,Flows.sysmlx,ownedRelatedElement
117451e7-586a-5a5c-95a1-e8728faf4774,,OwningMembership,,Flows.sysmlx,ownedRelationship
38a140cc-44ca-5ece-b09f-19baf0e27c91,,LiteralInteger,,Flows.sysmlx,ownedRelatedElement
f5e20cf2-e89d-5967-a646-72f93c9001bb,,ReferenceSubsetting,,Flows.sysmlx,ownedRelationship
9f429352-2ea8-5100-bc4b-cd42d3c1e478,,OwningMembership,,Flows.sysmlx,ownedRelationship
4c4154bc-484f-584a-b260-06fc65c68c05,,Multiplicity,,Flows.sysmlx,ownedRelatedElement
337b9a08-2382-5c0e-a6e5-17505d225df6,,OwningMembership,,Flows.sysmlx,ownedRelationship
c63b8c0c-1f8f-5a61-b5a0-90cd965f3541,Flow,FlowDefinition,,Flows.sysmlx,ownedRelatedElement
64548d2f-e173-5b54-a810-fd00185e745a,,Subclassification,,Flows.sysmlx,ownedRelationship
4a2653a9-f069-569f-94be-d4c8308921f2,,Subclassification,,Flows.sysmlx,ownedRelationship
33b1c524-742f-5d26-9039-895fba9b440d,,OwningMembership,,Flows.sysmlx,ownedRelationship
6bd48830-5d7b-5a4c-af17-91a076d76a09,,Documentation,,Flows.sysmlx,ownedRelatedElement
a838f3a6-c395-55b4-8f74-ca3cb1c720a4,,FeatureMembership,,Flows.sysmlx,ownedRelationship
9be7557d-b221-51b2-8cae-bcc77c729c8a,source,OccurrenceUsage,,Flows.sysmlx,ownedRelatedElement
810c8b46-8b47-5d19-a8a0-4381957439c3,,FeatureTyping,,Flows.sysmlx,ownedRelationship
ef00cb60-38a9-586e-9540-35794d76bf4d,,Redefinition,,Flows.sysmlx,ownedRelationship
ecf73161-2e6a-55a8-83c9-3000f5546eda,,Redefinition,,Flows.sysmlx,ownedRelationship
c71486ce-d961-52d1-af7b-1dab7b32053c,,OwningMembership,,Flows.sysmlx,ownedRelationship
32742acb-8535-5f1e-9a0b-deb0ff710e8f,,Multiplicity,,Flows.sysmlx,ownedRelatedElement
f3811563-e360-5646-9c52-16bfa192b10f,,FeatureMembership,,Flows.sysmlx,ownedRelationship
4c646dcf-556c-50bf-82cc-cb0c9b2f980c,target,OccurrenceUsage,,Flows.sysmlx,ownedRelatedElement
fa594157-ebc3-5a4e-9d99-95d9e16c0206,,FeatureTyping,,Flows.sysmlx,ownedRelationship
d1451fe9-c284-53d2-91b3-b5a90334a7ae,,Redefinition,,Flows.sysmlx,ownedRelationship
b5203710-2888-508e-b155-ea4f27d3acd8,,Redefinition,,Flows.sysmlx,ownedRelationship
a3d22635-e42d-599e-9948-a533ff05be47,,OwningMembership,,Flows.sysmlx,ownedRelationship
668dbb28-82fa-5d53-9478-6e7f0fe83e36,,Multiplicity,,Flows.sysmlx,ownedRelatedElement
1467cb1e-7302-59ef-96d2-bea46d6c112a,,OwningMembership,,Flows.sysmlx,ownedRelationship
847b4ab6-e71a-564f-b647-7a623430c1e7,SuccessionFlow,FlowDefinition,,Flows.sysmlx,ownedRelatedElement
84dec225-e50f-5206-8d25-2832f16536bf,,Subclassification,,Flows.sysmlx,ownedRelationship
4e0a4064-b4b7-5e62-8477-c1e776c9075b,,Subclassification,,Flows.sysmlx,ownedRelationship
65f77757-bd0c-5532-8266-a59dbd499e7b,,OwningMembership,,Flows.sysmlx,ownedRelationship
3aac161d-0475-59e7-bfe7-abe48bcaceeb,,Documentation,,Flows.sysmlx,ownedRelatedElement
51c4d8dc-446f-5351-b103-49b3b094afcf,,FeatureMembership,,Flows.sysmlx,ownedRelationship
ef950af5-3675-5545-ba74-05b2bbe2c180,self,ReferenceUsage,,Flows.sysmlx,ownedRelatedElement
a3c30f76-0301-5284-93b4-88cfef89698a,,FeatureTyping,,Flows.sysmlx,ownedRelationship
45c68643-5378-5b6f-82b8-49a01c071331,,Redefinition,,Flows.sysmlx,ownedRelationship
0c577b4d-057c-565a-a04c-fe76d0d5fc8b,,Redefinition,,Flows.sysmlx,ownedRelationship
85b31459-b3b7-53b5-ba9c-6e5d9d3b130f,,FeatureMembership,,Flows.sysmlx,ownedRelationship
3fd2c4a7-9341-571f-904a-f2259947dfca,source,OccurrenceUsage,,Flows.sysmlx,ownedRelatedElement
b4b85778-edad-5926-9932-dbf9347ab32e,,FeatureTyping,,Flows.sysmlx,ownedRelationship
f4c82a5f-1428-5081-a5cb-f8656af3ca5d,,Redefinition,,Flows.sysmlx,ownedRelationship
0ebac74f-120d-59ee-8605-e0461e6a04d7,,Redefinition,,Flows.sysmlx,ownedRelationship
34241f48-1628-5303-83ca-dd75a535a8fa,,OwningMembership,,Flows.sysmlx,ownedRelationship
5ad0c96c-14d1-5243-8553-b33624629980,,Multiplicity,,Flows.sysmlx,ownedRelatedElement
73d74186-4926-5e0b-ba79-b4905e75dc05,,FeatureMembership,,Flows.sysmlx,ownedRelationship
5841a822-2e60-5635-a81b-6b0e74d88a88,target,OccurrenceUsage,,Flows.sysmlx,ownedRelatedElement
3192e146-e939-5be6-b974-ae22d2d67090,,FeatureTyping,,Flows.sysmlx,ownedRelationship
78d63036-7057-5f02-b36c-0cfc52aa2944,,Redefinition,,Flows.sysmlx,ownedRelationship
a725f885-1f7b-51f4-8c60-1cef36f36ef8,,Redefinition,,Flows.sysmlx,ownedRelationship
1a3cedb8-2701-5d08-a353-44b2ffd5a514,,OwningMembership,,Flows.sysmlx,ownedRelationship
915a70de-8b8a-5ca9-9241-09b83f351eae,,Multiplicity,,Flows.sysmlx,ownedRelatedElement
3c36e6b9-7021-5cd9-9001-34049803e7c9,,OwningMembership,,Flows.sysmlx,ownedRelationship
e04708d0-e608-5c15-ba3a-fc523616c740,messages,FlowUsage,,Flows.sysmlx,ownedRelatedElement
4069da2d-a5f4-537a-a2b1-794273c2aec0,,FeatureTyping,,Flows.sysmlx,ownedRelationship
02ae8db2-76c1-5242-bb66-7c507f63bb50,,OwningMembership,,Flows.sysmlx,ownedRelationship
b8b4ee7d-123d-5577-9c75-f797a5c1d22f,,MultiplicityRange,,Flows.sysmlx,ownedRelatedElement
462d39fd-2bcf-5d58-b293-1ca48cb7cc3b,,OwningMembership,,Flows.sysmlx,ownedRelationship
969e65c8-1255-5464-9014-2bc40d0d1ef8,,LiteralInteger,,Flows.sysmlx,ownedRelatedElement
ad7fdd08-b503-5c99-af1f-e8d4dfde465c,,OwningMembership,,Flows.sysmlx,ownedRelationship
e0e69f84-756b-5618-85fb-6172f4888243,,LiteralInfinity,,Flows.sysmlx,ownedRelatedElement
669b1875-cd63-54ed-ab8b-9aae58230723,,Subsetting,,Flows.sysmlx,ownedRelationship
c4bc20c9-f0cb-5656-8a00-03991134ade8,,Subsetting,,Flows.sysmlx,ownedRelationship
6e711304-6284-589a-b3d3-27be528e4604,,OwningMembership,,Flows.sysmlx,ownedRelationship
5a55b12a-9dc7-5f0d-b8d2-1544c7d3f870,,Documentation,,Flows.sysmlx,ownedRelatedElement
dd65bdc0-2dbc-5ce9-9a0b-ced3bfdc10da,,OwningMembership,,Flows.sysmlx,ownedRelationship
58f4b8ef-ef56-5e97-8def-549155818a37,flows,FlowUsage,,Flows.sysmlx,ownedRelatedElement
3d598cab-006e-57a9-9342-1a81a824b3fe,,FeatureTyping,,Flows.sysmlx,ownedRelationship
3fb03b7f-febf-5e28-9e7e-d38ef07c78a7,,OwningMembership,,Flows.sysmlx,ownedRelationship
c5489139-fbd2-5be6-8ece-abc6e7839dcc,,MultiplicityRange,,Flows.sysmlx,ownedRelatedElement
3947c061-08ba-5f58-8d70-f58d350d943f,,OwningMembership,,Flows.sysmlx,ownedRelationship
889e7b12-e6b6-5667-87d4-4e8088611ee6,,LiteralInteger,,Flows.sysmlx,ownedRelatedElement
fd817714-bbeb-5ed9-acc0-c9b283674384,,OwningMembership,,Flows.sysmlx,ownedRelationship
051e060f-b3d5-5860-bc22-d1d65b30ddb3,,LiteralInfinity,,Flows.sysmlx,ownedRelatedElement
8c2adc6e-2110-5bb0-a0b7-80a4c2929ef2,,Subsetting,,Flows.sysmlx,ownedRelationship
1f485d9d-b180-54fa-8586-983983e62e44,,Subsetting,,Flows.sysmlx,ownedRelationship
ff33c59c-e3fe-5c0b-909d-959c9f163242,,OwningMembership,,Flows.sysmlx,ownedRelationship
b81b4251-4730-57d8-9bcf-6a99e92668a9,,Documentation,,Flows.sysmlx,ownedRelatedElement
c15aac16-cf23-55aa-905e-7edf955f7925,,FeatureMembership,,Flows.sysmlx,ownedRelationship
9d174cd9-1d36-52f0-9c44-62001ffb9568,source,OccurrenceUsage,,Flows.sysmlx,ownedRelatedElement
1b7b83b4-b3d3-5f2c-8bcf-9dfd5d13d81a,,FeatureTyping,,Flows.sysmlx,ownedRelationship
f84410b2-71cf-54f3-9c7f-a82df1e171a8,,Redefinition,,Flows.sysmlx,ownedRelationship
17a5c104-cc4f-54f2-8be6-c0299221842a,,Redefinition,,Flows.sysmlx,ownedRelationship
16adf96d-5a86-5220-ab3f-15e84d323b61,,Redefinition,,Flows.sysmlx,ownedRelationship
6b08b4af-08a1-535a-8efc-08ab923d5e55,,OwningMembership,,Flows.sysmlx,ownedRelationship
050a84ba-556f-56e6-9778-ecc6b3e7a2ce,,Multiplicity,,Flows.sysmlx,ownedRelatedElement
cc446464-85ad-5f63-8afa-c0782c7b54cc,,FeatureMembership,,Flows.sysmlx,ownedRelationship
bf43c516-b2fd-59b0-ae53-a534f1289406,target,OccurrenceUsage,,Flows.sysmlx,ownedRelatedElement
9113c33c-cbf2-5f2b-bf98-fabfb6c8a719,,FeatureTyping,,Flows.sysmlx,ownedRelationship
1d0e1592-6e60-5159-baa0-d0e004f81848,,Redefinition,,Flows.sysmlx,ownedRelationship
90b3eb36-f49a-5c88-8b03-4eec90b9d441,,Redefinition,,Flows.sysmlx,ownedRelationship
0a8fea48-1b2e-5f07-95ef-7c197799cc15,,Redefinition,,Flows.sysmlx,ownedRelationship
2b6e86da-f5fc-57fd-8d88-8f88c9d12c0d,,OwningMembership,,Flows.sysmlx,ownedRelationship
e2f42732-9bcc-5c3b-80ae-ee7d0fe48db6,,Multiplicity,,Flows.sysmlx,ownedRelatedElement
b78287ea-9ac1-59ef-b5b1-bd85196d28c0,,OwningMembership,,Flows.sysmlx,ownedRelationship
b98a8b6b-2ae3-5f69-b768-bde88e0dadac,successionFlows,FlowUsage,,Flows.sysmlx,ownedRelatedElement
d9c48a43-6fac-5a0f-a1b8-967e34c96b8e,,FeatureTyping,,Flows.sysmlx,ownedRelationship
fe3ae556-e0eb-598e-8a6b-19a2ed129f9c,,OwningMembership,,Flows.sysmlx,ownedRelationship
95d321d7-5297-599a-852b-09fd4411c16a,,MultiplicityRange,,Flows.sysmlx,ownedRelatedElement
1fb1bbf4-3630-5a3c-9160-008e031aeca8,,OwningMembership,,Flows.sysmlx,ownedRelationship
eeb295fb-bf15-5c30-ba3f-a8e9b65e273e,,LiteralInteger,,Flows.sysmlx,ownedRelatedElement
a51cc9c0-bbcc-50f3-8a7e-a8d76cfc5a61,,OwningMembership,,Flows.sysmlx,ownedRelationship
d171cf76-6096-5b9c-8651-6c8e9853e498,,LiteralInfinity,,Flows.sysmlx,ownedRelatedElement
69a2b116-2191-5b0e-afa2-8684b84aafce,,Subsetting,,Flows.sysmlx,ownedRelationship
1e64f780-85b5-5656-866e-75dc1bea1b64,,Subsetting,,Flows.sysmlx,ownedRelationship
2162346f-d387-5cbe-93ad-0e682cae0c8d,,OwningMembership,,Flows.sysmlx,ownedRelationship
73101e71-3841-5a54-bc8a-33d24f7919a4,,Documentation,,Flows.sysmlx,ownedRelatedElement
ed2b668d-3b85-5644-b047-9520ca60ce5d,,FeatureMembership,,Flows.sysmlx,ownedRelationship
3d8378c7-42a6-55a6-87a6-a6bf5705c1ce,source,OccurrenceUsage,,Flows.sysmlx,ownedRelatedElement
1972859f-399b-5715-ab53-daef7b53ea72,,FeatureTyping,,Flows.sysmlx,ownedRelationship
d08e6efe-e586-5383-b954-f61b96fe96db,,Redefinition,,Flows.sysmlx,ownedRelationship
000f826e-1190-52f1-bb10-09fbdc0dd68a,,Redefinition,,Flows.sysmlx,ownedRelationship
48b1cdb5-0e0c-53d1-aa33-65985e736a28,,Redefinition,,Flows.sysmlx,ownedRelationship
5e56cb9d-c445-5cfc-b655-f91dc7e8ca87,,OwningMembership,,Flows.sysmlx,ownedRelationship
9c2bf8df-948b-5dad-b0a2-116692601c45,,Multiplicity,,Flows.sysmlx,ownedRelatedElement
becc899c-38fb-5aa6-be72-6c8a91cacd93,,FeatureMembership,,Flows.sysmlx,ownedRelationship
cfb3fc20-4481-57bb-bb15-ccb2744e369d,target,OccurrenceUsage,,Flows.sysmlx,ownedRelatedElement
12d46e4b-a992-50b6-ad35-7421913b6127,,FeatureTyping,,Flows.sysmlx,ownedRelationship
abdea8fc-f462-5004-940d-a80d672f10f4,,Redefinition,,Flows.sysmlx,ownedRelationship
37b0e210-61de-5170-a332-acb219409509,,Redefinition,,Flows.sysmlx,ownedRelationship
654278d4-e6ee-52d2-b17d-829fa76b508d,,Redefinition,,Flows.sysmlx,ownedRelationship
b8570761-cb4d-57d5-8f48-2536b025a317,,OwningMembership,,Flows.sysmlx,ownedRelationship
c58bfa64-6d11-5315-aa3f-9d00fbb690a9,,Multiplicity,,Flows.sysmlx,ownedRelatedElement
2aa799a3-fd88-5ee9-ab86-da947055e8c3,,Namespace,,Constraints.sysmlx,Namespace
e77af252-4bd9-562e-b60f-8a041d16bf9a,,OwningMembership,,Constraints.sysmlx,ownedRelationship
a1655928-875c-5094-8d44-a8a10f354eb4,Constraints,LibraryPackage,,Constraints.sysmlx,ownedRelatedElement
fe89a416-1620-5720-9a74-b2434fcfb958,,OwningMembership,,Constraints.sysmlx,ownedRelationship
1305f405-be06-51a4-bae4-26da45499116,,Documentation,,Constraints.sysmlx,ownedRelatedElement
d276478d-0426-5964-ab11-2eaacf5d41d3,,MembershipImport,,Constraints.sysmlx,ownedRelationship
5b58d8f2-7958-5c44-bc15-1d248f1ed965,,MembershipImport,,Constraints.sysmlx,ownedRelationship
9edc9dde-3442-54b2-8a55-031561f6d59d,,MembershipImport,,Constraints.sysmlx,ownedRelationship
9c36ae82-a72a-56d3-bc8c-16caf537be15,,MembershipImport,,Constraints.sysmlx,ownedRelationship
24203e5a-3d83-567c-badf-186772d101ae,,OwningMembership,,Constraints.sysmlx,ownedRelationship
88ee1ede-4630-50fc-bbee-4d6e6eed7bf5,ConstraintCheck,ConstraintDefinition,,Constraints.sysmlx,ownedRelatedElement
884ee976-6e77-5380-8d24-865d2d622b1d,,Subclassification,,Constraints.sysmlx,ownedRelationship
85dd7d41-3b98-508d-9f34-a2cbb7abc38c,,OwningMembership,,Constraints.sysmlx,ownedRelationship
dc6c544a-3ae2-526e-aa20-8ff37afe92b5,,Documentation,,Constraints.sysmlx,ownedRelatedElement
8c653856-a61f-5c10-a8d2-617504827453,,FeatureMembership,,Constraints.sysmlx,ownedRelationship
2956b7f4-93db-509a-9fba-32e8f5f7958c,self,ConstraintUsage,,Constraints.sysmlx,ownedRelatedElement
ceae6033-eafe-5c37-ba91-96996890106f,,FeatureTyping,,Constraints.sysmlx,ownedRelationship
9aa25fc8-4810-554e-987a-682d4ff90042,,Redefinition,,Constraints.sysmlx,ownedRelationship
a14f899d-4ca3-5b73-bd8d-8d84d5ad4f60,,OwningMembership,,Constraints.sysmlx,ownedRelationship
3b0c0d16-aab5-59ed-a8a5-e288ca685609,constraintChecks,ConstraintUsage,,Constraints.sysmlx,ownedRelatedElement
a314557b-536f-5824-9ae4-4d619f084a47,,FeatureTyping,,Constraints.sysmlx,ownedRelationship
f4fca2de-75f1-5616-b46c-85fcb94a527b,,OwningMembership,,Constraints.sysmlx,ownedRelationship
6e00cf80-2992-5c29-a628-e8dc66559f83,,MultiplicityRange,,Constraints.sysmlx,ownedRelatedElement
33690d5c-f506-5383-b0ad-4467ff438c34,,OwningMembership,,Constraints.sysmlx,ownedRelationship
84c6b69f-e5a3-563e-bdc7-319beab9e03b,,LiteralInteger,,Constraints.sysmlx,ownedRelatedElement
732a8e74-72de-5db2-8b33-1fa74a805003,,OwningMembership,,Constraints.sysmlx,ownedRelationship
b06e94e3-10f8-584e-a75a-6023444133c6,,LiteralInfinity,,Constraints.sysmlx,ownedRelatedElement
e6fefd94-c189-5d43-9582-0f558d698785,,Subsetting,,Constraints.sysmlx,ownedRelationship
2c2ed411-42ad-5bb6-a6c1-b689f252ef67,,OwningMembership,,Constraints.sysmlx,ownedRelationship
be836a72-003d-5217-bf69-26caeb108eb4,,Documentation,,Constraints.sysmlx,ownedRelatedElement
28610ea7-8895-5467-b800-98df76318814,,OwningMembership,,Constraints.sysmlx,ownedRelationship
8ef3ce8b-9d7c-5b4c-a683-66668f5a2f61,assertedConstraintChecks,ConstraintUsage,,Constraints.sysmlx,ownedRelatedElement
c7bbcf02-217a-5ac9-bdac-efa4c6b0bf83,,Subsetting,,Constraints.sysmlx,ownedRelationship
3f80772c-3899-5e62-9794-b08c099bc068,,Subsetting,,Constraints.sysmlx,ownedRelationship
2ece3998-c70d-555f-a8f3-0453fbed786d,,OwningMembership,,Constraints.sysmlx,ownedRelationship
017b8370-a5db-56dd-80ec-daef7e8c3804,,Documentation,,Constraints.sysmlx,ownedRelatedElement
625020ad-b1b3-58c4-bd37-d6c03f1483d9,,OwningMembership,,Constraints.sysmlx,ownedRelationship
fa171792-c1ae-5ddd-aeee-d4ee4695d321,negatedConstraintChecks,ConstraintUsage,,Constraints.sysmlx,ownedRelatedElement
f43a1c01-7f42-5244-8d8e-abd8be46f1aa,,Subsetting,,Constraints.sysmlx,ownedRelationship
46eddeaa-99fb-53ee-9c14-c7390b2e0641,,Subsetting,,Constraints.sysmlx,ownedRelationship
e7ad792c-8e49-5f3e-954a-cff089013d05,,OwningMembership,,Constraints.sysmlx,ownedRelationship
892b2498-ac91-5189-a5ab-c3e8d0b37032,,Documentation,,Constraints.sysmlx,ownedRelatedElement
f4f112e0-2cc0-5c29-98c8-cf983bb20031,,Namespace,,Actions.sysmlx,Namespace
39b65c15-fd83-525a-8344-817fe24d3d90,,OwningMembership,,Actions.sysmlx,ownedRelationship
60005f8a-dbfc-599c-89b6-26ab49420da3,Actions,LibraryPackage,,Actions.sysmlx,ownedRelatedElement
9e75471e-6e5f-5713-9e59-8be5e14e01ab,,OwningMembership,,Actions.sysmlx,ownedRelationship
0fabdcea-450d-5502-b336-fd46dd86fde8,,Documentation,,Actions.sysmlx,ownedRelatedElement
1303c7f5-956a-5cd7-8339-a3f551542dd8,,MembershipImport,,Actions.sysmlx,ownedRelationship
13c7bd06-859f-5aa7-af0a-56d996e510b5,,MembershipImport,,Actions.sysmlx,ownedRelationship
9e1a1b7e-c82d-5899-a9ba-68a6a935aa44,,MembershipImport,,Actions.sysmlx,ownedRelationship
48e76d4d-5bde-534a-9351-0cd0be290660,,MembershipImport,,Actions.sysmlx,ownedRelationship
c51ce374-4ae3-52d3-ba5f-b748486b539c,,MembershipImport,,Actions.sysmlx,ownedRelationship
e292775c-3817-5f3d-ace7-cee122f10062,,MembershipImport,,Actions.sysmlx,ownedRelationship
25fd58c8-2205-5180-83a4-3c71499aebed,,MembershipImport,,Actions.sysmlx,ownedRelationship
8e441997-5bb1-5d73-9f14-46d5d442526c,,MembershipImport,,Actions.sysmlx,ownedRelationship
d1d53e48-6792-53cc-8b5b-3ac4f483b17c,,MembershipImport,,Actions.sysmlx,ownedRelationship
1d0a27a5-7959-54fb-9642-5a161bcd0f9d,,MembershipImport,,Actions.sysmlx,ownedRelationship
bdb1433c-c8f2-52e8-be2c-6f61dada4a2c,,MembershipImport,,Actions.sysmlx,ownedRelationship
f345b4cf-17aa-577f-b482-04e4b5ceb86b,,MembershipImport,,Actions.sysmlx,ownedRelationship
ab630294-b828-55d6-8933-d84901d61147,,MembershipImport,,Actions.sysmlx,ownedRelationship
b631c10a-bf05-5584-94b5-9fe2413f2f3a,,MembershipImport,,Actions.sysmlx,ownedRelationship
6b1e5ff8-112f-53a3-ae67-32e36c2e158f,,MembershipImport,,Actions.sysmlx,ownedRelationship
24bbee90-d51b-51c9-8142-8c50ad6ebb7b,,MembershipImport,,Actions.sysmlx,ownedRelationship
90a85a55-ce16-53a1-81ad-11addc7327ef,,MembershipImport,,Actions.sysmlx,ownedRelationship
4bd6ff46-66a9-5b19-9611-897d2f43bdf1,,MembershipImport,,Actions.sysmlx,ownedRelationship
34ce982b-2256-5696-b0fc-3f86d66e4167,,MembershipImport,,Actions.sysmlx,ownedRelationship
c04103e2-3ccd-5e1b-9b54-cebcbabb1a55,,MembershipImport,,Actions.sysmlx,ownedRelationship
6b8c019f-5266-55be-b1cb-896af0a1781d,,MembershipImport,,Actions.sysmlx,ownedRelationship
6c5d5ae1-5559-53d3-a0be-06f3db52aea3,,MembershipImport,,Actions.sysmlx,ownedRelationship
ac771004-ad93-5583-a429-6767884be44e,,MembershipImport,,Actions.sysmlx,ownedRelationship
5e7fb388-1949-5212-b4c1-b42e57947391,,MembershipImport,,Actions.sysmlx,ownedRelationship
87e0011f-fbda-50ce-b776-8236249a41e1,,OwningMembership,,Actions.sysmlx,ownedRelationship
6e44fcc3-4ac4-5e93-a695-61791fa23309,Action,ActionDefinition,,Actions.sysmlx,ownedRelatedElement
9bb743bf-63a2-56ae-8d40-ecbd8641d4c4,,Subclassification,,Actions.sysmlx,ownedRelationship
f049c638-6a09-52b2-b9d1-4f87f927a8f5,,OwningMembership,,Actions.sysmlx,ownedRelationship
4b855d1b-252e-5081-85bb-97acbf74e30f,,Documentation,,Actions.sysmlx,ownedRelatedElement
849139cf-c436-5595-98c1-d5b508c55d13,,FeatureMembership,,Actions.sysmlx,ownedRelationship
0813bc82-6ac1-5653-af87-7f1e5265d3ff,self,ActionUsage,,Actions.sysmlx,ownedRelatedElement
ef13a27c-52c6-5805-9868-3ffca8a7b36c,,FeatureTyping,,Actions.sysmlx,ownedRelationship
1a9f6892-3876-5a23-baf9-48f02887bbcd,,Redefinition,,Actions.sysmlx,ownedRelationship
2958039f-ad1b-571e-85ee-9bea1f62ea76,,FeatureMembership,,Actions.sysmlx,ownedRelationship
9d658bdc-b049-55e6-9cab-6ed7d571965e,incomingTransfers,ActionUsage,,Actions.sysmlx,ownedRelatedElement
12dff9f6-2c92-525d-8a85-d1b70944fb17,,Redefinition,,Actions.sysmlx,ownedRelationship
951f7a43-159e-52ef-aff1-0bf31ee35648,,FeatureMembership,,Actions.sysmlx,ownedRelationship
9a0d2905-0f9c-5bb4-af74-9780d6db1817,start,ActionUsage,,Actions.sysmlx,ownedRelatedElement
d8ada407-2247-5889-95b3-2259610de954,,FeatureTyping,,Actions.sysmlx,ownedRelationship
0ee12ae9-4705-5d93-9a63-0fdc3f0d3b7b,,Redefinition,,Actions.sysmlx,ownedRelationship
2bde2af0-bca3-5a60-bd89-5f27aa5a2abc,,OwningMembership,,Actions.sysmlx,ownedRelationship
70de1d95-5f0f-57ed-8f32-4940bc2b07fd,,Documentation,,Actions.sysmlx,ownedRelatedElement
d573da5e-7647-5af9-a891-72993ce24c25,,FeatureMembership,,Actions.sysmlx,ownedRelationship
0cdc3cd3-b06c-5c32-beda-0cf4ba164a64,done,ActionUsage,,Actions.sysmlx,ownedRelatedElement
5cc11a35-50e2-5405-b498-1abd78aa2e47,,FeatureTyping,,Actions.sysmlx,ownedRelationship
d36be23d-c37d-5de3-bf9e-a2bdf1d5f581,,Redefinition,,Actions.sysmlx,ownedRelationship
5fc79214-0c91-5fbe-b978-25247850ad59,,OwningMembership,,Actions.sysmlx,ownedRelationship
2ce76b73-90b2-5e47-a9c4-a43317e865a8,,Documentation,,Actions.sysmlx,ownedRelatedElement
63c91f62-5251-5ca1-8500-79a5a234a80c,,FeatureMembership,,Actions.sysmlx,ownedRelationship
3cd3b18a-02fd-5ca8-908a-9acac924a5b3,subactions,ActionUsage,,Actions.sysmlx,ownedRelatedElement
3ab5dc7a-f31a-5ac5-ae57-41758d239cc6,,FeatureTyping,,Actions.sysmlx,ownedRelationship
ec1cc7fe-5f11-5218-afdc-90c9f7d71c91,,OwningMembership,,Actions.sysmlx,ownedRelationship
51f59389-34b6-585d-9640-c0477ad58171,,MultiplicityRange,,Actions.sysmlx,ownedRelatedElement
d02070ff-01e0-5610-bb45-ef293a7dd591,,OwningMembership,,Actions.sysmlx,ownedRelationship
1ad39320-5cb2-56f6-8e8c-9780e949e88c,,LiteralInteger,,Actions.sysmlx,ownedRelatedElement
19970d87-07ae-556e-a6ee-c7f67f65ad7f,,OwningMembership,,Actions.sysmlx,ownedRelationship
4264405d-a877-5fb6-bed2-ca14a6f99570,,LiteralInfinity,,Actions.sysmlx,ownedRelatedElement
c1f03c3e-a522-5a53-b3e1-68e80aeb3030,,Subsetting,,Actions.sysmlx,ownedRelationship
ec1637e5-fde4-5a8b-94c7-24e4a27c4b90,,Subsetting,,Actions.sysmlx,ownedRelationship
65da30b9-1ef0-5c07-923d-885af86e88c5,,OwningMembership,,Actions.sysmlx,ownedRelationship
5bafa1dc-c2d7-5975-9b63-7ba1c7925aad,,Documentation,,Actions.sysmlx,ownedRelatedElement
149834bc-d507-5a98-a76e-bed903c2d22b,,FeatureMembership,,Actions.sysmlx,ownedRelationship
c1d6be22-568f-5adf-9394-b44a46b02243,,OccurrenceUsage,,Actions.sysmlx,ownedRelatedElement
1f038526-9b68-55a4-a189-7cba95ed6498,,Redefinition,,Actions.sysmlx,ownedRelationship
c7e30845-dfd4-515e-b5ef-f7396806de3a,,Redefinition,,Actions.sysmlx,ownedRelationship
d24362cd-daad-5997-9f66-01cf977542ad,,Redefinition,,Actions.sysmlx,ownedRelationship
8f42c3a9-59ed-5359-a559-fe874ab4b2d5,,FeatureValue,,Actions.sysmlx,ownedRelationship
9c84571a-cb1b-513e-907e-9b96769565ed,,FeatureChainExpression,,Actions.sysmlx,ownedRelatedElement
bc19959b-a76b-5796-bed4-e8c7b392bd42,,ParameterMembership,,Actions.sysmlx,ownedRelationship
ee4bf23d-043e-5256-ae47-2c893ab23e51,,Feature,,Actions.sysmlx,ownedRelatedElement
33bdc075-0b85-54a9-a669-aed43d623d07,,FeatureValue,,Actions.sysmlx,ownedRelationship
7703a9ab-7a86-5235-9b27-1e0b0a7bdd2e,,OperatorExpression,,Actions.sysmlx,ownedRelatedElement
fa5e26ac-7202-56fb-a4b5-ce484bfaec5c,,ParameterMembership,,Actions.sysmlx,ownedRelationship
5d69b881-16fe-50af-9cb3-68eb46acc90a,,Feature,,Actions.sysmlx,ownedRelatedElement
c07cc941-369b-555a-80af-cee2e9b22367,,FeatureValue,,Actions.sysmlx,ownedRelationship
78a30833-c54f-527a-8714-3d128e36abdb,,FeatureReferenceExpression,,Actions.sysmlx,ownedRelatedElement
3de0241a-d896-52be-9cc4-76261df4f029,,Membership,,Actions.sysmlx,ownedRelationship
5291815f-3144-512d-9d80-26cd2e7a68c1,,ReturnParameterMembership,,Actions.sysmlx,ownedRelationship
057cf484-b310-5ec9-a6d8-cb0782fea431,,Feature,,Actions.sysmlx,ownedRelatedElement
3841f4b6-4528-5ae7-a889-d345fb726585,,ReturnParameterMembership,,Actions.sysmlx,ownedRelationship
5db69415-30b8-577d-8ca5-496fc9d64a46,,Feature,,Actions.sysmlx,ownedRelatedElement
ee29470c-0623-524f-b77d-c66ca86efa0a,,FeatureTyping,,Actions.sysmlx,ownedRelationship
40640900-eb3c-5a3e-9e51-d5fd7d06440d,,FeatureMembership,,Actions.sysmlx,ownedRelationship
204af3c9-7c0b-5de6-92bd-c76d14eccb7d,,Feature,,Actions.sysmlx,ownedRelatedElement
ee414363-1834-5f71-9a6d-91cfe63f895b,,Membership,,Actions.sysmlx,ownedRelationship
3e1e9e65-8f96-53b8-8d03-ba92b1803370,,ReturnParameterMembership,,Actions.sysmlx,ownedRelationship
daacb095-5b16-5d23-bfee-9d65840347e7,,Feature,,Actions.sysmlx,ownedRelatedElement
3488b3a4-108f-5fdb-902a-ac905b24beef,,OwningMembership,,Actions.sysmlx,ownedRelationship
e5b69c5a-60ca-5cbf-9696-9eb4f9212383,,Documentation,,Actions.sysmlx,ownedRelatedElement
5c5f56f8-8be2-5d54-a5fb-8c599977ed4f,,FeatureMembership,,Actions.sysmlx,ownedRelationship
3e0dc934-f25c-5dea-988f-15724c029d88,sendSubactions,ActionUsage,,Actions.sysmlx,ownedRelatedElement
8f82f497-bf25-5b4a-94c0-62864efef896,,FeatureTyping,,Actions.sysmlx,ownedRelationship
1d2d1464-8be6-5ccb-9864-6da80b971ec6,,OwningMembership,,Actions.sysmlx,ownedRelationship
cc0bc6ad-6c07-5f1f-975e-16c642e16499,,MultiplicityRange,,Actions.sysmlx,ownedRelatedElement
44993355-34da-58a7-8279-2281b46345b9,,OwningMembership,,Actions.sysmlx,ownedRelationship
da992e7d-6306-5b29-b93f-e543b3d8d62f,,LiteralInteger,,Actions.sysmlx,ownedRelatedElement
985a9237-6f07-5b46-839b-fcf4a0426ed4,,OwningMembership,,Actions.sysmlx,ownedRelationship
c1c1cdce-d3a3-5494-9783-38e6f813d11e,,LiteralInfinity,,Actions.sysmlx,ownedRelatedElement
69276ef9-c930-5ebd-99cb-1c79aa5639ab,,Subsetting,,Actions.sysmlx,ownedRelationship
75e70d81-2dc5-5cf7-9619-e19504bce98d,,Subsetting,,Actions.sysmlx,ownedRelationship
426b931d-94c9-569f-a72b-a3ddd7b515bc,,OwningMembership,,Actions.sysmlx,ownedRelationship
bb17a25a-3a18-5132-aa9a-db71c2af7509,,Documentation,,Actions.sysmlx,ownedRelatedElement
e368be48-70ad-5647-8f05-b7706ae9e138,,FeatureMembership,,Actions.sysmlx,ownedRelationship
1f8424a7-2500-583d-a15a-494fbec0beef,acceptSubactions,ActionUsage,,Actions.sysmlx,ownedRelatedElement
229b39e3-a7e3-51a3-97ad-847d1ea594df,,FeatureTyping,,Actions.sysmlx,ownedRelationship
c2816f73-d2cb-5bb3-be6c-be425c1c4a41,,OwningMembership,,Actions.sysmlx,ownedRelationship
115235f5-3e61-5a6d-91ac-81794c213f32,,MultiplicityRange,,Actions.sysmlx,ownedRelatedElement
07fbea3d-c226-5d9c-b59e-26759db02e01,,OwningMembership,,Actions.sysmlx,ownedRelationship
3aa9d3d3-1989-50bb-9814-bf7fe5ceab4e,,LiteralInteger,,Actions.sysmlx,ownedRelatedElement
353742c4-fa82-5c54-8e8f-f11d3d6383d9,,OwningMembership,,Actions.sysmlx,ownedRelationship
2eefa08d-07f8-545f-ad7a-899673b7b7d6,,LiteralInfinity,,Actions.sysmlx,ownedRelatedElement
466e05aa-8230-576b-bc2f-7ac6c4f88967,,Subsetting,,Actions.sysmlx,ownedRelationship
faff429b-7411-57c2-af02-4e3bb8f7bdb0,,Subsetting,,Actions.sysmlx,ownedRelationship
414e2804-6b63-5f01-aea6-59c478652084,,OwningMembership,,Actions.sysmlx,ownedRelationship
08e40661-b6e4-5083-a8a3-29d96b6876e3,,Documentation,,Actions.sysmlx,ownedRelatedElement
b148c0bf-771c-5559-901e-fadec09947f1,,FeatureMembership,,Actions.sysmlx,ownedRelationship
466488bb-11ee-51bb-8f20-4e3bff091536,terminateSubactions,ActionUsage,,Actions.sysmlx,ownedRelatedElement
6aae7a4f-ea3c-5e83-be33-a066d5ad6bee,,FeatureTyping,,Actions.sysmlx,ownedRelationship
1654ad47-4143-5e7b-bc34-44ba6e0e44cb,,OwningMembership,,Actions.sysmlx,ownedRelationship
9f29378e-c406-590a-9f76-22f7a1aabf96,,MultiplicityRange,,Actions.sysmlx,ownedRelatedElement
e729ddbd-9ca6-546d-ab5c-1a8f3c3aae1a,,OwningMembership,,Actions.sysmlx,ownedRelationship
1e090144-c948-5639-be29-6ff5f36dfaef,,LiteralInteger,,Actions.sysmlx,ownedRelatedElement
0518d675-805f-5504-8add-3b9db8ad18e1,,OwningMembership,,Actions.sysmlx,ownedRelationship
28e085f6-e516-5d6d-bde4-af37be760a27,,LiteralInfinity,,Actions.sysmlx,ownedRelatedElement
2c3e48e4-2120-5b7c-9683-99a0a85bd284,,Subsetting,,Actions.sysmlx,ownedRelationship
57f65809-7b5a-54b9-8f5e-9af423a7a60a,,Subsetting,,Actions.sysmlx,ownedRelationship
f6941ec8-52fb-5333-97f4-0f81977e0a0a,,OwningMembership,,Actions.sysmlx,ownedRelationship
8b84a5d7-3a1e-5493-b306-1f88d63d6153,,Documentation,,Actions.sysmlx,ownedRelatedElement
a51fc619-fd88-5b24-b859-362371f52b53,,FeatureMembership,,Actions.sysmlx,ownedRelationship
f313febd-5e7b-56b8-9cbb-9b9ec53e9e71,controls,ActionUsage,,Actions.sysmlx,ownedRelatedElement
f9e6c368-ac86-5a33-98dc-b0ed1e2901e6,,FeatureTyping,,Actions.sysmlx,ownedRelationship
f9fe3270-bde9-51b5-90a0-5139413906f1,,OwningMembership,,Actions.sysmlx,ownedRelationship
44e02981-94d7-55d4-969f-d546571b1d13,,MultiplicityRange,,Actions.sysmlx,ownedRelatedElement
a37d855a-83fe-5582-9326-db64c9fae29f,,OwningMembership,,Actions.sysmlx,ownedRelationship
b9a7c2b3-ab00-590e-bc9a-5c784226fbae,,LiteralInteger,,Actions.sysmlx,ownedRelatedElement
560c8d22-bc60-5143-ae75-6e28a2adc1a1,,OwningMembership,,Actions.sysmlx,ownedRelationship
22220c01-4392-5e13-a9d6-e83a96d6f1e0,,LiteralInfinity,,Actions.sysmlx,ownedRelatedElement
6b19d43b-0a09-5c14-9152-22b141abaf80,,Subsetting,,Actions.sysmlx,ownedRelationship
3a3f318f-7471-5e5f-a9e7-145412142b1d,,OwningMembership,,Actions.sysmlx,ownedRelationship
709b004b-ebc3-5be4-b005-8e5e9a31d753,,Documentation,,Actions.sysmlx,ownedRelatedElement
1494fa26-1a1d-5c7c-9e9b-5d2ac08c26ac,,FeatureMembership,,Actions.sysmlx,ownedRelationship
2f728323-282c-50cf-9d4f-31a8519efb01,merges,ActionUsage,,Actions.sysmlx,ownedRelatedElement
b3448253-f476-5d7c-82fa-15e27b539558,,FeatureTyping,,Actions.sysmlx,ownedRelationship
7a283689-24be-582e-aae3-e442671bb597,,OwningMembership,,Actions.sysmlx,ownedRelationship
5cda7f85-25c3-55a9-803e-abd86b35f814,,MultiplicityRange,,Actions.sysmlx,ownedRelatedElement
a141e7e1-8485-524c-a6c6-97d5be51cf08,,OwningMembership,,Actions.sysmlx,ownedRelationship
90b36d69-8edc-5576-acda-e3a6d4d02448,,LiteralInteger,,Actions.sysmlx,ownedRelatedElement
353e625c-a69d-553d-a13e-51a7143a38e3,,OwningMembership,,Actions.sysmlx,ownedRelationship
0f23397c-48e4-5425-bbeb-e02c3e5433f3,,LiteralInfinity,,Actions.sysmlx,ownedRelatedElement
952173e3-3529-5bcb-8e6d-4b9cb3af05ee,,Subsetting,,Actions.sysmlx,ownedRelationship
885534b3-6016-533e-8c2d-734a02598a01,,OwningMembership,,Actions.sysmlx,ownedRelationship
5d49ccb4-6929-5ccb-be0f-0e4ec23bdbf8,,Documentation,,Actions.sysmlx,ownedRelatedElement
6d120688-480e-5e00-9691-13e2fcd9303f,,FeatureMembership,,Actions.sysmlx,ownedRelationship
b9de2d54-eb04-56e5-b91d-132ed541134e,decisions,ActionUsage,,Actions.sysmlx,ownedRelatedElement
860ebddf-dd8c-58bd-a20d-3f77cd2c1baf,,FeatureTyping,,Actions.sysmlx,ownedRelationship
1f5b258f-dbe8-593e-8612-945ff3df6567,,Subsetting,,Actions.sysmlx,ownedRelationship
6d9cef1c-6f8b-5b7b-9860-5e16b8363e1b,,OwningMembership,,Actions.sysmlx,ownedRelationship
4e2f86da-77e7-52e5-8d7b-127e120cc506,,Documentation,,Actions.sysmlx,ownedRelatedElement
f68a041b-272b-5183-a614-eb1272bc1b82,,FeatureMembership,,Actions.sysmlx,ownedRelationship
18d95656-b8e7-5a9d-95bb-0e3e20f1e2c0,joins,ActionUsage,,Actions.sysmlx,ownedRelatedElement
f92af0ce-6db0-504e-ab2e-e191a9ebec63,,FeatureTyping,,Actions.sysmlx,ownedRelationship
9ce95f59-7251-5756-b51a-d0852423b791,,Subsetting,,Actions.sysmlx,ownedRelationship
2a3418c4-23ba-5fd6-95b2-f2d317abe602,,OwningMembership,,Actions.sysmlx,ownedRelationship
b8628fdd-1914-5798-9e64-eab82af28326,,Documentation,,Actions.sysmlx,ownedRelatedElement
08252b15-7746-52a0-84d7-8877ba17b3ca,,FeatureMembership,,Actions.sysmlx,ownedRelationship
6362a0e5-3e1d-5646-85f5-69e3ae6bd653,forks,ActionUsage,,Actions.sysmlx,ownedRelatedElement
8fe76b94-490e-5ffa-beb0-e6756415cbeb,,FeatureTyping,,Actions.sysmlx,ownedRelationship
efaf9700-718b-55fd-88cf-1ce42fe92e91,,Subsetting,,Actions.sysmlx,ownedRelationship
77656df4-b539-5ac2-9303-f6a3c35d6526,,OwningMembership,,Actions.sysmlx,ownedRelationship
18502627-d208-536f-afa7-6b04893a6d0c,,Documentation,,Actions.sysmlx,ownedRelatedElement
94570336-26cc-562a-95a4-5e76306a49da,,FeatureMembership,,Actions.sysmlx,ownedRelationship
7c45e930-5326-55e0-a1d8-f8618fdfc605,transitions,ActionUsage,,Actions.sysmlx,ownedRelatedElement
b04b8fe4-4f02-576a-9540-cee4440e4b6f,,FeatureTyping,,Actions.sysmlx,ownedRelationship
e4dd10f5-17e1-5473-9e44-c022f1c17064,,OwningMembership,,Actions.sysmlx,ownedRelationship
196ef647-70e6-5eaf-851f-3d6136dbb388,,MultiplicityRange,,Actions.sysmlx,ownedRelatedElement
7e4d900f-c725-5b60-a36e-b7e05e983983,,OwningMembership,,Actions.sysmlx,ownedRelationship
2f6331e6-52fd-5106-a9e0-de02c2bbf720,,LiteralInteger,,Actions.sysmlx,ownedRelatedElement
70b7a735-96d8-51c0-871d-8c7e7aabf791,,OwningMembership,,Actions.sysmlx,ownedRelationship
3aefdb88-f93f-521e-af47-fed307a69788,,LiteralInfinity,,Actions.sysmlx,ownedRelatedElement
1e9271ab-1170-59a5-bac5-906a515fa00b,,Subsetting,,Actions.sysmlx,ownedRelationship
453c71be-74a4-5dd3-a959-099bd6ee5b76,,Subsetting,,Actions.sysmlx,ownedRelationship
569c238d-24b0-56ab-90a0-b8a0848c5fbd,,OwningMembership,,Actions.sysmlx,ownedRelationship
922b1d59-d806-5d7a-a55a-3709f57fdc4c,,Documentation,,Actions.sysmlx,ownedRelatedElement
ce1e26be-26ce-5b72-9a3e-1f940c8d35db,,FeatureMembership,,Actions.sysmlx,ownedRelationship
384046fe-8dea-5263-bce6-36dd9a023111,decisionTransitions,ActionUsage,,Actions.sysmlx,ownedRelatedElement
aa675abe-3563-556c-a233-58717e8322ff,,FeatureTyping,,Actions.sysmlx,ownedRelationship
a6013b4b-07b3-5223-a87a-1e127a9595c9,,OwningMembership,,Actions.sysmlx,ownedRelationship
ef302418-bad0-5094-8d1b-7f783985bdf9,,MultiplicityRange,,Actions.sysmlx,ownedRelatedElement
b16ea169-d561-5166-8df3-7512a3bc736d,,OwningMembership,,Actions.sysmlx,ownedRelationship
ead8a654-53dd-5ccd-a77f-40f436f4acc9,,LiteralInteger,,Actions.sysmlx,ownedRelatedElement
beb1597f-262e-589c-8b8a-2c363a5880da,,OwningMembership,,Actions.sysmlx,ownedRelationship
c5a2ba7e-0a18-5660-9514-c0051fb22d14,,LiteralInfinity,,Actions.sysmlx,ownedRelatedElement
037c0bfd-446a-5ae4-9db7-18e88850236a,,Subsetting,,Actions.sysmlx,ownedRelationship
f9e5d2d4-904b-50a1-a9f0-9fb95c495382,,OwningMembership,,Actions.sysmlx,ownedRelationship
d1226b81-5aa2-53d7-b9a6-414a02abb73a,,Documentation,,Actions.sysmlx,ownedRelatedElement
a45916ae-c41c-523a-9cb8-9ada531bb88d,,FeatureMembership,,Actions.sysmlx,ownedRelationship
5540acce-64df-5ee7-8698-98d49dc63b88,assignments,ActionUsage,,Actions.sysmlx,ownedRelatedElement
318cbd19-bd60-523f-b9be-8f909690fa70,,FeatureTyping,,Actions.sysmlx,ownedRelationship
76d81330-6c6c-542c-ac95-1bfdcb0dc60f,,OwningMembership,,Actions.sysmlx,ownedRelationship
996cfe0b-fa0f-50e6-b6b3-ba3aa173c662,,MultiplicityRange,,Actions.sysmlx,ownedRelatedElement
553cecc8-d105-5b94-8081-e4b56032224a,,OwningMembership,,Actions.sysmlx,ownedRelationship
a4b18ec5-6764-5e1d-8afe-ded541a57747,,LiteralInteger,,Actions.sysmlx,ownedRelatedElement
10f672f5-3917-5dd0-b979-cb49d6d0a6b2,,OwningMembership,,Actions.sysmlx,ownedRelationship
3cc1a7e6-2a59-5c2f-831b-a812a0711a4d,,LiteralInfinity,,Actions.sysmlx,ownedRelatedElement
75814836-26bb-5a4b-a422-5555a6236b66,,Subsetting,,Actions.sysmlx,ownedRelationship
b01672e1-bed4-5bef-93e1-a59ab3dca0f7,,Subsetting,,Actions.sysmlx,ownedRelationship
3686c8b8-2a9a-58f2-bc3e-05af8fe16b83,,OwningMembership,,Actions.sysmlx,ownedRelationship
082841d8-056a-5a9d-a0e1-344a9cf05f60,,Documentation,,Actions.sysmlx,ownedRelatedElement
6976afa2-1a57-5df8-b7b9-1ad81a19e63f,,FeatureMembership,,Actions.sysmlx,ownedRelationship
960eac11-aa17-5c40-9871-8fed9a1f65b1,target,ReferenceUsage,,Actions.sysmlx,ownedRelatedElement
9e5c48ea-5edb-52a0-b288-3e1a2361c252,,FeatureMembership,,Actions.sysmlx,ownedRelationship
59f10437-9c21-5c9f-bcb4-71e2b5c1eecc,ifSubactions,ActionUsage,,Actions.sysmlx,ownedRelatedElement
198506dc-6e8f-57a3-8789-ba239488480c,,FeatureTyping,,Actions.sysmlx,ownedRelationship
aac28004-a56d-5b42-b6ac-7d2818cba3a1,,OwningMembership,,Actions.sysmlx,ownedRelationship
9bca69e9-380f-5a24-a52e-46556b5fa6c6,,MultiplicityRange,,Actions.sysmlx,ownedRelatedElement
cb306ba9-2586-5a03-b814-0717ecc46099,,OwningMembership,,Actions.sysmlx,ownedRelationship
e0ba5e76-f220-5a1b-b61b-209878a1e2b3,,LiteralInteger,,Actions.sysmlx,ownedRelatedElement
b7d01ca6-a4fd-5254-a519-2f09f679ff2d,,OwningMembership,,Actions.sysmlx,ownedRelationship
a1eddadc-7f87-5b06-9b72-f1be2e470646,,LiteralInfinity,,Actions.sysmlx,ownedRelatedElement
8b240bd8-7304-5da9-ba4c-f6106bd02077,,Subsetting,,Actions.sysmlx,ownedRelationship
c46287cb-5a4e-56d2-8737-2653f6eecba2,,Subsetting,,Actions.sysmlx,ownedRelationship
615ad667-348d-5939-967e-10de9fcbb28b,,OwningMembership,,Actions.sysmlx,ownedRelationship
ced50600-4f8f-53ed-b9e5-071f51707a92,,Documentation,,Actions.sysmlx,ownedRelatedElement
affc4756-8559-57aa-aca1-9fd5a87c2a3d,,FeatureMembership,,Actions.sysmlx,ownedRelationship
ebe22fe0-ea08-54d3-84e5-95e16b0f41c8,loops,ActionUsage,,Actions.sysmlx,ownedRelatedElement
ff99f883-b830-5e15-841c-963264b7936e,,FeatureTyping,,Actions.sysmlx,ownedRelationship
7621d7f6-8a2f-5e76-88dc-25a204799f9e,,OwningMembership,,Actions.sysmlx,ownedRelationship
9fe1c8bc-88b4-5e25-836b-7e838d288d77,,MultiplicityRange,,Actions.sysmlx,ownedRelatedElement
b435e6ba-a49a-5468-8114-d78e77ec6aea,,OwningMembership,,Actions.sysmlx,ownedRelationship
ea933dc5-807f-5151-88d7-c66bb237fcda,,LiteralInteger,,Actions.sysmlx,ownedRelatedElement
121c1a70-737e-5b83-8e93-85270b1e7f80,,OwningMembership,,Actions.sysmlx,ownedRelationship
996bd40d-612b-55e8-bca3-b9f1600b1c46,,LiteralInfinity,,Actions.sysmlx,ownedRelatedElement
74045850-14e6-5ef7-bc4a-4f6508a2f95b,,Subsetting,,Actions.sysmlx,ownedRelationship
c1fa5b38-bf5f-51f1-b185-30a495329f20,,Subsetting,,Actions.sysmlx,ownedRelationship
f51ed2bb-baba-5180-951c-a8a50b29d445,,OwningMembership,,Actions.sysmlx,ownedRelationship
9cc819b9-ae8c-56ed-a93e-75bdd7c5881d,,Documentation,,Actions.sysmlx,ownedRelatedElement
6e9340b6-9a3a-56f9-bbfb-c42bacd192b7,,FeatureMembership,,Actions.sysmlx,ownedRelationship
16b30aad-3b50-5168-b25a-cbbbe705b7af,whileLoops,ActionUsage,,Actions.sysmlx,ownedRelatedElement
bb81570f-e337-5f19-8ac0-1269349ef0dd,,FeatureTyping,,Actions.sysmlx,ownedRelationship
041ae86c-9912-5f32-8450-7c24dbc7df29,,OwningMembership,,Actions.sysmlx,ownedRelationship
56c587a7-c119-577d-8fe2-5cf0cce2c556,,MultiplicityRange,,Actions.sysmlx,ownedRelatedElement
ccb51dc3-31f6-5ce1-bbc0-a835944d7531,,OwningMembership,,Actions.sysmlx,ownedRelationship
dfba63f1-0389-5325-9db0-7db2e124d94c,,LiteralInteger,,Actions.sysmlx,ownedRelatedElement
30215379-c018-5fbc-845d-74ce4e2048ab,,OwningMembership,,Actions.sysmlx,ownedRelationship
1fef078b-d9e2-5d32-9602-6f926ae06884,,LiteralInfinity,,Actions.sysmlx,ownedRelatedElement
453600b8-46a5-5f5e-88df-3b5ac7155143,,Subsetting,,Actions.sysmlx,ownedRelationship
7bc213b0-f294-58b7-b480-83cf8530dc4f,,Subsetting,,Actions.sysmlx,ownedRelationship
8368d1ce-d147-5b4e-942f-be1df900297a,,OwningMembership,,Actions.sysmlx,ownedRelationship
41e68295-6496-5008-a9f4-1fc07ff7ca23,,Documentation,,Actions.sysmlx,ownedRelatedElement
05dbafe6-01cc-51fa-ac63-962656e9da10,,FeatureMembership,,Actions.sysmlx,ownedRelationship
ec247891-201e-5122-b55b-8e1ed43fc6e8,forLoops,ActionUsage,,Actions.sysmlx,ownedRelatedElement
8fe6bf69-71bd-5bf1-9d11-b5fc4447814c,,FeatureTyping,,Actions.sysmlx,ownedRelationship
cfc9e970-b1ef-5b12-9d76-00679a3ab65f,,OwningMembership,,Actions.sysmlx,ownedRelationship
486a3857-199f-5587-9e1d-6586b39d0239,,MultiplicityRange,,Actions.sysmlx,ownedRelatedElement
2f270590-abac-520b-88c7-a6064bd856c0,,OwningMembership,,Actions.sysmlx,ownedRelationship
49de153a-3cf5-544c-9832-d110d5facc6a,,LiteralInteger,,Actions.sysmlx,ownedRelatedElement
6aeb9d1a-fc0c-5603-abe3-55ce754b0d08,,OwningMembership,,Actions.sysmlx,ownedRelationship
67008dfb-6da8-52da-ac7d-127c1c5501b6,,LiteralInfinity,,Actions.sysmlx,ownedRelatedElement
dd2a44fd-7948-5bac-81bd-e0f5d2941e98,,Subsetting,,Actions.sysmlx,ownedRelationship
808c783f-be97-5faa-8f8d-fb71cce07f7e,,Subsetting,,Actions.sysmlx,ownedRelationship
1fef2297-bffb-5df0-95e9-a3f30ba0fedf,,OwningMembership,,Actions.sysmlx,ownedRelationship
81dfa25f-03d6-578c-b347-18e4b6c87b60,,Documentation,,Actions.sysmlx,ownedRelatedElement
d3d71adc-4a51-5d64-a092-742da73fb4b9,,OwningMembership,,Actions.sysmlx,ownedRelationship
0cc065ef-4e93-5aed-a3f3-5e8cbb417021,actions,ActionUsage,,Actions.sysmlx,ownedRelatedElement
2ce3c794-af66-5b8e-a6ba-041b919e56bc,,FeatureTyping,,Actions.sysmlx,ownedRelationship
da42b4ed-f018-5cf9-af0d-8cecdca802fd,,OwningMembership,,Actions.sysmlx,ownedRelationship
5b1fc3a9-b32a-55d0-a7e0-620ec5ecc182,,MultiplicityRange,,Actions.sysmlx,ownedRelatedElement
3693df05-1b47-5508-8a53-41e6c60ba08d,,OwningMembership,,Actions.sysmlx,ownedRelationship
09873c0a-6daf-5c63-a18f-f57aba6306d6,,LiteralInteger,,Actions.sysmlx,ownedRelatedElement
d6df647c-dd41-50a8-ac95-81342b7d88da,,OwningMembership,,Actions.sysmlx,ownedRelationship
792be7b2-b06c-5a8a-8776-d6c86ddc5350,,LiteralInfinity,,Actions.sysmlx,ownedRelatedElement
dac28925-c47e-505d-ba6c-1f30b99358d0,,Subsetting,,Actions.sysmlx,ownedRelationship
66f3b1b1-afc6-57e8-9739-83cbb2ea1e7e,,OwningMembership,,Actions.sysmlx,ownedRelationship
443207d8-416c-5f07-bdc3-fcc567e70761,,Documentation,,Actions.sysmlx,ownedRelatedElement
262a587a-a501-5360-b439-4c50b5093577,,OwningMembership,,Actions.sysmlx,ownedRelationship
be598c58-c7ef-54ae-b296-b540b9a95409,SendAction,ActionDefinition,,Actions.sysmlx,ownedRelatedElement
9fc1359a-9635-5a97-86a8-857d1a994505,,Subclassification,,Actions.sysmlx,ownedRelationship
86627520-58b0-52b3-9cad-57b32eb945a1,,Subclassification,,Actions.sysmlx,ownedRelationship
8cecb512-d8d3-52aa-abf6-213e76be0c85,,OwningMembership,,Actions.sysmlx,ownedRelationship
8429fe03-69b2-5e77-966a-76f96b33e894,,Documentation,,Actions.sysmlx,ownedRelatedElement
f600102f-0a59-5a01-b7ca-fcc2c593af7e,,FeatureMembership,,Actions.sysmlx,ownedRelationship
a8558e47-1012-5952-a726-cc6f69e02b9e,,ReferenceUsage,,Actions.sysmlx,ownedRelatedElement
4b1a58f8-1291-5106-a313-29c798543db2,,Redefinition,,Actions.sysmlx,ownedRelationship
996de829-8935-565b-8a14-3f3c330609af,,OwningMembership,,Actions.sysmlx,ownedRelationship
31467019-4182-5f06-9b7d-838e65cce1b7,,MultiplicityRange,,Actions.sysmlx,ownedRelatedElement
136a105a-c6dd-5aaf-8186-8b4c9d438444,,OwningMembership,,Actions.sysmlx,ownedRelationship
042c1f22-6fd8-5391-a011-261e9fe08527,,LiteralInteger,,Actions.sysmlx,ownedRelatedElement
a05dc983-5b30-5352-be4f-0c0444a688e3,,OwningMembership,,Actions.sysmlx,ownedRelationship
b4cd19a1-a227-50d4-8d38-9301583f7575,,LiteralInfinity,,Actions.sysmlx,ownedRelatedElement
8a60cca3-e22d-5c1a-afcd-da678cbdcad2,,FeatureMembership,,Actions.sysmlx,ownedRelationship
36747daf-ca89-570d-abfb-b73771077da0,sentMessage,ReferenceUsage,,Actions.sysmlx,ownedRelatedElement
606cc349-0126-58fe-97d3-7f5410f5cf5b,,Redefinition,,Actions.sysmlx,ownedRelationship
20363a60-eb51-5ac4-b3b8-1258f39afdff,,FeatureTyping,,Actions.sysmlx,ownedRelationship
9b074f38-9abc-59c3-ab00-e4ff9b1fc861,,FeatureTyping,,Actions.sysmlx,ownedRelationship
ad57d8e7-6aaf-5c41-aeae-5c6e2b8b77d6,,FeatureMembership,,Actions.sysmlx,ownedRelationship
bd10bc37-4b0d-56ed-b39c-133844dec1c5,,ReferenceUsage,,Actions.sysmlx,ownedRelatedElement
d1742599-f46c-53c4-baf2-0c9e88f33932,,Redefinition,,Actions.sysmlx,ownedRelationship
1c792acc-0410-5ec2-9c2b-bcac09a60f4d,,Redefinition,,Actions.sysmlx,ownedRelationship
b8b5b573-446c-5805-9a2b-363181bb0191,,OwningMembership,,Actions.sysmlx,ownedRelationship
f2faba86-22b8-5b42-9f3e-9ce3d0e36b0d,sendActions,ActionUsage,,Actions.sysmlx,ownedRelatedElement
41de2795-af30-5ab2-a8b7-1268a1281e55,,FeatureTyping,,Actions.sysmlx,ownedRelationship
b64dd3f1-c959-5086-a0cd-d00ec6788653,,OwningMembership,,Actions.sysmlx,ownedRelationship
f74f5405-d730-5644-ada9-8de446ab9ced,,MultiplicityRange,,Actions.sysmlx,ownedRelatedElement
ba3d3fb8-90d3-5d43-8aed-ff91e988a470,,OwningMembership,,Actions.sysmlx,ownedRelationship
3a87963d-37da-518a-aeb4-8d65033bd0ea,,LiteralInteger,,Actions.sysmlx,ownedRelatedElement
82da3bdd-c5ab-56d7-a994-c87d3e99d35c,,OwningMembership,,Actions.sysmlx,ownedRelationship
d791c9df-f581-5c59-9843-7b4c7e29e6db,,LiteralInfinity,,Actions.sysmlx,ownedRelatedElement
2d19ee04-9e00-532c-93d4-acef9ddbbcb6,,Subsetting,,Actions.sysmlx,ownedRelationship
bc61edd2-9065-5839-ad8b-d7be3c1784be,,Subsetting,,Actions.sysmlx,ownedRelationship
8fe4d5f2-0e0b-5c29-8b04-d3cf77e1ed41,,OwningMembership,,Actions.sysmlx,ownedRelationship
45de506e-84c5-5def-a409-a0fc6f1f8c14,,Documentation,,Actions.sysmlx,ownedRelatedElement
587bb8cf-4637-50c3-a1b2-94859cfef2b9,,OwningMembership,,Actions.sysmlx,ownedRelationship
edae48f0-3f6d-581d-acc3-b611a1ca8b8f,AcceptMessageAction,ActionDefinition,,Actions.sysmlx,ownedRelatedElement
234383bf-bcc1-5b45-b04a-42ff7616e3e8,,Subclassification,,Actions.sysmlx,ownedRelationship
7df92bf9-ec48-5ec7-84fa-265281d322dc,,Subclassification,,Actions.sysmlx,ownedRelationship
c2a687fa-53ea-509c-a395-d013586adc4e,,OwningMembership,,Actions.sysmlx,ownedRelationship
f6cf9bf5-4a3a-5434-adca-14ee56a8f6b6,,Documentation,,Actions.sysmlx,ownedRelatedElement
98858d88-3938-5175-b27c-c8074e35d281,,FeatureMembership,,Actions.sysmlx,ownedRelationship
780fbe59-dd70-56b5-bbd2-3d2f904daff3,,ReferenceUsage,,Actions.sysmlx,ownedRelatedElement
819b6115-ea6c-5e5f-8b1f-ff86bdc2b3ca,,Redefinition,,Actions.sysmlx,ownedRelationship
f6a1f0a8-ee9b-5198-9f1f-9d0736318cfe,,FeatureMembership,,Actions.sysmlx,ownedRelationship
0cc74c6c-5ebd-5659-8f7e-28f566628d37,acceptedMessage,ReferenceUsage,,Actions.sysmlx,ownedRelatedElement
9ebdbc0d-f862-5c23-9d25-f4ec6d47bdc7,,Redefinition,,Actions.sysmlx,ownedRelationship
66db056f-8a4e-57d8-8894-37200cc4540a,,FeatureTyping,,Actions.sysmlx,ownedRelationship
9794d790-5745-5260-8400-211a67679125,,FeatureTyping,,Actions.sysmlx,ownedRelationship
41565792-aa5f-55f1-9f46-0bd41cf07946,,FeatureMembership,,Actions.sysmlx,ownedRelationship
018c0683-66b3-5c38-a3d1-368ee41ae77b,,ReferenceUsage,,Actions.sysmlx,ownedRelatedElement
765657ce-0568-55fe-be27-ba397f769851,,Redefinition,,Actions.sysmlx,ownedRelationship
91bebbd4-92be-50c9-8c94-4ee7b5843f2a,,Redefinition,,Actions.sysmlx,ownedRelationship
375b4630-6aae-52b6-8f5f-84421cfc3b5e,,OwningMembership,,Actions.sysmlx,ownedRelationship
f0ed0255-bfa2-5997-91bb-f195558e84cc,AcceptAction,ActionDefinition,,Actions.sysmlx,ownedRelatedElement
9a5b2e04-550c-5678-a476-4f7fbde321ec,,Subclassification,,Actions.sysmlx,ownedRelationship
ffd0c14a-6dc8-5320-aa40-8414624f2f7d,,OwningMembership,,Actions.sysmlx,ownedRelationship
984ff828-cef7-534a-b197-50f8307c46ea,,Documentation,,Actions.sysmlx,ownedRelatedElement
f767187c-dad8-58d1-a0bc-ca008456d2f1,,FeatureMembership,,Actions.sysmlx,ownedRelationship
0fbdb22e-cefa-57c2-a157-383acb18d36d,,ReferenceUsage,,Actions.sysmlx,ownedRelatedElement
1b04d4d2-d135-58b8-b3ec-65f0a19942fe,,Redefinition,,Actions.sysmlx,ownedRelationship
8df023f8-3457-5ed2-a04b-c7efd52e9d92,,FeatureValue,,Actions.sysmlx,ownedRelationship
f4466254-a8a7-5c5c-ad97-77ed3eb09f11,,FeatureChainExpression,,Actions.sysmlx,ownedRelatedElement
f14c3b1b-06b5-5f83-8b1b-f8d567328177,,ParameterMembership,,Actions.sysmlx,ownedRelationship
2076e7b0-2902-5505-ba85-2901f2193353,,Feature,,Actions.sysmlx,ownedRelatedElement
19b02baa-561c-522b-8e49-260fe6c18305,,FeatureValue,,Actions.sysmlx,ownedRelationship
8b5865b8-81a1-5309-b446-ecd4bc024770,,FeatureReferenceExpression,,Actions.sysmlx,ownedRelatedElement
01a1eb3d-9928-5cc3-b266-4ecf8bb1583b,,Membership,,Actions.sysmlx,ownedRelationship
453a7c09-7e2f-5f7b-a5a3-376c52d79922,,ReturnParameterMembership,,Actions.sysmlx,ownedRelationship
79f09597-3fa9-50d3-a366-242f0bbbb55a,,Feature,,Actions.sysmlx,ownedRelatedElement
87142465-7feb-539e-9a69-127e1341963c,,FeatureMembership,,Actions.sysmlx,ownedRelationship
9ce076e7-3940-5bf9-925a-5143adbd449a,,Feature,,Actions.sysmlx,ownedRelatedElement
21ee8c46-84d8-544f-b521-55f9dda899ca,,OwningMembership,,Actions.sysmlx,ownedRelationship
6292386f-8b30-5880-b6d0-ab68f8483516,,Feature,,Actions.sysmlx,ownedRelatedElement
981db622-76d9-52e5-9565-b83fac9cdb42,,FeatureChaining,,Actions.sysmlx,ownedRelationship
a2b399c1-bbac-5976-9bb9-3d73855b2e24,,FeatureChaining,,Actions.sysmlx,ownedRelationship
64dd0267-4238-516b-bdff-f70691609e0c,,FeatureChaining,,Actions.sysmlx,ownedRelationship
86445c6f-e330-56c6-aa0f-a498cc8b47fe,,ReturnParameterMembership,,Actions.sysmlx,ownedRelationship
1c6d5100-401c-5902-8d6b-867507baabcd,,Feature,,Actions.sysmlx,ownedRelatedElement
d04ee0d9-c15d-5799-91d3-32b56ce0875a,,FeatureMembership,,Actions.sysmlx,ownedRelationship
79b0159f-acf6-577c-b27b-80373769a05e,aState,StateUsage,,Actions.sysmlx,ownedRelatedElement
369394bd-1465-5320-b909-07ecc2fe5735,,FeatureMembership,,Actions.sysmlx,ownedRelationship
3947d2d3-a4c4-5736-bdc0-1ac7b696e61a,aTransition,TransitionUsage,,Actions.sysmlx,ownedRelatedElement
08ec4163-7099-5920-9cc6-ca92872df28d,,Membership,,Actions.sysmlx,ownedRelationship
348d3aa6-e7ac-5004-9c07-2ef2f5e33e5f,,ParameterMembership,,Actions.sysmlx,ownedRelationship
6cff4c6b-2647-56d6-aa6f-00a44a064d4b,,ReferenceUsage,,Actions.sysmlx,ownedRelatedElement
1f39d882-239b-5bdf-beb6-1b5fedde664d,,ParameterMembership,,Actions.sysmlx,ownedRelationship
e5c34302-378c-5995-a6e3-443bb92bb661,apayload,ReferenceUsage,,Actions.sysmlx,ownedRelatedElement
f39ab5e1-baf7-57b3-8de3-e50f4ed8d6eb,,TransitionFeatureMembership,,Actions.sysmlx,ownedRelationship
03407f60-eb51-55e4-8dc8-c8f76a684e9e,,AcceptActionUsage,,Actions.sysmlx,ownedRelatedElement
204460ab-b5f8-5aa7-b5cd-3bd4a9c498ec,,ParameterMembership,,Actions.sysmlx,ownedRelationship
1ad293f4-befa-542a-ae51-bf05ca220fc8,apayload,ReferenceUsage,,Actions.sysmlx,ownedRelatedElement
b29c535a-9e70-5053-852f-003d8f0e514a,,FeatureTyping,,Actions.sysmlx,ownedRelationship
8fdfb1b9-3809-598e-b131-62f7efee70be,,ParameterMembership,,Actions.sysmlx,ownedRelationship
9df7cc94-240f-558d-a2b8-b2c418de58c7,,ReferenceUsage,,Actions.sysmlx,ownedRelatedElement
530befc4-88f0-5c64-923a-6439543b271d,,FeatureValue,,Actions.sysmlx,ownedRelationship
a3cb185b-37e1-54e8-99d6-7f749cc77732,,FeatureReferenceExpression,,Actions.sysmlx,ownedRelatedElement
a3320b04-33ae-54d6-a155-6212201f8dfb,,Membership,,Actions.sysmlx,ownedRelationship
c78fb0a3-e569-5beb-af49-f5eafda39341,,ReturnParameterMembership,,Actions.sysmlx,ownedRelationship
b64d73b0-ee08-5d02-b9a0-0c8d88a117d2,,Feature,,Actions.sysmlx,ownedRelatedElement
2ef72b7f-37d6-588d-8e6d-6621b9fc8286,,OwningMembership,,Actions.sysmlx,ownedRelationship
f48abcae-76ea-5805-9210-ec4571dd0285,,SuccessionAsUsage,,Actions.sysmlx,ownedRelatedElement
8ad4867f-8376-55db-ba14-d0540220bf3c,,EndFeatureMembership,,Actions.sysmlx,ownedRelationship
628fe57f-8dbb-59b0-abda-d5b4756ae143,,ReferenceUsage,,Actions.sysmlx,ownedRelatedElement
acbebbb6-d7c7-50c1-bd79-90424b396240,,OwningMembership,,Actions.sysmlx,ownedRelationship
697cce01-bbe5-5d48-acb1-b9d62be40766,,Multiplicity,,Actions.sysmlx,ownedRelatedElement
514b5a56-5dab-592e-aed1-62760d60da0b,,EndFeatureMembership,,Actions.sysmlx,ownedRelationship
58d00976-6dc5-514c-bb41-e677e3001d5e,,ReferenceUsage,,Actions.sysmlx,ownedRelatedElement
4e0f7d0c-5044-5bbe-a293-453d8089da2d,,ReferenceSubsetting,,Actions.sysmlx,ownedRelationship
40bb8750-1bd8-5d9a-892d-6cd796b524f6,,OwningMembership,,Actions.sysmlx,ownedRelationship
283ea249-b9ca-58b6-b076-1f7483eaef51,,Multiplicity,,Actions.sysmlx,ownedRelatedElement
859f4d2a-d2aa-53ff-ba76-62329c5ed76c,,FeatureMembership,,Actions.sysmlx,ownedRelationship
0efd6561-d125-5ab5-952e-69127962e9df,,ReferenceUsage,,Actions.sysmlx,ownedRelatedElement
55a328e0-ccbe-58c2-8474-95718ca64754,,FeatureMembership,,Actions.sysmlx,ownedRelationship
fe1f139d-dde2-5eca-93ff-744a4b328b5c,,BindingConnectorAsUsage,,Actions.sysmlx,ownedRelatedElement
85e6838e-4d6b-5ca6-b6fa-1c4554492fff,,EndFeatureMembership,,Actions.sysmlx,ownedRelationship
8bc5f523-8b89-56c7-b431-2e6bab94fd9f,,ReferenceUsage,,Actions.sysmlx,ownedRelatedElement
b4445d4b-69a8-5cf4-ba60-78da03643808,,ReferenceSubsetting,,Actions.sysmlx,ownedRelationship
d615433a-d52c-5fb1-a11f-09b2cdac5b6d,,OwningMembership,,Actions.sysmlx,ownedRelationship
ce44a921-2075-5818-aded-ab37b7595c53,,Multiplicity,,Actions.sysmlx,ownedRelatedElement
d340ad1e-2c0d-5ca1-a303-5b544cf90757,,EndFeatureMembership,,Actions.sysmlx,ownedRelationship
f136ad53-fb5b-5ec3-8861-e6841c5fc6d8,,ReferenceUsage,,Actions.sysmlx,ownedRelatedElement
cb530a48-5140-555f-8cfb-f551a517ea67,,ReferenceSubsetting,,Actions.sysmlx,ownedRelationship
fb422c40-0978-57a5-aab4-bb7eb9d37349,,Feature,,Actions.sysmlx,ownedRelatedElement
2d86f0b7-4917-53ec-8aa0-08f4eaa68e1f,,FeatureChaining,,Actions.sysmlx,ownedRelationship
9141fbb4-ed95-590d-a9d3-d8e2eb202604,,FeatureChaining,,Actions.sysmlx,ownedRelationship
8b090783-0795-5d80-af2d-d8a105d95793,,FeatureChaining,,Actions.sysmlx,ownedRelationship
f8ad2cd2-9a1f-5dff-b4e6-51851fd75af9,,OwningMembership,,Actions.sysmlx,ownedRelationship
fba031bf-c849-5914-9515-fc4d0fc26565,,Multiplicity,,Actions.sysmlx,ownedRelatedElement
ab5b740e-0cac-5368-9d38-4151d6f2086c,,OwningMembership,,Actions.sysmlx,ownedRelationship
7a441137-6036-55c3-8112-b1404ad90a5f,acceptActions,ActionUsage,,Actions.sysmlx,ownedRelatedElement
4d59c665-a78a-5041-a6bb-c729b43adf74,,FeatureTyping,,Actions.sysmlx,ownedRelationship
0fa2e720-c7c1-5759-9a15-acc10ec1cbf7,,OwningMembership,,Actions.sysmlx,ownedRelationship
d4f95d7d-11fc-5498-b2c2-29fba90bd5cd,,MultiplicityRange,,Actions.sysmlx,ownedRelatedElement
8b349287-083c-587c-98d7-d626fa1d53c6,,OwningMembership,,Actions.sysmlx,ownedRelationship
5803421b-a35b-55aa-9b84-f627e0c1be2c,,LiteralInteger,,Actions.sysmlx,ownedRelatedElement
6ec83b3a-d204-5870-bca3-c9644c9df4b4,,OwningMembership,,Actions.sysmlx,ownedRelationship
43ffaa5f-7844-5fc5-a6df-424704097998,,LiteralInfinity,,Actions.sysmlx,ownedRelatedElement
8ccaa19e-3ce7-5d1a-9852-494fd12d1004,,Subsetting,,Actions.sysmlx,ownedRelationship
a8d7a886-a7ea-51a9-86aa-77a41dc72247,,Subsetting,,Actions.sysmlx,ownedRelationship
5bfc8467-ffcb-5d16-965b-d17e10e4b196,,OwningMembership,,Actions.sysmlx,ownedRelationship
7bccfbd3-e669-5c4a-8407-ba74ad2d826e,,Documentation,,Actions.sysmlx,ownedRelatedElement
1f416d23-a19d-5ea4-97d4-0948dab16186,,OwningMembership,,Actions.sysmlx,ownedRelationship
2e957915-c5c6-50e2-906c-f71f8623f20b,TerminateAction,ActionDefinition,,Actions.sysmlx,ownedRelatedElement
b968f8f1-5c5a-5651-b042-3e89e414379f,,Subclassification,,Actions.sysmlx,ownedRelationship
f338e095-7603-531b-9542-75d3c0c52399,,OwningMembership,,Actions.sysmlx,ownedRelationship
c2d3b82d-e6de-5e0b-b2e0-83793bb920c0,,Documentation,,Actions.sysmlx,ownedRelatedElement
cb235b29-790b-5e55-bc62-999a98ba3110,,FeatureMembership,,Actions.sysmlx,ownedRelationship
3ad70fce-d442-5718-916f-1dc39ab1fc61,terminatedOccurrence,OccurrenceUsage,,Actions.sysmlx,ownedRelatedElement
25ef4a17-0c16-578f-b127-b32a26810c21,,OwningMembership,,Actions.sysmlx,ownedRelationship
3ed9c622-5c20-56e8-bdb0-e77670ddf6c8,,MultiplicityRange,,Actions.sysmlx,ownedRelatedElement
652dde62-5631-5219-ac40-2ce47704bc91,,OwningMembership,,Actions.sysmlx,ownedRelationship
66d157d3-85c9-5276-820c-4956f109f9c3,,LiteralInteger,,Actions.sysmlx,ownedRelatedElement
d75d7639-e18f-5a93-bb9e-da9501333eb3,,OwningMembership,,Actions.sysmlx,ownedRelationship
9fe5cd27-2523-57ff-a806-a0eb28d09581,,Documentation,,Actions.sysmlx,ownedRelatedElement
e77cb955-2b6a-5bbe-aef5-df0fd5a96848,,FeatureMembership,,Actions.sysmlx,ownedRelationship
340446dd-81dc-5089-9369-9ee7a9ae6499,terminateOccurrence,ActionUsage,,Actions.sysmlx,ownedRelatedElement
758b9b05-eec0-5d2a-83fc-64be50349ed7,,FeatureTyping,,Actions.sysmlx,ownedRelationship
0d087107-b721-5419-bd87-263936fca943,,OwningMembership,,Actions.sysmlx,ownedRelationship
ab089277-91a9-5fc6-b43a-95b48c3ed143,,MultiplicityRange,,Actions.sysmlx,ownedRelatedElement
d5d7dc1d-dd76-5876-b0cc-0ffa86b3c3d6,,OwningMembership,,Actions.sysmlx,ownedRelationship
1efc0d5c-428c-522a-80ae-cf0ccf822507,,LiteralInteger,,Actions.sysmlx,ownedRelatedElement
e7043259-e607-57e3-98c6-511139c59bb2,,FeatureMembership,,Actions.sysmlx,ownedRelationship
f687bbf1-7e2a-563c-a937-add100a95d34,occ,ReferenceUsage,,Actions.sysmlx,ownedRelatedElement
75fd4576-f3f0-5696-a512-fe7f60af1186,,FeatureValue,,Actions.sysmlx,ownedRelationship
5f13831e-2eab-5380-b8a8-3967555d780d,,FeatureReferenceExpression,,Actions.sysmlx,ownedRelatedElement
2bd480f6-f7f8-5f2f-89fd-3cfdf79489c1,,Membership,,Actions.sysmlx,ownedRelationship
87eee632-152e-5b18-97e8-94a921bc7506,,ReturnParameterMembership,,Actions.sysmlx,ownedRelationship
b792e08b-b9c2-5125-991a-955350b7e134,,Feature,,Actions.sysmlx,ownedRelatedElement
ca1e3a20-de2c-57dc-829b-3f827d9f9a4c,,OwningMembership,,Actions.sysmlx,ownedRelationship
c7420de7-49ac-59b8-8ddb-65ca89bc7898,terminateActions,ActionUsage,,Actions.sysmlx,ownedRelatedElement
66ba5eee-7cbb-5b3f-85aa-382ffcdcc383,,FeatureTyping,,Actions.sysmlx,ownedRelationship
4b04798d-3067-5049-9397-d01f110680aa,,OwningMembership,,Actions.sysmlx,ownedRelationship
d4277840-a54e-5689-a35e-824b6fe0d7c8,,MultiplicityRange,,Actions.sysmlx,ownedRelatedElement
fcc2368b-f0e9-5e5b-90eb-901f7f73d457,,OwningMembership,,Actions.sysmlx,ownedRelationship
84c7f4fc-a917-55f4-a929-27c508ffb8ae,,LiteralInteger,,Actions.sysmlx,ownedRelatedElement
3f988a7f-c1c7-5f26-86e7-e3a42dbea2eb,,OwningMembership,,Actions.sysmlx,ownedRelationship
a6ac6fce-5672-5129-b45b-b7c4377423dc,,LiteralInfinity,,Actions.sysmlx,ownedRelatedElement
961dbade-ef2f-5158-9b67-dea683be607a,,Subsetting,,Actions.sysmlx,ownedRelationship
55b04ce2-0d9d-55ff-a536-410e66c37974,,OwningMembership,,Actions.sysmlx,ownedRelationship
28179ef1-ec1c-58d7-8a02-44239b56c469,,Documentation,,Actions.sysmlx,ownedRelatedElement
7f728d2f-987b-5569-ba0c-3ac5bbf4380e,,FeatureMembership,,Actions.sysmlx,ownedRelationship
b1b769d4-59f2-593a-9acc-fe021b921f5b,terminatedOccurrence,OccurrenceUsage,,Actions.sysmlx,ownedRelatedElement
783b4fc4-7d21-5fc1-a804-30542abf4f2c,,FeatureValue,,Actions.sysmlx,ownedRelationship
b317cb8f-c6c0-5ae5-8312-7044a5a9f44d,,OperatorExpression,,Actions.sysmlx,ownedRelatedElement
c192b919-553a-5628-8f11-d15fb8c222a1,,ParameterMembership,,Actions.sysmlx,ownedRelationship
548e63b8-9514-5625-a364-73dde4ee89f3,,Feature,,Actions.sysmlx,ownedRelatedElement
d3408776-5604-52e7-804b-d48b49f57ad0,,FeatureValue,,Actions.sysmlx,ownedRelationship
12d24030-5cdf-59d0-87ee-4ee8c010d0ca,,FeatureReferenceExpression,,Actions.sysmlx,ownedRelatedElement
06f01a43-27d0-58e5-91b0-47bdab03cab0,,Membership,,Actions.sysmlx,ownedRelationship
90b02c32-1c3e-5670-9680-bc310bacd9a8,,ReturnParameterMembership,,Actions.sysmlx,ownedRelationship
ed15ea6b-c3d8-562c-ba4c-c53604e0cb31,,Feature,,Actions.sysmlx,ownedRelatedElement
2ebae54e-4eed-5d5a-b609-7f5b0558a5f8,,ReturnParameterMembership,,Actions.sysmlx,ownedRelationship
773f8ad5-97c2-5d74-be50-5dfabb6ec790,,Feature,,Actions.sysmlx,ownedRelatedElement
d6991229-0eff-569c-b782-7be93a161977,,FeatureTyping,,Actions.sysmlx,ownedRelationship
b94621f6-d4f6-5616-b03c-376918282d01,,OwningMembership,,Actions.sysmlx,ownedRelationship
5b18f05d-ab72-54ff-87e4-3c2c5adb0bbb,,Documentation,,Actions.sysmlx,ownedRelatedElement
bfb0e474-4033-56a9-8ddb-1b5be9a67efa,,OwningMembership,,Actions.sysmlx,ownedRelationship
8990a422-72e0-5f57-9257-0f4be60027b9,ControlAction,ActionDefinition,,Actions.sysmlx,ownedRelatedElement
f04b373b-1d61-5767-8413-a58f44c38c3e,,Subclassification,,Actions.sysmlx,ownedRelationship
80b6e5a4-e255-53b0-a207-4a98192fcfdb,,OwningMembership,,Actions.sysmlx,ownedRelationship
56968c1a-ce43-5c8e-8774-bf034ec9089c,,Documentation,,Actions.sysmlx,ownedRelatedElement
068d83dc-ef3b-5ba2-9004-26b43e0671d4,,FeatureMembership,,Actions.sysmlx,ownedRelationship
17a8f973-d69f-5986-a062-24484b12d5a3,,BindingConnectorAsUsage,,Actions.sysmlx,ownedRelatedElement
d14425a5-1ae9-5c08-b82d-ba8f77ee3068,,EndFeatureMembership,,Actions.sysmlx,ownedRelationship
fdd7a103-08b1-534b-8eeb-51bd5cf66d80,,ReferenceUsage,,Actions.sysmlx,ownedRelatedElement
bf0c31fd-8bdd-56ba-96b6-43467c0a9f46,,ReferenceSubsetting,,Actions.sysmlx,ownedRelationship
309cc81f-9e82-5679-8b1a-cbd4f0303a8b,,OwningMembership,,Actions.sysmlx,ownedRelationship
9a9d4232-e404-500e-bc7b-e10ec353805f,,Multiplicity,,Actions.sysmlx,ownedRelatedElement
14da8668-097a-5b4d-a155-7e7add00765d,,EndFeatureMembership,,Actions.sysmlx,ownedRelationship
7059d687-96e0-5c66-870d-fc7107f268fb,,ReferenceUsage,,Actions.sysmlx,ownedRelatedElement
5ab40e82-1b55-5e55-9097-473e0f272b8c,,ReferenceSubsetting,,Actions.sysmlx,ownedRelationship
3b304501-a491-5f8c-8e0f-6257fc560141,,OwningMembership,,Actions.sysmlx,ownedRelationship
3cca1180-cec7-5fbc-aeb3-409d4992fe73,,Multiplicity,,Actions.sysmlx,ownedRelatedElement
83c5eac4-d218-5c70-bbc0-f49027955784,,OwningMembership,,Actions.sysmlx,ownedRelationship
47606d0c-c627-569b-b458-d544cf6db20c,,Documentation,,Actions.sysmlx,ownedRelatedElement
25de434f-e0b6-5292-acac-776cdf3cf493,,OwningMembership,,Actions.sysmlx,ownedRelationship
c56d5da7-24ec-5d6e-9a8f-50ba1c4d7752,MergeAction,ActionDefinition,,Actions.sysmlx,ownedRelatedElement
13bc69b9-b0cc-5a64-9254-76b28b514ef9,,Subclassification,,Actions.sysmlx,ownedRelationship
1be6b192-7d19-52d3-80f7-03d812fc06ac,,Subclassification,,Actions.sysmlx,ownedRelationship
5185f8b4-0c3c-5c22-abd9-f64ac5fe75bd,,OwningMembership,,Actions.sysmlx,ownedRelationship
bbbd423e-8aa2-52d8-8cb1-acffff49a97e,,Documentation,,Actions.sysmlx,ownedRelatedElement
00e0b269-18c3-561d-a1bb-d61fbe3605ff,,OwningMembership,,Actions.sysmlx,ownedRelationship
cd140ab0-b5bb-59de-bde4-e44df6d215fb,DecisionAction,ActionDefinition,,Actions.sysmlx,ownedRelatedElement
04f019d0-3d14-5919-8a71-69e7f833149f,,Subclassification,,Actions.sysmlx,ownedRelationship
b27921a1-b93a-55b6-8609-21fd5664deb5,,Subclassification,,Actions.sysmlx,ownedRelationship
9b135020-6390-531b-a695-5e13daecd942,,OwningMembership,,Actions.sysmlx,ownedRelationship
27f13ca8-f922-51d1-8a2a-6d3fd139a662,,Documentation,,Actions.sysmlx,ownedRelatedElement
1bb2986c-fe60-5236-b852-d9227cd3efe9,,OwningMembership,,Actions.sysmlx,ownedRelationship
8b31211f-c2df-5c27-a252-b8382345b2c1,JoinAction,ActionDefinition,,Actions.sysmlx,ownedRelatedElement
2ac11f63-32a1-5db2-bef6-ce67484c9173,,Subclassification,,Actions.sysmlx,ownedRelationship
b22e3d8c-2397-50dc-a176-82db06406636,,OwningMembership,,Actions.sysmlx,ownedRelationship
d8ef07a4-5013-51f0-bef0-d48c18cdefae,,Documentation,,Actions.sysmlx,ownedRelatedElement
2304340e-2999-5be0-9572-2fbdd95af3d5,,OwningMembership,,Actions.sysmlx,ownedRelationship
cfe47f21-7904-52eb-a43a-1a4ab6f12009,ForkAction,ActionDefinition,,Actions.sysmlx,ownedRelatedElement
bff709d3-b687-592e-96cb-c934a681892a,,Subclassification,,Actions.sysmlx,ownedRelationship
667fd0b6-2daf-5d8f-8898-1375f9d6f1e5,,OwningMembership,,Actions.sysmlx,ownedRelationship
7cea396d-9145-5689-87d0-307c2eee9a50,,Documentation,,Actions.sysmlx,ownedRelatedElement
369be3de-70cb-5e0f-8cd2-3f95ac5932ca,,OwningMembership,,Actions.sysmlx,ownedRelationship
58c43dc4-64d0-5b23-a9ad-f1014e6f94e4,TransitionAction,ActionDefinition,,Actions.sysmlx,ownedRelatedElement
c03b6eb7-d163-58bf-a5b5-d7210d646278,,Subclassification,,Actions.sysmlx,ownedRelationship
68f25ec3-a669-5b41-85f8-86eec5eab507,,Subclassification,,Actions.sysmlx,ownedRelationship
da20aaa6-d04e-56b9-9731-0df49d66852f,,OwningMembership,,Actions.sysmlx,ownedRelationship
e9acb92d-8c36-52d2-b137-a9609139ec30,,Documentation,,Actions.sysmlx,ownedRelatedElement
8f3cfaf0-8903-5110-8bb0-b670b332674d,,FeatureMembership,,Actions.sysmlx,ownedRelationship
79252dcf-845e-5151-a0e9-28ee09987171,transitionLinkSource,ReferenceUsage,,Actions.sysmlx,ownedRelatedElement
872a8952-4009-5627-bd75-26967efc11d3,,FeatureTyping,,Actions.sysmlx,ownedRelationship
44508af8-843f-5c24-9e42-401e3881e4d9,,Redefinition,,Actions.sysmlx,ownedRelationship
2d121d0c-afdc-5fab-b28d-d7df876d5b80,,FeatureMembership,,Actions.sysmlx,ownedRelationship
6774627f-ed05-5fd3-b0ca-b613a904ef02,acceptedMessage,ReferenceUsage,,Actions.sysmlx,ownedRelatedElement
afdfebcc-15ce-5a5d-8495-46b0ecab4246,,FeatureTyping,,Actions.sysmlx,ownedRelationship
a1505e7d-c19a-5126-add6-88f2606fd007,,FeatureTyping,,Actions.sysmlx,ownedRelationship
72adbcd0-8575-52b2-9dc6-b40ce0d3db5f,,Redefinition,,Actions.sysmlx,ownedRelationship
efb6b6d5-0180-50e1-9442-54eb1cb11e7c,,FeatureMembership,,Actions.sysmlx,ownedRelationship
2af356bc-3077-5a56-9390-06dde4c1d52b,,ReferenceUsage,,Actions.sysmlx,ownedRelatedElement
89d54bd3-9c75-5c8c-ac3e-4d8dc105179b,,Redefinition,,Actions.sysmlx,ownedRelationship
7510f8cd-e533-562a-84a8-9301842659c8,,Redefinition,,Actions.sysmlx,ownedRelationship
b23a2e8a-b298-5ac3-bc63-9d66860db483,,FeatureMembership,,Actions.sysmlx,ownedRelationship
71d15c8b-2451-5636-a005-b62abcae8b5a,receiver,ReferenceUsage,,Actions.sysmlx,ownedRelatedElement
032b98ce-6cd7-5150-a4e6-7f3b587de1cc,,Redefinition,,Actions.sysmlx,ownedRelationship
41481653-7ce1-5f13-a2cc-428079fc519d,,FeatureMembership,,Actions.sysmlx,ownedRelationship
2cdca507-48f3-5f52-ac1f-d8a7535d92c4,accepter,ActionUsage,,Actions.sysmlx,ownedRelatedElement
65bcb1f1-78ac-5dd2-8506-a607db57223c,,FeatureTyping,,Actions.sysmlx,ownedRelationship
05b67c50-f564-5049-b8b0-d5cc8522bf07,,Redefinition,,Actions.sysmlx,ownedRelationship
27ab833b-b219-524e-b7a7-de4c7cb1c036,,FeatureMembership,,Actions.sysmlx,ownedRelationship
d00ebb2c-f1ff-5ab4-8401-34ea2a61da80,,BindingConnectorAsUsage,,Actions.sysmlx,ownedRelatedElement
530c39e5-316b-5535-9e23-fee6d32d873f,,EndFeatureMembership,,Actions.sysmlx,ownedRelationship
0293f6c8-8f3d-59a5-a02f-8cab62020492,,ReferenceUsage,,Actions.sysmlx,ownedRelatedElement
40d6eb56-9f96-55d4-b2eb-bd388ebe83cb,,ReferenceSubsetting,,Actions.sysmlx,ownedRelationship
e6c78b75-dd7b-570a-8157-0bb02e043839,,OwningMembership,,Actions.sysmlx,ownedRelationship
bef539ca-0d44-55c4-88ad-05624d255080,,Multiplicity,,Actions.sysmlx,ownedRelatedElement
a1e878a2-ad0b-53fc-9954-f9fb905f9717,,EndFeatureMembership,,Actions.sysmlx,ownedRelationship
82582361-131c-51dd-b549-bcab3ecc661f,,ReferenceUsage,,Actions.sysmlx,ownedRelatedElement
8052c22f-8532-5acc-a277-932c78746b7e,,ReferenceSubsetting,,Actions.sysmlx,ownedRelationship
4c9cfee0-9dc0-5d78-90d0-5b0fa4bfa6d9,,Feature,,Actions.sysmlx,ownedRelatedElement
4c5a4f47-3581-5d06-880e-af7807b5419d,,FeatureChaining,,Actions.sysmlx,ownedRelationship
2627b5c0-0d19-56a2-9434-c2d6fc3e08cb,,FeatureChaining,,Actions.sysmlx,ownedRelationship
04ed6cb7-5351-5cbd-b72b-bea2b4062e69,,OwningMembership,,Actions.sysmlx,ownedRelationship
b745ded4-7745-5473-850a-c1d35fce4d15,,Multiplicity,,Actions.sysmlx,ownedRelatedElement
19d12f42-74b7-5c2a-966f-104eb73fcd77,,FeatureMembership,,Actions.sysmlx,ownedRelationship
788f6f53-8776-5c8e-94ac-d00e75b41efd,,BindingConnectorAsUsage,,Actions.sysmlx,ownedRelatedElement
9e7fb557-12f5-5e49-ade2-1bf383caa0ce,,EndFeatureMembership,,Actions.sysmlx,ownedRelationship
7c236681-1a32-52a6-9579-4b9b65365da8,,ReferenceUsage,,Actions.sysmlx,ownedRelatedElement
5fd865b9-ee4e-53e8-90f9-8b35475d2b95,,ReferenceSubsetting,,Actions.sysmlx,ownedRelationship
b3d7cdb0-e884-52e4-ae61-3e386ef16a76,,OwningMembership,,Actions.sysmlx,ownedRelationship
37478772-a8a6-5a75-a5dd-aa115249e9a5,,Multiplicity,,Actions.sysmlx,ownedRelatedElement
2a5864aa-6f95-5231-8287-4800d5fda9a4,,EndFeatureMembership,,Actions.sysmlx,ownedRelationship
c5839a6c-bcd6-5973-9b2f-38c5616ab223,,ReferenceUsage,,Actions.sysmlx,ownedRelatedElement
f8cc52eb-ccbf-537e-a3c3-cdb0c41990a5,,ReferenceSubsetting,,Actions.sysmlx,ownedRelationship
ba25f72c-837e-5507-8bd3-e1785cbab41c,,Feature,,Actions.sysmlx,ownedRelatedElement
bd24809c-6325-55ec-8f24-55b2a7d24e6d,,FeatureChaining,,Actions.sysmlx,ownedRelationship
c6d0892b-16bb-51ce-ab05-8493117e2de3,,FeatureChaining,,Actions.sysmlx,ownedRelationship
94694698-ab7a-5077-956b-f7c440d80791,,OwningMembership,,Actions.sysmlx,ownedRelationship
2fee6ccd-8544-556c-a65b-5a07341a03aa,,Multiplicity,,Actions.sysmlx,ownedRelatedElement
7b73e543-16d1-5ad6-841b-42bafb46fc08,,FeatureMembership,,Actions.sysmlx,ownedRelationship
4123a337-5b30-5a00-92fa-f940056c8d7f,effect,ActionUsage,,Actions.sysmlx,ownedRelatedElement
db6c6f14-ee69-5462-b935-2b5e80d47e37,,FeatureTyping,,Actions.sysmlx,ownedRelationship
4eb22ed2-e9ec-5d15-909d-b691215ea977,,Redefinition,,Actions.sysmlx,ownedRelationship
7e6a7cc9-148e-55a5-b62f-bb4f8d780595,,OwningMembership,,Actions.sysmlx,ownedRelationship
42bc4689-29d7-5d36-87e5-0d23b59fe1d5,DecisionTransitionAction,ActionDefinition,,Actions.sysmlx,ownedRelatedElement
532251a4-444a-525a-af9c-5302133cee5d,,Subclassification,,Actions.sysmlx,ownedRelationship
cddbe986-3a6f-5df6-bea8-2983b5e9fff3,,Subclassification,,Actions.sysmlx,ownedRelationship
3c887232-fd09-5adf-aa4a-9b978fff354a,,OwningMembership,,Actions.sysmlx,ownedRelationship
a0fc6122-61ce-5d00-8165-830047438332,,Documentation,,Actions.sysmlx,ownedRelatedElement
15e0ce5e-0910-56f3-b1da-a722afb91d5c,,FeatureMembership,,Actions.sysmlx,ownedRelationship
49776d79-40df-5c19-827e-33570d871dc8,,ActionUsage,,Actions.sysmlx,ownedRelatedElement
d3b1b4eb-a5e5-5802-a32a-33cb01f33846,,Redefinition,,Actions.sysmlx,ownedRelationship
820358a8-0916-5231-abe9-4db296093515,,OwningMembership,,Actions.sysmlx,ownedRelationship
cd0e4966-1d78-5769-b4d9-52d627ac2df5,,MultiplicityRange,,Actions.sysmlx,ownedRelatedElement
79d3656f-eaaf-55c5-afbd-53a4f745e92d,,OwningMembership,,Actions.sysmlx,ownedRelationship
67d6be05-a02e-58dc-ae95-e24293443d1a,,LiteralInteger,,Actions.sysmlx,ownedRelatedElement
310fa653-5444-537a-8d9a-9796e77e14ed,,OwningMembership,,Actions.sysmlx,ownedRelationship
ef05f428-6267-5a37-886e-7ac9e69eaa63,,LiteralInteger,,Actions.sysmlx,ownedRelatedElement
585a6657-7b55-5ae9-bd29-bbb21d659950,,FeatureMembership,,Actions.sysmlx,ownedRelationship
e6b7d9f6-5c9f-56ea-87a5-4d161a0b10a5,,ActionUsage,,Actions.sysmlx,ownedRelatedElement
572c745b-0ae4-57c1-8cac-361e27aeb3e0,,Redefinition,,Actions.sysmlx,ownedRelationship
3c88da52-0346-5450-9658-0fe5e416345f,,OwningMembership,,Actions.sysmlx,ownedRelationship
ea282234-a5b6-5a20-876a-0f9dfcb21048,,MultiplicityRange,,Actions.sysmlx,ownedRelatedElement
3d49163b-212c-53e7-b0c9-39e88c174b47,,OwningMembership,,Actions.sysmlx,ownedRelationship
6be14d9f-55ff-5840-af4f-c55d5c82ab93,,LiteralInteger,,Actions.sysmlx,ownedRelatedElement
8ca8860d-7340-5b1e-92d3-60cfb57ca2ef,,OwningMembership,,Actions.sysmlx,ownedRelationship
733aa353-f299-53b4-ab98-5fa4ebfd7c6c,,LiteralInteger,,Actions.sysmlx,ownedRelatedElement
b575b1d3-3400-556b-b434-0b5aa75ac4e0,,OwningMembership,,Actions.sysmlx,ownedRelationship
59665626-a20d-5308-aafb-d676b210142f,transitionActions,ActionUsage,,Actions.sysmlx,ownedRelatedElement
81e93857-4ff9-56bf-8ef1-9c96c29a9370,,FeatureTyping,,Actions.sysmlx,ownedRelationship
d38a47ed-775d-547f-8b5b-81cc0c49b883,,OwningMembership,,Actions.sysmlx,ownedRelationship
b60174c5-5e46-5751-be28-0c1cafdf312c,,MultiplicityRange,,Actions.sysmlx,ownedRelatedElement
c0390ef1-9959-5a5e-94de-e834eefbd903,,OwningMembership,,Actions.sysmlx,ownedRelationship
74cf8fed-c554-5a5e-9d7d-a1c2942afa11,,LiteralInteger,,Actions.sysmlx,ownedRelatedElement
15c1c73c-7309-5abf-bd67-7b84696838a9,,OwningMembership,,Actions.sysmlx,ownedRelationship
644c224d-d688-585e-b12b-599e6ee90697,,LiteralInfinity,,Actions.sysmlx,ownedRelatedElement
8908269d-f33d-5e3a-a293-2ad6b817c390,,Subsetting,,Actions.sysmlx,ownedRelationship
a65aa224-15a8-525a-a142-135d8ce4d87a,,OwningMembership,,Actions.sysmlx,ownedRelationship
fd9083ce-3b0d-5dc8-a878-8516b793f11f,,Documentation,,Actions.sysmlx,ownedRelatedElement
3930f2a3-98d8-5726-84c6-aa55110c71e8,,OwningMembership,,Actions.sysmlx,ownedRelationship
4632b6d3-020b-55af-9beb-d456e62698ae,AssignmentAction,ActionDefinition,,Actions.sysmlx,ownedRelatedElement
1d117179-8b6f-5f18-ad50-be9410fc5339,,Subclassification,,Actions.sysmlx,ownedRelationship
b2470f76-ce6c-5e77-a95e-ce9fd13ec374,,Subclassification,,Actions.sysmlx,ownedRelationship
ca629259-baca-5ca8-8330-7dea3dc142a1,,OwningMembership,,Actions.sysmlx,ownedRelationship
7f4837f1-70e1-56e1-a1e5-96f8a2798e9c,,Documentation,,Actions.sysmlx,ownedRelatedElement
de578313-0e47-527c-a13f-94f725e0097d,,FeatureMembership,,Actions.sysmlx,ownedRelationship
c781625c-d8d9-59d6-a499-dadc818c6338,target,ReferenceUsage,,Actions.sysmlx,ownedRelatedElement
13302a79-e3ce-5688-b988-ca5aebbddf23,,FeatureTyping,,Actions.sysmlx,ownedRelationship
10a9f761-ad47-5520-837a-4cfea0175d60,,OwningMembership,,Actions.sysmlx,ownedRelationship
11c5948f-b3e5-5aa5-b52e-79a66a106c05,,MultiplicityRange,,Actions.sysmlx,ownedRelatedElement
792efd19-71a3-5308-a04b-ff7bc5abbe95,,OwningMembership,,Actions.sysmlx,ownedRelationship
1711671b-961a-5730-ae05-ea7321eb9833,,LiteralInteger,,Actions.sysmlx,ownedRelatedElement
6cb192dc-8d6b-56eb-9886-74677c0111c0,,FeatureMembership,,Actions.sysmlx,ownedRelationship
27025e7e-55dd-5470-865f-e429943e8dae,replacementValues,ReferenceUsage,,Actions.sysmlx,ownedRelatedElement
6b5b3ba7-bfe6-53d1-b02a-2e97c47fd9f5,,FeatureTyping,,Actions.sysmlx,ownedRelationship
15c0a917-d69d-5913-b53e-e53640920d18,,OwningMembership,,Actions.sysmlx,ownedRelationship
b03c20dc-5f05-5d47-90c4-3efa67c78e9c,,MultiplicityRange,,Actions.sysmlx,ownedRelatedElement
e10db61f-9fda-5fbf-9ef2-8b174e20b0c8,,OwningMembership,,Actions.sysmlx,ownedRelationship
54aa07ba-742d-5727-9413-7a929228b25a,,LiteralInteger,,Actions.sysmlx,ownedRelatedElement
915b7c7b-9853-5c73-bd49-a311a5277ca9,,OwningMembership,,Actions.sysmlx,ownedRelationship
09b1b311-8bae-52ae-af91-fb8b610518be,,LiteralInfinity,,Actions.sysmlx,ownedRelatedElement
75598ec4-38ea-5df2-9105-85e7c1d0db78,,OwningMembership,,Actions.sysmlx,ownedRelationship
1b14aa51-f254-5242-be9c-e74ba95c6c8c,assignmentActions,ActionUsage,,Actions.sysmlx,ownedRelatedElement
66fb5d75-d4da-5e4c-99f2-8584165e78ab,,FeatureTyping,,Actions.sysmlx,ownedRelationship
5e45c02f-446f-5d10-8400-a2a72d1d06ca,,OwningMembership,,Actions.sysmlx,ownedRelationship
f68ff539-8d81-565c-8105-62db2561b836,,MultiplicityRange,,Actions.sysmlx,ownedRelatedElement
358aec7b-132c-5adc-b5de-2b3e74ff4806,,OwningMembership,,Actions.sysmlx,ownedRelationship
681610f2-870d-5e0c-84e9-1a9bf0bd3de1,,LiteralInteger,,Actions.sysmlx,ownedRelatedElement
e66332a5-2705-54fe-ad96-42046028a2de,,OwningMembership,,Actions.sysmlx,ownedRelationship
7d0d211c-48c9-5d92-a421-cd6f0df87e97,,LiteralInfinity,,Actions.sysmlx,ownedRelatedElement
fc8c0331-726a-5ef8-9f1b-b2126ba63eac,,Subsetting,,Actions.sysmlx,ownedRelationship
5075f1f5-3314-51f4-9ff6-142c8e12bd75,,OwningMembership,,Actions.sysmlx,ownedRelationship
21849c0b-052e-5361-9e6e-f6a34878fc11,,Documentation,,Actions.sysmlx,ownedRelatedElement
dbe39657-08f4-53b6-a9c4-da8e8970fa0a,,FeatureMembership,,Actions.sysmlx,ownedRelationship
b5a83421-c8a1-5d9e-b7ec-4a415b52ee85,target,ReferenceUsage,,Actions.sysmlx,ownedRelatedElement
d7687322-4ad2-5d11-af7e-9f6d636b9a0a,,FeatureTyping,,Actions.sysmlx,ownedRelationship
70f0e3b4-6d60-54ce-b89a-1c6814670c20,,OwningMembership,,Actions.sysmlx,ownedRelationship
380b1d31-2214-55f3-a4e8-c379cb66260f,,MultiplicityRange,,Actions.sysmlx,ownedRelatedElement
4d577c31-1cfe-5ae5-a904-ab48c718f55f,,OwningMembership,,Actions.sysmlx,ownedRelationship
b615fb99-3188-54e9-b253-3f87a3a31cc3,,LiteralInteger,,Actions.sysmlx,ownedRelatedElement
b09709fd-90f5-507b-8026-0ed9baed1932,,FeatureValue,,Actions.sysmlx,ownedRelationship
523ecbe7-d19f-5d29-bd01-39a36c49f7c3,,OperatorExpression,,Actions.sysmlx,ownedRelatedElement
8eb5d5be-a991-56c8-8e6c-8bae6bb7c4dd,,ParameterMembership,,Actions.sysmlx,ownedRelationship
95d950c7-f1ba-5c55-8231-ce8f2472e2a3,,Feature,,Actions.sysmlx,ownedRelatedElement
9f04cf1c-52fd-5f54-b573-f6b0a2e9e4fd,,FeatureValue,,Actions.sysmlx,ownedRelationship
f20f53f6-36e2-5c5d-8cd7-2ffa878e8966,,FeatureReferenceExpression,,Actions.sysmlx,ownedRelatedElement
e2b93350-b8ea-58af-9789-1beb20a4a3d6,,Membership,,Actions.sysmlx,ownedRelationship
a6172327-4e94-5540-b8d1-6c906694eee0,,ReturnParameterMembership,,Actions.sysmlx,ownedRelationship
f6331e9f-f622-5587-bfbf-85d6d7d8ab4a,,Feature,,Actions.sysmlx,ownedRelatedElement
2396eb83-6bb5-54f8-be14-8db9a19cec56,,ReturnParameterMembership,,Actions.sysmlx,ownedRelationship
af7beecf-a6a8-597b-8641-ccba6e03dad1,,Feature,,Actions.sysmlx,ownedRelatedElement
ab09be4e-66af-5064-bc5d-f2b993899ae1,,FeatureTyping,,Actions.sysmlx,ownedRelationship
dba66732-08b7-5f59-9b5b-8fa31aea4a32,,OwningMembership,,Actions.sysmlx,ownedRelationship
33a47099-5b24-5638-b7a7-2a69944d40ba,,Documentation,,Actions.sysmlx,ownedRelatedElement
ed6d8847-6268-5b41-8b85-b60092b1a0be,,OwningMembership,,Actions.sysmlx,ownedRelationship
86c380e3-fb78-55b3-975d-413bd2a3aa0c,IfThenAction,ActionDefinition,,Actions.sysmlx,ownedRelatedElement
146850bc-2147-540f-adde-8e5a71365783,,Subclassification,,Actions.sysmlx,ownedRelationship
b86727d5-3184-58dd-83e5-7c3e912fedef,,Subclassification,,Actions.sysmlx,ownedRelationship
d680a40e-529f-5172-adef-3cd4d6ba5031,,OwningMembership,,Actions.sysmlx,ownedRelationship
03afd0d3-dfed-57d7-9b8d-e3b916d3f1c3,,Documentation,,Actions.sysmlx,ownedRelatedElement
116c9612-6523-59b3-b8d8-81b989a557aa,,FeatureMembership,,Actions.sysmlx,ownedRelationship
cbac3309-8b22-5851-8adb-fd210d990d99,ifTest,ReferenceUsage,,Actions.sysmlx,ownedRelatedElement
220cbc0b-cb5d-5c91-a17b-0e8bef168530,,OwningMembership,,Actions.sysmlx,ownedRelationship
6aaaedfe-ea84-50a2-b04b-4edd85d5390a,,MultiplicityRange,,Actions.sysmlx,ownedRelatedElement
69fcc31a-65eb-5e17-9f5b-d980eb2c6d51,,OwningMembership,,Actions.sysmlx,ownedRelationship
1a0d8bfb-e0d2-5447-b78b-bdd8faf9de59,,LiteralInteger,,Actions.sysmlx,ownedRelatedElement
924c823c-0e53-5d23-b0a6-1f0685fadbc9,,FeatureMembership,,Actions.sysmlx,ownedRelationship
75e16812-c1c3-50f4-8f17-a07a639fdbda,thenClause,ActionUsage,,Actions.sysmlx,ownedRelatedElement
101e4798-750a-5c84-a6ad-62226dd54900,,OwningMembership,,Actions.sysmlx,ownedRelationship
8bf3b401-497c-5511-8c2a-7e5c5cdc9218,,MultiplicityRange,,Actions.sysmlx,ownedRelatedElement
02129f49-9dd0-5cf4-a2eb-c5391b1da71b,,OwningMembership,,Actions.sysmlx,ownedRelationship
330141b6-6d94-5758-9b7e-54eddb277991,,LiteralInteger,,Actions.sysmlx,ownedRelatedElement
d657e49a-4047-5aab-945d-97cafdfc7aad,,OwningMembership,,Actions.sysmlx,ownedRelationship
32d110fb-00b3-5fb2-aae2-f5c479d1bf3c,,LiteralInteger,,Actions.sysmlx,ownedRelatedElement
5699db48-a525-59b9-ad4f-5f214102d631,,OwningMembership,,Actions.sysmlx,ownedRelationship
fe23868c-9461-522a-b59d-c13ecde2616f,IfThenElseAction,ActionDefinition,,Actions.sysmlx,ownedRelatedElement
accf8a33-580e-5e5a-b111-4925d766e3c8,,Subclassification,,Actions.sysmlx,ownedRelationship
3460173d-3bd9-51c8-b7d0-8528158ed86b,,Subclassification,,Actions.sysmlx,ownedRelationship
5388206e-4fa6-589e-a4d3-70f5275ff172,,OwningMembership,,Actions.sysmlx,ownedRelationship
008f3501-a818-535f-b280-1d7260c2a9d3,,Documentation,,Actions.sysmlx,ownedRelatedElement
50f4a201-b87b-5e71-ae46-c88f49465569,,FeatureMembership,,Actions.sysmlx,ownedRelationship
7512548c-daf2-553a-8fc7-bbdc2532bf73,ifTest,ReferenceUsage,,Actions.sysmlx,ownedRelatedElement
4d16dd9b-49f8-5b9b-8d1b-11d09d646450,,OwningMembership,,Actions.sysmlx,ownedRelationship
e4f954d1-6c26-5faa-9df7-be4b9f59bfe0,,MultiplicityRange,,Actions.sysmlx,ownedRelatedElement
bec2da05-1627-5e22-ba6a-9743b066697a,,OwningMembership,,Actions.sysmlx,ownedRelationship
15fd5881-1cc0-5817-bb21-b270160a223b,,LiteralInteger,,Actions.sysmlx,ownedRelatedElement
2c4be8d1-1deb-5edc-afb1-a125cd43408d,,FeatureMembership,,Actions.sysmlx,ownedRelationship
e43901d2-7dc5-5ad7-bb84-7a8868525dfe,thenClause,ActionUsage,,Actions.sysmlx,ownedRelatedElement
82024668-10af-562e-a0af-d2f52c14f2fe,,OwningMembership,,Actions.sysmlx,ownedRelationship
264923c3-daad-5184-9ed9-b71cb26d0890,,MultiplicityRange,,Actions.sysmlx,ownedRelatedElement
6873b0ac-8c2b-56f4-8dad-2087e4e0b3c3,,OwningMembership,,Actions.sysmlx,ownedRelationship
124aba94-3732-5d10-bf38-e9ca7aa8bd0b,,LiteralInteger,,Actions.sysmlx,ownedRelatedElement
5494a7a0-1dcf-5a06-b2b0-4fcf3451ddf8,,OwningMembership,,Actions.sysmlx,ownedRelationship
9184d643-6624-55ff-b61a-1cd3b7632d12,,LiteralInteger,,Actions.sysmlx,ownedRelatedElement
de709407-8999-54cf-9069-1103aed4765d,,FeatureMembership,,Actions.sysmlx,ownedRelationship
0e864641-5b69-50c5-90a1-d14188ef33fb,elseClause,ActionUsage,,Actions.sysmlx,ownedRelatedElement
c751d2f1-8d99-53d0-bef0-ec8171bc6587,,OwningMembership,,Actions.sysmlx,ownedRelationship
fc400a77-ad59-5746-8fc4-aa7c8368cfec,,MultiplicityRange,,Actions.sysmlx,ownedRelatedElement
42850c34-1d56-51fc-8109-43eecdeb9cb4,,OwningMembership,,Actions.sysmlx,ownedRelationship
980819e6-7bf7-5aac-9246-99c05d6a0fcd,,LiteralInteger,,Actions.sysmlx,ownedRelatedElement
cd50736e-e691-5abe-9c42-6396bf8f6f97,,OwningMembership,,Actions.sysmlx,ownedRelationship
ae23b401-8a2d-5d0f-93ed-d62c6f6b0653,,LiteralInteger,,Actions.sysmlx,ownedRelatedElement
d6c576f5-50a3-5767-99ec-83f36b9e6f4e,,OwningMembership,,Actions.sysmlx,ownedRelationship
1237bb5a-3052-5fd3-9219-3b88e36af65d,ifThenActions,ActionUsage,,Actions.sysmlx,ownedRelatedElement
3a71a175-7f78-5053-90fb-b540a0831822,,FeatureTyping,,Actions.sysmlx,ownedRelationship
f51c1dec-e5d1-508d-aeee-219d1b60f1d7,,OwningMembership,,Actions.sysmlx,ownedRelationship
c82f3170-1e2d-5d9b-839a-f8725f5bb769,,MultiplicityRange,,Actions.sysmlx,ownedRelatedElement
70e45729-317d-5ae4-879c-8618b23432c5,,OwningMembership,,Actions.sysmlx,ownedRelationship
40f899c4-5490-5762-ba63-7f6d7826f517,,LiteralInteger,,Actions.sysmlx,ownedRelatedElement
0e9fc389-e11f-515f-ad56-60c862b19a0e,,OwningMembership,,Actions.sysmlx,ownedRelationship
3333317a-7723-5669-b408-d80b3db332d1,,LiteralInfinity,,Actions.sysmlx,ownedRelatedElement
62f91c00-3f38-5a02-a5b7-5b3db8c88df4,,Subsetting,,Actions.sysmlx,ownedRelationship
c01c3d2e-38d2-58bf-bee6-9ef7c920c5a6,,OwningMembership,,Actions.sysmlx,ownedRelationship
b0ce7dd4-3c6d-5ae3-bc1e-396b957a0dbe,,Documentation,,Actions.sysmlx,ownedRelatedElement
7a78f9f3-c6c3-5221-a49a-9abd5a1d18ec,,OwningMembership,,Actions.sysmlx,ownedRelationship
38770a72-2539-5047-9872-0f6fc6a6e6cd,ifThenElseActions,ActionUsage,,Actions.sysmlx,ownedRelatedElement
c77b5e44-ded6-54e0-add9-b981a994676e,,FeatureTyping,,Actions.sysmlx,ownedRelationship
0211ae14-d4d4-5e61-9ac9-9006eca1aaf8,,OwningMembership,,Actions.sysmlx,ownedRelationship
f9735a45-ed8f-56f0-ba45-d652bced0fc4,,MultiplicityRange,,Actions.sysmlx,ownedRelatedElement
49e838f6-e1f6-5d8c-9f9f-d1c599b2000a,,OwningMembership,,Actions.sysmlx,ownedRelationship
ae7bc8d4-7de2-5ae5-8233-0bc89be07507,,LiteralInteger,,Actions.sysmlx,ownedRelatedElement
151f8c99-501d-56d5-bfc6-986be7ecb490,,OwningMembership,,Actions.sysmlx,ownedRelationship
26684b8f-ab9c-5d9b-97b7-048a2726adb1,,LiteralInfinity,,Actions.sysmlx,ownedRelatedElement
d0072b9f-a56e-57ec-b4e5-7ba6c1d14c08,,Subsetting,,Actions.sysmlx,ownedRelationship
cccc6077-d150-55d3-a57f-f3ff1f697774,,OwningMembership,,Actions.sysmlx,ownedRelationship
776c9a5a-97ca-534d-98dd-0d1d6df72f56,,Documentation,,Actions.sysmlx,ownedRelatedElement
0dacb4d8-03bf-5a3c-b9b9-f63f4a1ddb8e,,OwningMembership,,Actions.sysmlx,ownedRelationship
1db46609-daaf-546d-8d4a-8a9c6062a4b7,LoopAction,ActionDefinition,,Actions.sysmlx,ownedRelatedElement
e3669079-42c3-5246-8866-64fadfc7951d,,Subclassification,,Actions.sysmlx,ownedRelationship
bcca88f2-bc18-53b4-b9ed-6656d2c6f1a8,,OwningMembership,,Actions.sysmlx,ownedRelationship
1d641ba7-d383-5b85-b06c-a4e267297da0,,Documentation,,Actions.sysmlx,ownedRelatedElement
e36995a2-aa6c-5929-b38b-0b86865bb447,,FeatureMembership,,Actions.sysmlx,ownedRelationship
de578d72-897c-5f6d-9c6e-6d2ee0c3accd,iterator,ReferenceUsage,,Actions.sysmlx,ownedRelatedElement
8c11f73a-2c2d-5576-b90a-213b83ee2224,,FeatureMembership,,Actions.sysmlx,ownedRelationship
7ca003ec-ca57-58a3-b64b-1268adea1e35,body,ActionUsage,,Actions.sysmlx,ownedRelatedElement
53649dc4-fdd4-5fdd-aee7-d5fc611b5a06,,OwningMembership,,Actions.sysmlx,ownedRelationship
fd405145-23d5-5965-8780-e49b85c476b8,,MultiplicityRange,,Actions.sysmlx,ownedRelatedElement
22535bdf-f201-5179-9469-fe0fca46d0e0,,OwningMembership,,Actions.sysmlx,ownedRelationship
d01a1841-8b81-56f6-b5d3-e1e2367e7e75,,LiteralInteger,,Actions.sysmlx,ownedRelatedElement
d7467eb2-6687-5519-b9c9-d921441bc049,,OwningMembership,,Actions.sysmlx,ownedRelationship
d8d374ca-45e2-5b67-83ed-52f40e922a64,,LiteralInfinity,,Actions.sysmlx,ownedRelatedElement
13a1984d-0069-5c7d-b7c6-c58d0dca5c21,,OwningMembership,,Actions.sysmlx,ownedRelationship
4ec882a2-8caa-5ece-9c27-bd5be601c935,,Documentation,,Actions.sysmlx,ownedRelatedElement
6f46f247-2333-512e-9cef-042f14fe59bb,,OwningMembership,,Actions.sysmlx,ownedRelationship
b1c17b76-83d7-55eb-ad2e-12aa5e33f498,WhileLoopAction,ActionDefinition,,Actions.sysmlx,ownedRelatedElement
7ba62770-7899-5af5-8db2-b77ff6dfea5b,,Subclassification,,Actions.sysmlx,ownedRelationship
f28fb743-447b-5c79-a8bf-7b78e35ff1bc,,Subclassification,,Actions.sysmlx,ownedRelationship
08e4ea39-60e6-53a0-aba9-a2bec3f6299e,,OwningMembership,,Actions.sysmlx,ownedRelationship
e764787c-cde8-51a1-ac47-a4f89f3bfd85,,Documentation,,Actions.sysmlx,ownedRelatedElement
4b028512-b910-5493-b7f9-0746293b831c,,FeatureMembership,,Actions.sysmlx,ownedRelationship
59595d9f-7fcc-5ee0-ab28-1ab3bd86b392,whileTest,ReferenceUsage,,Actions.sysmlx,ownedRelatedElement
0c77ae5e-048b-558d-928a-9b6694b890ce,,FeatureValue,,Actions.sysmlx,ownedRelationship
59eccfa6-2d2e-504c-8f09-3d00a9432e1a,,FeatureReferenceExpression,,Actions.sysmlx,ownedRelatedElement
24892b54-dc4b-56a2-8f5e-82d353522f12,,FeatureMembership,,Actions.sysmlx,ownedRelationship
b63ce0ee-be1a-519c-83c1-cc012eb57c3d,,Expression,,Actions.sysmlx,ownedRelatedElement
52308017-0073-5358-bfda-6e66f0dbe238,,ResultExpressionMembership,,Actions.sysmlx,ownedRelationship
bfb39d38-853a-501e-a000-78854392691c,,LiteralBoolean,,Actions.sysmlx,ownedRelatedElement
9ac693b5-18b4-5f5b-a983-01c5c9a3cf27,,ReturnParameterMembership,,Actions.sysmlx,ownedRelationship
5bb240da-4653-5a41-9247-6cf654b98563,,Feature,,Actions.sysmlx,ownedRelatedElement
6b960207-a4a1-50e1-aacb-70e8c69c42d6,,OwningMembership,,Actions.sysmlx,ownedRelationship
2c548f37-85f2-5515-a1cb-000da0f53a7c,,Documentation,,Actions.sysmlx,ownedRelatedElement
08fe33af-6f5d-5e37-ac5c-b6fbc9f0cdab,,FeatureMembership,,Actions.sysmlx,ownedRelationship
aa3797cd-47d4-5174-a3e9-dc4a70ad8890,body,ActionUsage,,Actions.sysmlx,ownedRelatedElement
25a27f5e-196f-560a-9254-930fa5d525c4,,OwningMembership,,Actions.sysmlx,ownedRelationship
0a232988-2a64-56ee-8268-3436cc1c14fb,,Documentation,,Actions.sysmlx,ownedRelatedElement
1df76fef-5bf0-5cd1-9356-b85a982fdab4,,FeatureMembership,,Actions.sysmlx,ownedRelationship
bd963803-339b-5725-830b-c025dad99fea,untilTest,ReferenceUsage,,Actions.sysmlx,ownedRelatedElement
05b7e096-bfcd-5e97-a5eb-7c186b3d5a4b,,FeatureValue,,Actions.sysmlx,ownedRelationship
b7d79e1b-facc-5e01-9752-e39bacce6068,,FeatureReferenceExpression,,Actions.sysmlx,ownedRelatedElement
e1ed2110-ddb3-52c8-a174-eefbb52755f1,,FeatureMembership,,Actions.sysmlx,ownedRelationship
1f49696c-0b2c-553d-ac8e-68258203277d,,Expression,,Actions.sysmlx,ownedRelatedElement
6ccba2f6-2278-58ce-80d3-dbfbcc49c26c,,ResultExpressionMembership,,Actions.sysmlx,ownedRelationship
47cc0aee-4238-534c-9c12-286fed013d11,,LiteralBoolean,,Actions.sysmlx,ownedRelatedElement
0d6d7bdd-277e-5665-b3fb-fa2d1b3cbbf1,,ReturnParameterMembership,,Actions.sysmlx,ownedRelationship
cad254d4-e528-5390-9f04-49a78d18c750,,Feature,,Actions.sysmlx,ownedRelatedElement
b7073c7f-c9bf-53f2-acad-465f98dccc22,,OwningMembership,,Actions.sysmlx,ownedRelationship
7c40cbf6-ac0f-55fb-9b2f-a0951146cfea,,Documentation,,Actions.sysmlx,ownedRelatedElement
0a6d50d5-2a4d-5373-bd20-5b796b0ba4a8,,OwningMembership,,Actions.sysmlx,ownedRelationship
5d23b6da-f3a6-5c37-809f-1761d845f65d,ForLoopAction,ActionDefinition,,Actions.sysmlx,ownedRelatedElement
8971de56-606e-5f06-8cb7-986976cfde46,,Subclassification,,Actions.sysmlx,ownedRelationship
aecb236d-df50-5d06-ba5e-287d9f235d04,,OwningMembership,,Actions.sysmlx,ownedRelationship
33cce6f8-a538-5be9-98b4-47882c8bf88c,,Documentation,,Actions.sysmlx,ownedRelatedElement
c16ca13c-65ce-525a-92bf-7eb78d005f06,,FeatureMembership,,Actions.sysmlx,ownedRelationship
14a26146-c468-547d-adf0-78b7d38fc784,var,ReferenceUsage,,Actions.sysmlx,ownedRelatedElement
50fe0192-967e-597f-98ff-67204300c080,,OwningMembership,,Actions.sysmlx,ownedRelationship
7ed7a970-9379-55bc-9f73-023782fe0563,,MultiplicityRange,,Actions.sysmlx,ownedRelatedElement
00160563-1e42-57fa-9a44-4da50b565aad,,OwningMembership,,Actions.sysmlx,ownedRelationship
29c50b3b-e024-52e1-80a3-42576b596d6a,,LiteralInteger,,Actions.sysmlx,ownedRelatedElement
4c362eb5-63d8-52a1-aa8b-6eca6921678d,,OwningMembership,,Actions.sysmlx,ownedRelationship
995fe7b7-500e-516a-a501-53898b17b2ce,,LiteralInteger,,Actions.sysmlx,ownedRelatedElement
693732f0-f5cb-5b11-8329-3659a9f308a9,,Subsetting,,Actions.sysmlx,ownedRelationship
c2ce4d74-a93d-5cc4-9531-e2be854a8b27,,OwningMembership,,Actions.sysmlx,ownedRelationship
ce3e2831-c604-5043-adbf-99779d021f17,,Documentation,,Actions.sysmlx,ownedRelatedElement
4106e551-a1e1-586f-992f-5b12e69cc778,,FeatureMembership,,Actions.sysmlx,ownedRelationship
41d30877-f576-5fe3-9334-21e360b02342,seq,ReferenceUsage,,Actions.sysmlx,ownedRelatedElement
b2bff595-9df0-5fbc-9caf-f9969ea0ed1d,,OwningMembership,,Actions.sysmlx,ownedRelationship
e92b9bed-bea1-59ae-90d0-1b4e5c600d9d,,Documentation,,Actions.sysmlx,ownedRelatedElement
f49b3e9a-7fc5-5238-a2ca-6067a2f4aa62,,FeatureMembership,,Actions.sysmlx,ownedRelationship
bec12539-3b4d-5050-8340-404cb5f436a7,body,ActionUsage,,Actions.sysmlx,ownedRelatedElement
a3bf250f-0e23-523f-abfa-6f79e0924b2f,,OwningMembership,,Actions.sysmlx,ownedRelationship
bdcad5e0-a72f-5cd2-a030-cb2d05cdbb83,,Documentation,,Actions.sysmlx,ownedRelatedElement
85c7ad33-e9cc-5316-b4a8-54889000e811,,FeatureMembership,,Actions.sysmlx,ownedRelationship
d8dd8205-cc7e-5896-af32-ec41e642e6f6,index,AttributeUsage,,Actions.sysmlx,ownedRelatedElement
977312cc-d0d6-50d1-8041-1f0dd5ed2810,,FeatureTyping,,Actions.sysmlx,ownedRelationship
1fa10673-115d-5a4b-a92e-9726d0897a52,,OwningMembership,,Actions.sysmlx,ownedRelationship
b510a32e-39cd-511b-ac8e-49fc2e2ecaf2,,Documentation,,Actions.sysmlx,ownedRelatedElement
c3395d31-8278-57f2-8152-aeb271c228ef,,OwningMembership,,Actions.sysmlx,ownedRelationship
ed2796ea-5be6-5481-8cc6-7ec7f3ed3d73,,Multiplicity,,Actions.sysmlx,ownedRelatedElement
04008981-cbfc-5432-8128-c973fdee79ee,,FeatureMembership,,Actions.sysmlx,ownedRelationship
64f58473-f6c5-5596-896b-16e43f8c0e5b,initialization,AssignmentActionUsage,,Actions.sysmlx,ownedRelatedElement
9622dd4c-4e8a-56f7-a414-5a165059d3dc,,ParameterMembership,,Actions.sysmlx,ownedRelationship
1e0798e9-7570-5d82-b887-d85ba13557b3,,ReferenceUsage,,Actions.sysmlx,ownedRelatedElement
1d0a8b8d-fd62-5d20-8948-631f53f1ae23,,FeatureMembership,,Actions.sysmlx,ownedRelationship
dbdd484f-49d8-521c-8bbe-c95551a1feff,,ReferenceUsage,,Actions.sysmlx,ownedRelatedElement
66f8c850-6697-51da-ac70-0318769a4416,,FeatureMembership,,Actions.sysmlx,ownedRelationship
e56e0ae5-fc43-513e-ae6d-fb6789e12a81,,ReferenceUsage,,Actions.sysmlx,ownedRelatedElement
e7832656-d9b9-5985-830a-2cd40743d276,,Membership,,Actions.sysmlx,ownedRelationship
cc6cf9fa-f658-5145-bee7-308fdd6625e7,,ParameterMembership,,Actions.sysmlx,ownedRelationship
7f7387df-a530-50f4-b623-0e20cc25b462,,ReferenceUsage,,Actions.sysmlx,ownedRelatedElement
ad653d01-b856-5e77-8bc1-1cc6bc549913,,FeatureValue,,Actions.sysmlx,ownedRelationship
cad80bc2-4c09-5d6c-a3da-f25d28ec710a,,LiteralInteger,,Actions.sysmlx,ownedRelatedElement
2bb15526-490a-5eda-8af8-b7662807b063,,FeatureMembership,,Actions.sysmlx,ownedRelationship
7d5b2ad2-e6ee-532e-bb2f-9d3259e5db28,,SuccessionAsUsage,,Actions.sysmlx,ownedRelatedElement
dfb9b11a-227c-5808-b924-e79b7a9cf5b2,,EndFeatureMembership,,Actions.sysmlx,ownedRelationship
5722627e-ea95-5169-859a-96761ff9228d,,ReferenceUsage,,Actions.sysmlx,ownedRelatedElement
3bc16666-8b5a-50df-a257-7e7570ec1a7b,,OwningMembership,,Actions.sysmlx,ownedRelationship
3b026f50-c24f-5559-aac6-12d716801e89,,Multiplicity,,Actions.sysmlx,ownedRelatedElement
bf63a5a1-e7f3-5363-8ed3-0fe761eb514c,,EndFeatureMembership,,Actions.sysmlx,ownedRelationship
fc1ace30-5d53-5618-b763-741072e5f654,,ReferenceUsage,,Actions.sysmlx,ownedRelatedElement
f36137ff-adf6-5c8a-93ac-5c63335a5e69,,OwningMembership,,Actions.sysmlx,ownedRelationship
708c3feb-7b73-542c-9e87-4a732f284d5c,,Multiplicity,,Actions.sysmlx,ownedRelatedElement
35e0086b-986f-5a38-92f6-eec87ccf3203,,FeatureMembership,,Actions.sysmlx,ownedRelationship
99865fa8-767e-5861-9271-52036d531c5d,whileLoop,WhileLoopActionUsage,,Actions.sysmlx,ownedRelatedElement
99323968-3df3-5d80-9882-5c16af1f9f7b,,ParameterMembership,,Actions.sysmlx,ownedRelationship
ca4a802e-fc58-5a52-bd1b-c1a8821aa397,,OperatorExpression,,Actions.sysmlx,ownedRelatedElement
7988568e-a214-5221-8228-58c2187c9356,,ParameterMembership,,Actions.sysmlx,ownedRelationship
8dc67dbf-5444-54f2-8e3c-8894b202b92a,,Feature,,Actions.sysmlx,ownedRelatedElement
0b7510c1-4ccc-5fd1-96e4-16d4ca5429cd,,FeatureValue,,Actions.sysmlx,ownedRelationship
2d4d9baf-8557-5fba-b560-aa23da2032c5,,FeatureReferenceExpression,,Actions.sysmlx,ownedRelatedElement
02c1c8e6-b2fc-54f7-a785-420509c75fce,,Membership,,Actions.sysmlx,ownedRelationship
ce1cf676-e758-5742-acac-0a002436abd1,,ReturnParameterMembership,,Actions.sysmlx,ownedRelationship
0121c529-e239-55ac-b0d8-33db8b0fd725,,Feature,,Actions.sysmlx,ownedRelatedElement
b19f8e4c-cc21-54aa-bf37-4d47ee05bc2a,,ParameterMembership,,Actions.sysmlx,ownedRelationship
b61d903a-2247-5ee6-af63-6d41dd5bf3b4,,Feature,,Actions.sysmlx,ownedRelatedElement
3dc0f872-7ab9-5b52-82dc-e2c6cca3bc20,,FeatureValue,,Actions.sysmlx,ownedRelationship
546a00ad-cdb3-57fe-af34-6b8306ca7174,,InvocationExpression,,Actions.sysmlx,ownedRelatedElement
8f3edbbb-800c-5d5f-a2e5-116ccb685fe2,,Membership,,Actions.sysmlx,ownedRelationship
fd291b52-34cc-52bc-a8e4-8b92a43a1092,,ParameterMembership,,Actions.sysmlx,ownedRelationship
df5a3a6b-6213-5ce9-bacb-2620b0909883,,Feature,,Actions.sysmlx,ownedRelatedElement
bb5e852f-a207-52c4-94eb-2348363e17c2,,FeatureValue,,Actions.sysmlx,ownedRelationship
775d9e89-7cc3-57b9-a4df-05fc98058001,,FeatureReferenceExpression,,Actions.sysmlx,ownedRelatedElement
ff94bbc7-5f81-56d5-8da7-4a37e13c102b,,Membership,,Actions.sysmlx,ownedRelationship
599d09d0-902d-5310-a586-370da04a10ba,,ReturnParameterMembership,,Actions.sysmlx,ownedRelationship
fbb02602-8bda-5ee1-8607-e78af4618679,,Feature,,Actions.sysmlx,ownedRelatedElement
abbd631e-cc83-5a1c-8914-6e4ac64c3c89,,ReturnParameterMembership,,Actions.sysmlx,ownedRelationship
8ffdad2b-b9fd-5bc1-9b87-019e81f52ea4,,Feature,,Actions.sysmlx,ownedRelatedElement
9fcad9d8-23e2-5d5f-ab13-ae9c78dac18d,,ReturnParameterMembership,,Actions.sysmlx,ownedRelationship
31c32eea-9c79-583c-a08a-597bd4e13115,,Feature,,Actions.sysmlx,ownedRelatedElement
6d3633da-3fb7-5310-a6ad-000ffec0e4e9,,ParameterMembership,,Actions.sysmlx,ownedRelationship
87874cba-b244-59f6-be08-763149120fcb,,ActionUsage,,Actions.sysmlx,ownedRelatedElement
80359dd5-4673-5ec1-ad51-36b71521460e,,FeatureMembership,,Actions.sysmlx,ownedRelationship
64c014cd-0b63-5cd2-86df-44d92bb8f912,,AssignmentActionUsage,,Actions.sysmlx,ownedRelatedElement
5fbb73f3-4267-5dd9-9cf7-1cc21d1cb706,,ParameterMembership,,Actions.sysmlx,ownedRelationship
d94fdde5-8479-5f1b-b9c4-7874d79a6efd,,ReferenceUsage,,Actions.sysmlx,ownedRelatedElement
c352a4cf-4e76-5616-a3f3-fbaacc0d3234,,FeatureMembership,,Actions.sysmlx,ownedRelationship
b2fe20a2-90bf-55fd-ab51-9301fc929790,,ReferenceUsage,,Actions.sysmlx,ownedRelatedElement
2747849f-d97d-5f0b-903b-8bfbeaed8469,,FeatureMembership,,Actions.sysmlx,ownedRelationship
5b633229-24c9-56e4-a426-10ad45ee9f7c,,ReferenceUsage,,Actions.sysmlx,ownedRelatedElement
cb46e678-c725-5057-a079-cfbc9f71de9a,,Membership,,Actions.sysmlx,ownedRelationship
e2c1ca16-47ef-5f49-9349-741945b61768,,ParameterMembership,,Actions.sysmlx,ownedRelationship
e89ae63e-2f08-513f-9c0f-793ae2115928,,ReferenceUsage,,Actions.sysmlx,ownedRelatedElement
8a1e79f2-4318-5dba-b769-d978fd935df4,,FeatureValue,,Actions.sysmlx,ownedRelationship
730a84f6-4c6d-50f3-9d33-a123e3833371,,IndexExpression,,Actions.sysmlx,ownedRelatedElement
d4bb0b96-5bbc-50d0-a1db-c55e3988d08b,,ParameterMembership,,Actions.sysmlx,ownedRelationship
ef8de977-7a3f-59cd-b241-d6a0e1a4d884,,Feature,,Actions.sysmlx,ownedRelatedElement
6473c78f-a4e8-5450-a132-e01aa43f565c,,FeatureValue,,Actions.sysmlx,ownedRelationship
11c6462c-28f7-523a-9e14-fcbdd57d395b,,FeatureReferenceExpression,,Actions.sysmlx,ownedRelatedElement
76c5ac04-aac0-5d90-b362-afa9893f1a8f,,Membership,,Actions.sysmlx,ownedRelationship
17e15c7a-a851-5806-922c-964cfcf9cf2a,,ReturnParameterMembership,,Actions.sysmlx,ownedRelationship
f58b6967-2066-5676-bff4-2a470fe44b33,,Feature,,Actions.sysmlx,ownedRelatedElement
1196cc05-3538-5895-bc01-35000b84e2c6,,ParameterMembership,,Actions.sysmlx,ownedRelationship
7641fca2-8183-5c01-8372-1a1bb9ef28a1,,Feature,,Actions.sysmlx,ownedRelatedElement
1b02a9ee-1c4a-59c7-ae81-77c4c6f36447,,FeatureValue,,Actions.sysmlx,ownedRelationship
c5bbb9e6-bbd3-54b6-a1ec-021cf8fe29e1,,FeatureReferenceExpression,,Actions.sysmlx,ownedRelatedElement
18acd811-2425-5195-b564-42a8a4d6890b,,Membership,,Actions.sysmlx,ownedRelationship
7f4c76a3-cb66-5d94-a543-3feb3b1e454b,,ReturnParameterMembership,,Actions.sysmlx,ownedRelationship
29e7125a-72b9-5787-a5d9-4f020d0d2928,,Feature,,Actions.sysmlx,ownedRelatedElement
cf0ba95f-1fa4-59be-b55d-e97f2bd9d40a,,ReturnParameterMembership,,Actions.sysmlx,ownedRelationship
3053d314-4d73-57b5-8a58-71f27fd2c5d8,,Feature,,Actions.sysmlx,ownedRelatedElement
b7cd1145-4258-5648-b185-17cb4b289669,,FeatureMembership,,Actions.sysmlx,ownedRelationship
7f96b049-c709-56a0-ba89-50f33279de77,,SuccessionAsUsage,,Actions.sysmlx,ownedRelatedElement
a3f73e32-ee2c-5df7-ab30-72ee35c9055b,,EndFeatureMembership,,Actions.sysmlx,ownedRelationship
0cfb7108-1c51-5c00-b368-ee797d031464,,ReferenceUsage,,Actions.sysmlx,ownedRelatedElement
5ef67888-9f1e-59b3-ba41-864b0ca651d3,,OwningMembership,,Actions.sysmlx,ownedRelationship
34ae7e4c-9a47-5039-be52-7aaf39bc04c2,,Multiplicity,,Actions.sysmlx,ownedRelatedElement
483145c5-0fd7-5eb0-90ba-10854fa580a4,,EndFeatureMembership,,Actions.sysmlx,ownedRelationship
2eb3808e-cea1-5e17-9325-69b1ef5d7288,,ReferenceUsage,,Actions.sysmlx,ownedRelatedElement
540b4351-5478-5b39-a90b-d04ca190f684,,OwningMembership,,Actions.sysmlx,ownedRelationship
42c40c3b-38d9-5b99-8222-9cc8af1e5cf3,,Multiplicity,,Actions.sysmlx,ownedRelatedElement
e5d61569-10e8-5b27-8b25-85ae68084890,,FeatureMembership,,Actions.sysmlx,ownedRelationship
60494147-832b-56a1-af28-30e5a6a1b9b6,,PerformActionUsage,,Actions.sysmlx,ownedRelatedElement
736ef6cd-0664-5ac5-ac93-d65ea45c32ae,,ReferenceSubsetting,,Actions.sysmlx,ownedRelationship
c6230de2-7bc4-59b0-811c-78e404ad6998,,FeatureMembership,,Actions.sysmlx,ownedRelationship
58133d6a-4a83-58ef-9633-76367ac75a81,,SuccessionAsUsage,,Actions.sysmlx,ownedRelatedElement
5916adf3-c200-514c-8b73-56a9425bda39,,EndFeatureMembership,,Actions.sysmlx,ownedRelationship
381f9d28-158a-5110-8a91-c173efd2e9e6,,ReferenceUsage,,Actions.sysmlx,ownedRelatedElement
a6548044-b08e-551d-9a8b-c5cc28abc56d,,OwningMembership,,Actions.sysmlx,ownedRelationship
6261f61e-1b43-53a6-b621-568bdfc87cbc,,Multiplicity,,Actions.sysmlx,ownedRelatedElement
52e3a9fd-ed28-57ba-8fdf-3d476794304a,,EndFeatureMembership,,Actions.sysmlx,ownedRelationship
0dd4e153-665c-582a-b1ed-2a29a9128c8d,,ReferenceUsage,,Actions.sysmlx,ownedRelatedElement
a2504cde-c3f4-5917-bcaa-487828fdf2df,,OwningMembership,,Actions.sysmlx,ownedRelationship
d00cdee1-af17-5685-a243-81ae8ca5b60f,,Multiplicity,,Actions.sysmlx,ownedRelatedElement
4043a165-621a-59f5-92dd-3eaf1cb6760d,,FeatureMembership,,Actions.sysmlx,ownedRelationship
39e34b52-70a7-5ba1-9381-d14949a0e79b,,AssignmentActionUsage,,Actions.sysmlx,ownedRelatedElement
331aaa26-8742-505b-a57d-ca534f5e6e94,,ParameterMembership,,Actions.sysmlx,ownedRelationship
24ee5fc2-2a4f-552b-9b0a-3da28b178d31,,ReferenceUsage,,Actions.sysmlx,ownedRelatedElement
1807fa78-000f-5e53-a235-4b7a62ef5976,,FeatureMembership,,Actions.sysmlx,ownedRelationship
6a00cef5-ed77-5f17-9d7b-8ed1e2f1629a,,ReferenceUsage,,Actions.sysmlx,ownedRelatedElement
448c51b4-bcd4-54d8-a3db-f06d8e245c7f,,FeatureMembership,,Actions.sysmlx,ownedRelationship
425bd555-1934-5514-8ea6-e8175e9da8e9,,ReferenceUsage,,Actions.sysmlx,ownedRelatedElement
761fda4b-397e-5c43-b0a2-fd0e536a1711,,Membership,,Actions.sysmlx,ownedRelationship
82750639-7f54-5f91-86dd-90445adf8a3d,,ParameterMembership,,Actions.sysmlx,ownedRelationship
a3f4a9e4-39bc-5a46-a4f3-b1fc468a3145,,ReferenceUsage,,Actions.sysmlx,ownedRelatedElement
b97500e3-9c02-5120-a28d-2c6b3a380df0,,FeatureValue,,Actions.sysmlx,ownedRelationship
ed37b64b-a987-52cb-94ed-d0d7fa5ee4ae,,OperatorExpression,,Actions.sysmlx,ownedRelatedElement
bf53babe-1cd7-5a1c-9740-0076f245fd87,,ParameterMembership,,Actions.sysmlx,ownedRelationship
02402990-62f1-55cf-9079-7f4bbd73c201,,Feature,,Actions.sysmlx,ownedRelatedElement
2791b8cf-b86a-5b93-88ab-d4a395a13b2e,,FeatureValue,,Actions.sysmlx,ownedRelationship
707c4687-cba9-59e3-bbe1-d065bd85402b,,FeatureReferenceExpression,,Actions.sysmlx,ownedRelatedElement
89182a76-fa75-53bc-80af-1a291779a712,,Membership,,Actions.sysmlx,ownedRelationship
911aebe5-9ca8-5afb-903e-01813c3c37af,,ReturnParameterMembership,,Actions.sysmlx,ownedRelationship
60f4e108-5571-5ad9-9e2d-e49f3e4b9d42,,Feature,,Actions.sysmlx,ownedRelatedElement
1966db95-9dfb-55c6-9b86-42e1b732be8c,,ParameterMembership,,Actions.sysmlx,ownedRelationship
7d758557-5465-586b-b0b5-4e7d32b525b1,,Feature,,Actions.sysmlx,ownedRelatedElement
cdf71224-f5ba-518e-87ec-654654f4eaab,,FeatureValue,,Actions.sysmlx,ownedRelationship
3f35346f-a3e2-5a77-9b65-38cb799d36e8,,LiteralInteger,,Actions.sysmlx,ownedRelatedElement
0b45d683-d793-5efd-82a5-8472f658b230,,ReturnParameterMembership,,Actions.sysmlx,ownedRelationship
4cc0f060-e970-5069-bdaf-f26429e9d78a,,Feature,,Actions.sysmlx,ownedRelatedElement
8997d56a-e081-5d6d-ab2e-8211c54a847a,,OwningMembership,,Actions.sysmlx,ownedRelationship
5292cd57-9a90-5695-b3f4-8a1b68d31787,loopActions,ActionUsage,,Actions.sysmlx,ownedRelatedElement
a660e343-75b5-5d21-88cc-a7f22ef3e97c,,FeatureTyping,,Actions.sysmlx,ownedRelationship
53c8243a-3717-548d-b606-96c483e69040,,OwningMembership,,Actions.sysmlx,ownedRelationship
9beca916-a9f3-5b85-b82b-f48af455cff4,,MultiplicityRange,,Actions.sysmlx,ownedRelatedElement
5e7f69f3-f1f0-5f99-8278-beb31b7124ea,,OwningMembership,,Actions.sysmlx,ownedRelationship
1a448a33-4004-58fd-8156-9321efbb88f5,,LiteralInteger,,Actions.sysmlx,ownedRelatedElement
bb30a286-ff4e-5518-831e-6ba7cd7e4cde,,OwningMembership,,Actions.sysmlx,ownedRelationship
6123775f-4d21-516b-9465-edae29b232a0,,LiteralInfinity,,Actions.sysmlx,ownedRelatedElement
8dea44d5-f680-5896-9542-11768987d5bf,,Subsetting,,Actions.sysmlx,ownedRelationship
b25a0243-a68a-557e-8b5e-a8fa79dd7e82,,OwningMembership,,Actions.sysmlx,ownedRelationship
6537d4e7-a4b4-5704-adc1-517bbbafaa24,,Documentation,,Actions.sysmlx,ownedRelatedElement
924f80c0-5ad7-55bb-986c-81b0e8236b3a,,OwningMembership,,Actions.sysmlx,ownedRelationship
b871c9d1-9df6-5f1f-8c8b-903770181ec9,whileLoopActions,ActionUsage,,Actions.sysmlx,ownedRelatedElement
05887049-af54-5a65-a8f8-1bda6f795f34,,FeatureTyping,,Actions.sysmlx,ownedRelationship
c9064ec1-7add-5d7b-8b00-6764457d1232,,OwningMembership,,Actions.sysmlx,ownedRelationship
12aad517-79ce-59e2-b506-d5b960bed16a,,MultiplicityRange,,Actions.sysmlx,ownedRelatedElement
e899c2e9-9a50-5393-bb53-1aeb2438a153,,OwningMembership,,Actions.sysmlx,ownedRelationship
c7b08d8d-32a3-5534-8b0d-dcb8ecd34cc2,,LiteralInteger,,Actions.sysmlx,ownedRelatedElement
23fe916b-7aed-5209-9421-d43af9f6e282,,OwningMembership,,Actions.sysmlx,ownedRelationship
4897242e-f568-5fd8-aba3-16cdda1204ac,,LiteralInfinity,,Actions.sysmlx,ownedRelatedElement
1913e779-56a0-5a0c-8b18-1246bd96ccdd,,Subsetting,,Actions.sysmlx,ownedRelationship
a861935b-6165-5893-8669-62ee1d31bb0c,,OwningMembership,,Actions.sysmlx,ownedRelationship
a188997d-785d-5711-868b-b0e605b38f77,,Documentation,,Actions.sysmlx,ownedRelatedElement
46a0c502-07af-5c94-9f73-f9ba8caada30,,OwningMembership,,Actions.sysmlx,ownedRelationship
3074f9d7-61af-5874-9430-ec733aec8aad,forLoopActions,ActionUsage,,Actions.sysmlx,ownedRelatedElement
f35a5331-6a18-5c17-a562-fdcf3e154864,,FeatureTyping,,Actions.sysmlx,ownedRelationship
dbb71819-54e4-5505-a6f5-f8acbb1abda4,,OwningMembership,,Actions.sysmlx,ownedRelationship
0af5007a-8978-56f0-aa0b-0d5d2cef5126,,MultiplicityRange,,Actions.sysmlx,ownedRelatedElement
0bf01a60-d377-552c-a570-852ce04b47e9,,OwningMembership,,Actions.sysmlx,ownedRelationship
97650383-c90d-51a1-9f10-42546bf0b284,,LiteralInteger,,Actions.sysmlx,ownedRelatedElement
c4a4cbd0-bb1d-5ea6-a036-5f1939051868,,OwningMembership,,Actions.sysmlx,ownedRelationship
f78b47d4-7261-5e8d-800b-043bb628dcaa,,LiteralInfinity,,Actions.sysmlx,ownedRelatedElement
c7d69371-423c-592e-8e60-ddd80746485b,,Subsetting,,Actions.sysmlx,ownedRelationship
2ec3346f-e01f-54d4-a2cb-6505e563e193,,OwningMembership,,Actions.sysmlx,ownedRelationship
25adf2fe-2e4a-5af3-8936-38a8ab6b7ba7,,Documentation,,Actions.sysmlx,ownedRelatedElement
